:020000048010CODED 1.016A
:2000000027100E28638810045575727A78667E7979782855856C6D10566F65283B3D2A42D7
:0D0020003E393A0841373F36335034330A39
:20003000284898108D0F240A929728F8200F498803086FF414033E1604036900150A4308D2
:2000500018086700170A3E080E08690011083F097D04D7737016BFC353B43214990817608A
:20007000E165180A434C4A5D77108430052A59A8050D9416045BE365220A484C565D75100C
:200090007B32052A53AC1E1A9F080460E9592903435A435877106A320A2A83080BDA128C27
:2000B0003F090A980A100E0851495E04736471164C51501073786E0816082851100ACB4A98
:2000D0000A4826562EC4C154DA1F135DB1DBA077D7DCD64712DF39441FC7E1427AD4353A2B
:1300F0009FA5F42C22B95F0E73696C846C776F106B780838
:2001040062551890A05713889A551A909E5513885C5115834F631383565D1A8A9855268844
:20012400985D208A93551A889A5D1E88935520849550139693501A909A571888A65518901A
:20014400A05713885A551A909E551388A0511583936313839A5D1A8A98552688565C208A7B
:2001640093551A889A5D1E88E95420849550139693501A909A571888A6551890A057138892
:2001840056551A909E5513888A50158355621383565D1A8A54552688545D208A93551A8826
:2001A4005C5C1E88935526849550139693511C909A5718888E5718906254138656541A906C
:2001C4009E55138866511583136313849C5D1A8A5A54268A985D208893531C885C5C1E88B1
:0E01E4008807BA843C127336052648110A9A21
:0A01F400184ECD0FB08877FA0C9872
:20020000713E03088E5A050303163F040C171A8A0808530A1D1720880B06700847171E883B
:200220000B087A045B0A139607045F107B1118881A0A5C109F0F138614086E10BF0F13889F
:200240001E046903DA1D138414106E0AFD0F268A101074081F0E1C880E104D083F10268451
:200260000D036716630C1C900F0A48089D12189018086706B3101A9016086708DC0C15830F
:200280000B166704F0181A8A10087A0A111920880B06700838191E880B087A04570C13969B
:2002A0000B0470107A1318881E0A6C10A111138614086E10C01113881A044303D51F13849E
:2002C00014106E0A0111268A10105E081D101C880E105D084212268409035216650E1C9055
:2002E0000E0A58089B14189014085306C0121A9012085408010E1583071654042F1B1A8ABE
:2003000010087A0A641B20880B0670087B1B1E880B087A049A0E13960B047010C615188869
:200320001E0A6C10E513138614086E10F31313881E046903FF21138414106E0A2714268A81
:200340001010740844121C88121072085A1426840D0367166F101C90120A6C0896161890B7
:2003600018086706A4141A9016086708C91015830B166704CF1C1A8A10087A0ADD1C208838
:200380000B067008F21C1E880B087A04010F13960B0470101A1718881E0A6C103A151386EA
:2003A00014086E10541513881E0469036423138414106E0A8015268A1010740892131C882D
:2003C00012107208AB1526840D036716BB111C90120A6C08E317189018086706EF151A90A5
:2003E00016086708071115830B1667041B1E1A8A10087A0A2E1E20880B067008541E1E8826
:200400000B087A0472111396070453109B1818881A0A5010BE16138610085310D916138868
:200420001A044F03EC2413841010570A1317268A0C105B082E151C8812105A084F17268450
:200440000B03671667131C90120A6C089719189016086706AB171A9016086708C113158313
:200460000B166704C71F1A8A10087A0AD41F208806064D08F51F1E88060858040C131396E2
:2004800006044F10271A1888190A4C10571813860F084F107A1813881E0469038E2613840F
:2004A00012106E0A9F18268A0E107408C0161C8812107208D51826840D036716EF141C90B8
:2004C0000F0A4E081D1B1890130855063F191A9016086708581515830B16670459211A8A19
:2004E00010087A0A692120880B0670087E211E88070868048714139607045E10AA1B1888C3
:200500001E0A6C10C919138614086E10E41913881E046903F127138414106E0A0E1A268AD9
:200520001010740824181C88121072083B1A268408035A1653161C900D0A5D088F1C189045
:2005400013085906AB1A1A9016086708D51615830B166704EA221A8A10087A0AF822208808
:200560000B0670080A231E880B087A04261613960B0470104B1D18881E0A6C10651B138655
:2005800014086E10791B13881E0469038729138412106E0AA41B268810107408BD1B1A88A0
:2005A00012107208E21B26840D03671604171A90120A6C083B1C189018086708471C1A907B
:2005C00016086708791815830B1667038B241A8A0B0870089424208806086508B2241E88A5
:2005E00006087204C717139606036710E91E1888190866100C1C13880D085C101D1D138819
:200600001E0469032F2B138312106E0A461D268810107408621D1A8812107208841D26840D
:200620000D03671692181A90120A6C08D01D189018086708F31D1A90160867081E1A15830E
:200640000B16670328261A8A10087A08332620880B086E0843261E880B087A045119139646
:200660000B036E10672018881E086C10771E138812086E107F1E138816045D037E2C13836B
:200680000A10630A9B1E26880B105B08AD1E1A8810107208C21A26840D036716CB191A9046
:2006A000120A6C08F61E189018086708FE1E1A90160867081D1B15830616620322271A8ACE
:2006C00010087A082A27208806086B0838271E8806087704481A139606036A106D211888BC
:2006E00016085A10901F138812086E10A61F138819046703AC2D13830E106D0AC91F26880F
:200700005567307B666978766F822E6C686E7B67796C797B035061305E796A69796B773080
:20072000846D70786F7A6B84837A682889697376728823676F766F6D7C718C6D0860534A70
:20074000237C6F757A758069777D886925777285236B7377720A58778D6D7A30846D707886
:200760006F7A6B84837A68288A7374236B7F6A6B0A5D612A6C71856C6D30846D70786F7AA2
:200780006B84837A68288A7374236B7F6A6B0A5D612A7A6D89777671847775287E6D778050
:2007A000737A647C8B766A237785722372797172085B7969767E757A236B6B7B6F30826D55
:2007C00070787B7666777888682379857E2A776E367A697E776D03513C4B2A746F7C6428E2
:2007E000787978236977786F7E30325A4B4A367C6D7D80310358797F6F822E7C68758669D0
:200800007764778B75682A836F787B778828767F8428667778766F73826D67085F3648233C
:20082000677777642A727F7D286E777D748430306771796C6F30826D70783F044E35463610
:2008400067647E712A6C7D7B366E69857C7C23307C6D7D7F7C6977778824796870862C0309
:2008600053424D2A6C698A692872857B236E6B7D76842E30766B77727368753666647D752D
:200880002A7E6D758631085D672877776C696D737D28776D83746A75648A78756F307E79B0
:2008A00077287E716F7810555A284F7A7C7F80286C76366A7A71668A6C7278305D4F564C3F
:2008C000754C49645108505F2A4D7C827D7A237184246B787179776C797E2A514D5C754C6E
:2008E00049645108505F2A4D7C827D7A237184246B787179776C797E2A5D4D5C754E5A5552
:20090000615D48564D6169510E555A285B76777275366C712A767F786B7C7F777630634D22
:200920005767505A4F61634D514B6F634703506D23487C82797C287184286E857E6B777113
:2009400079762A63535C62496A584A51585757525C105761284D887A778230717128707D51
:2009600078738271727636574A57626352474F105761284D887A778230737128707D78738A
:200980008271727630574A57625A48494B65565E08556D284D828279752873762A768376C8
:2009A000667C79737323565B576252554B5E51565D085567304F757A797A2A797C28697DC3
:2009C0007E67796C7284234A4F64695D5C496A5D5B105D61234D7C7A79822E717128767954
:2009E0007366777F72712A574F5E675B5B5A51515C69515D574A4F620E555A2855767772A0
:200A000075366C712A767F786B7C7F777630574F57674E4D5051635457085D5B254B4936D7
:200A2000676C79746F2A7C6D83786D82717E787A6F2879858228726E307666716A7B0350D5
:200A400061305250287B8F767C78757D6C826F7A2A605A54234930686E7668846A6471753E
:200A60006E0A555F36504E308383717C726D7D79886D7528605051234536676C7D7578719F
:200A8000696F7B6C085D672A4B4E2A7C7F7E77766A287F797923727C23756B7E716F2830AB
:200AA00066545430826B716F6F286F88716D686C75682E03506D234B50307E7F7671846F5B
:200AC000287F857E237770287C717C6F68283854514F2388647171752A737B28786D747F28
:200AE000872A7071787177857B31035567244D492386727A6F822A6D77768A7A777C3079B0
:200B0000787C2A7770308069716F75242D6A647F7123807F767E696F7B287C7F7F2A6F7738
:200B200081310A5D65284B4E3074747A68882366797E7E7C777436777D84307969287C69C2
:200B4000787773282B6F716D732379856F776B776F2A7C778528707977722C08533A4D30EE
:200B6000707D7628876D796B728B77236E717E6B0851484B2872857D237F737C727F837CAA
:200B80002369736F73727A82686771752A7976287A697C711053354B2A6A7F832E7F6C7C32
:200BA00078737A772377666E787F81766D6C7D6D287F7E2A646C6E7A6F8381084C3A5324BB
:200BC0006778763664756C797E7C697C7F7776307C79767C0A513C532E6A787B30786E706F
:200BE000688578770A593C4D286A8B7B28857E75717781762A838269777D83044A7575854A
:200C00007523737E2A707D76797C717F7E2A475B3B3E3C446D5B48565463494457570348F3
:200C20007C82797C287184286E857E6D777179762A546139393A44634C48577547445E51FB
:200C40000A4E5B394C3A3C3079766F6D71697630816D717B7F760547564739353E307D7EDC
:200C6000697A8A286B7F7E80687A7E084E633F3E353C307779727336667278866F7C7C0870
:200C80005A5B3946423E237A6F696E30826D707875766677788868034E633B403A3C367F2C
:200CA0007A79846F236B79767079757D7569846D7471035A563440423E2A7B6D8A28757FE3
:200CC000746F034C5D3940424228667075677023678571680A545D3B3E3A4A287A75716EA8
:200CE000234D4F585C5F5B08475B413A3737238D756C7E752A4F4D5868575510545D343E4B
:200D00003C3C2A797C71777171706E766C846A034E633B403A3C367A6D71742A6677786E30
:200D20007377837A647C797373034C59582377717D7E6D7A367176847E7F70284128797315
:200D4000717D756D74044E465836766F6B866F2A71768A767D7D304123776D6B7F82736C16
:200D6000034B857278726F7B235864306C7F6E6E7B7C287685746F064F7778837D7468283F
:200D8000685C2565787C69697E30707F7474164D777E83776F6B2C7A6F717228657D7C6AA6
:200DA0006A75237C787078104D79767B85766D307F7E68787E7D78105177717B85706A2360
:200DC0007377756D80892A6F7A7A857C08537F767675786D2A7680697071846B25687588AD
:200DE00072760C5379787B77826F2872826D64710C4B797E81776F6D367877647189706DF8
:200E000080306C7F6E6E7B7C28757D78777F0C4B797E81776F6D367877647189706D8030AA
:200E20006F77787C8F0A4D828277752675762A768376667C7F7373235359493C41483D698E
:200E40005B4D644E676459554806517A7C7F80286C76366A7A71668A6C737A305A4D4E40E8
:200E60004B423B6F574D576550495E510E4D757A8576256C713669797A737E737776365AD9
:200E80004B56483D3B396B5B4F5E526747496A4505505A36797378846B716D28415F5A41D4
:200EA0003077787A2C7770308069716F7B04525A238C72708071716F28356B5C39307F7D77
:200EC00077267B6E2A826F766A6D16515C2379856F786D776F2A33356B5C3A307F7D7726AA
:200EE0007B6E2A826F766A6D16515C23757B69697E75786D6D288C797484716F68267B7D29
:200F00007E307D6E237A77726C6803635A247E757D7976698A797A30786D647A717A2A7637
:200F2000837B68287C657A6F778F0351633073787B7D7C707173796D717A2C7A6F837D765D
:200F4000647C8576256B687777697E105761287A7B7D777E717C72782C7780758070686962
:200F60008A696903465751246F7F787E7A7782766D82307B7767807D7D30707D76777C6A51
:200F80000546446423677B7E7E7C7774826F7A30837C647A817B2A876F7A7171846B0556BC
:200FA00055632378757D6F797D7C165D6D843071717A717A7C857E7C233C1647465123833C
:200FC00068777F71716F2874857D7C10534951267B6A7475717C237F7F786D2378846E7265
:200FE0007B87782A7B6D826F6B8410555A267A772A797C6B756D8369737723796F736F7B05
:201000002A7A7D74896F085D672871752C6B7F842E6B6F77796F2573788276690C5D612A03
:201020007677442A7776307171697E6D77757C7C236B8273686E238678707F757D2A7C77A6
:20104000852A707977700353632881827D766A287F7268756883687280306D76776B812AF5
:2010600078857C7B68267C706B837308505F367B7772717D236781842A6D747779752880BB
:201080008574766B2C787271816D034B57522576777777797F300A4D4956367E7A717E7B54
:2010A000706F80287972786D667C362C686F72796E2470757A38286C777E6939104B44548C
:2010C0002C7C7C717C7B70718A2474656D7B66782C104D4B5628886F6B75797E68267D7DAE
:2010E0006F857328727E7B767778711646455A307C6F6B6D7F806D307F6A6D6B6F7C2A7F41
:20110000846D757A8B7205505A3677736E716D6D77288A6F7580757A647A817A6F30816D88
:20112000717B85762571728A23677B7E786F6B7C7B6E085D672877676E746F3074697874E0
:201140008A044A625665495861515C4F085C7F756D30726D69777C6D2A83737C7771846B8C
:2011600005576C8368236B767E6F7A28896D7C8479766A085A7A79778069702889786675B1
:20118000771651722A544D2A78778D6D7A30432877696C746F306F7E64718265676F6816B0
:2011A00051722A607E3B3838367C69727C6D23698069737C6F6A6F6D16566A76728464770D
:2011C00079822A7E6D7586286C79766E237C79772A78776F6B0868697872717777727C3051
:2011E000726F697C7F766F30766978747E085C75817771698A737723777B70732A84797995
:2012000028707F6F7010606975756F752A878071776D36656967757B76762A766B7F747CEA
:20122000165869827D6D70286E697E712E7A68697A246B64788277035A717C776D75366C71
:20124000698471287A7A737C6F30746978748A04525A238472312A7F702A7176797A6D7D32
:20126000757677286D7479737928737D82776A76238A72722A7C798108556D28717E737AAE
:2012800068756F767E307174726B81247C6C757B237179842A6D7776846D6B84756C035571
:2012A00061286D8582286674856770237A7F75682A7E797E286B85767675737C686C0A55A0
:2012C0006130816B647684697723738B6F766F832A797D7C36776E308269716F6F085C7561
:2012E000816D7728787D257A648A666B6E7F710A5A6D896D7C307281237B81717E7376084B
:20130000487A887377236C8423697F7E6D7E717784285B55493D625B4F564E6F52495749EE
:20132000164977757288236C7830707F766B8A71777E305B48413F675155626747496A4509
:201340000556484F3823737C766F6F6982287B757E7B727A0A5B4F494328756D7768257750
:20136000688373687C717E7F7A6D165B4D4945287A7A737C6F307177716E7F6B7A75648A52
:201380006C7278105D4F413D367A6D7174286677786E7377837A647C7F737303557B7672E9
:2013A00078717E797A288A6D75803E28766D787B79822E42235B5B3D3A03488875727C3062
:2013C0007378286E8B766B8479777128617A7384734B72767C6D6C5346573C383D460A4F06
:2013E0007A7A857A28797E28697D786B7E797D76235B7B726947648A64534D51433F808020
:20140000164D7A827F7A2371782870857C6B77718572254C3559567A73846D7257763637A6
:20142000285F766E03513C4B2A7D7D6C78747B24787A6C8A666B6F742A796E6E165B6B71E3
:201440007E76687A2A7F738476284C3A592467787636767A73846D72287C8528757F747DEE
:201460006F6D0A5679307E6975698369796875367068777F7C8328698C69717C716A6F6D53
:201480000A4B6B7C776A235585686A0350856C767E857C6F287C85746D827176666D2A6DDB
:2014A0008273736D676D7A045C686C7D6B772A8479766D7A77766B75306D7B6B6F6D6E75E3
:2014C0007208456984687C6C678A6B23777F737D7C7D886D28847F7723746B7A71750E5457
:2014E0006C767B65776C778F2377797C6F7C6976796D2875886B686D6E6D6E105D4B236E0B
:20150000886976786884667C2A757C7C777A165869827175687C6F7A2A83737C236B7E6979
:20152000686E768B70236F827C797A08574B283F304E46286C717E30737A757782044A753B
:2015400075857523817873766D288D69718479786A2870777C30564E237A7565697C035B23
:20156000757579822A817071826D288771737771786F2A767D7A23505624787764786F6883
:201580000A5D612A504E365C717D7579787C0A556130564E236C79736968238A68707A7505
:2015A0007C6B7C7D886D28737F77707D786B6B8477777128757677727516505A2A58502A7A
:2015C0007A6D89777671847975287E6D7780737A647C85766A23668570707F7E6D6B7C71DF
:2015E00085762875827C727A0A5561308277656973677423777B70736F826B7E7D7A7B28F8
:201600007C7F7F2A6F778108506063286C768665716C673672736F826B7E717784084E6054
:20162000652A727E6F7A707C7D7F034E60592578717A6875707C7981084E665D2874798057
:201640006C6C6F286C892E82687A7F045768767B77236C892A7A7A777D7A697D10576C7617
:201660007328777F726D035575657823708567680A547981762883776C75105A7577717A57
:201680006B7D2E6C727F7E70746467366964737C6F6E08568528698080766C6B6B7C737F41
:2016A0007C28737A7F6B776470164B686B8473786F287977768482796F28807776846F6FDF
:2016C000682875767772751651722A51394E287A7B696C893073717C6F7A7C857E7C7608E9
:2016E00063574833238A7564788377737C287B7A7A7F820A565B4D382A82736B68718669A4
:201700002568758872750A635D4D382886706983752A687A7C777C1060495028757677720A
:201720007516496F6B83722A6D7A88777A105379716E736F7F826F7C6C777E246B647882A5
:20174000777C0A5379786E717D287F798472237F7C7778772E75726C85706A23718B70657E
:201760006F820A587728777878827F7A75716B7C6F307E6975697D697968753676687E1086
:201780005E6B6A747B286F757E6F75697E71797E2E6E64717C696903538872776F737E7311
:2017A0007776366D7A827F7C035561287A718069706D84697723767B77236B74747F7B7C35
:2017C00016555F30846B756F6F7C2A83737C77717E6B2571728A23767F807A797A7C7B6CEA
:0117E0000800
:2017E400550B5B0B5A135C0B4F0B5A074C06471943064613420D3C0B460B3413380D270B97
:201804002A0B2613270B170B22071506111910061613160D130B210B12131A0D0D0B140B65
:201824001413180B0E0B1B0711060F19100618131A0D1A0B2A0B21132C0D230B2E0B321305
:201844003A0B330B44073D063F1943064E13510D520B620B5613600D540B5C0B5C13600BD3
:20186400540B600753064F194D0651134E0D480B520B4013440D330B360B3213320B230B48
:201884002C071E06171915061A13180D150B220B14131B0D0E0B140B1413180B0D0B1A07F9
:2018A4000F060E190E061613160D150B240B1813220D170B230B26132E0B270B3807310675
:2018C400331937064213460D480B5A0B4F135A0D4F0B580B5A135F0B550B6207560653192D
:2018E40051065613540D4F0B5A0B48134C0D3B0B3E0B3A133A0B2B0B340725061F191C0639
:201904001E131C0D180B240B15131C0D0F0B150B1513180B0D0B20070F060D190D07171389
:20192400150D140B220D15131E0B13091E0B1E13270B1F0B360729062B192F073C133E0D90
:20194400400B520D4813540B4A09560B56135C0B530B67075706551955075D135A0D560B70
:20196400620D5213570B47094C0B4613460B370B460731062B1927072C13260D210B2A0DCF
:201984001A13200B1109190B16131A0B0E0B21070F060D190D071613140D120B210D131314
:2019A4001C0B0F09190B18131E0B150B2A071E061F1923073013320D340B460D3C13480BDF
:2019C4003F094C0B4E13550B4D0B62075306531954075E135C0D3F0D4B0F3A153D0D2B0B73
:2019E4002E0D2515210D0C0D1508FA07EE1AE408E414D80ECD0CD10EBA14BB0CA30AA80C89
:201A0400A114A10C940CA40893078F1A8F089614940E920CA00E92149A0C8F0A980C98146D
:201A24009C0C940CA9089C079F1AA308B714BC0EC30CDB0ED614E80CE40AF70CFF140D0C5A
:201A44000C0D29092008251B2B0939153C0F3D0D4D0F3F15470D380B3E0D3715360D250D65
:201A6400310918080C1B02080114F50EE90CEE0ED614D50CBE0ABE0CB514AE0C9F0CAD088E
:201A84009807941A91089A14960E940CA00E92149A0C8D0A960C94149A0C8F0CA408930708
:201AA400941A9608A314A60EA80CC10EBA14CB0CC80ADA0CE214EF0CEE0C0B0804070C1B5B
:201AC400160927152C0F300D430F3A15450D3A0BFC0CF714F80CE70CF308DC07D11AC80854
:201AE400C514B70EAA0CAC0E93148F0C770A750C6814610C4E0C53083D07361A31083714DA
:201B0400320E300C3C0E2E14330C260A2F0C2D14310C260C3C082B072B1A2B083714380EE0
:201B24003B0C4E0E45145B0C560A6A0C7314820C820CA1089B07A51AB008C514CF0ED60C6B
:201B4400ED0EE514F40CED0AF90CFA14FE0CF30C0308EF07E71AE008E314D80ECD0CCF0EFD
:201B6400B514B20C990A970C8914820C6C0C740858074E1A400844143D0E360C410E3014EE
:201B8400380C290A320C2D14310C260C39082807261A29083214320E300C410E3614430C51
:201BA4003B0A490C5514610C610C7F087907821A8E08A214AC0EB50CCF0ECD14DE0CDA0A4E
:201BC400E90CEE14F80CF00C0608310B0316E00C0C10621A080840250810EA3303064D49DA
:201BE4000A10BB640308B57F05032FB30304E6CD0A0A5EE7160A63041008DD0B0D08AF1C05
:201C04000F08991217047004041692F60C1066E6080815CE081028B3030600990A109482AD
:201C24000308F26A0503EC6A030429550A0AB53F160ABD3D1008AA2A0C08FD2C0E08181FBE
:201C44001604AB150316E1120C10A715080896130810700F03062C0E0A10090C0308F507F9
:201C6400050382190304E3120A0A670A160A2E121008E9070C0891110E08440916042B0472
:201C8400031627050C10E10A0808E10A0810BF080306B4080A1092080308960405036F166F
:201CA400030488100A0A6008160A5F10100848060C0858100E08470816044003031638047D
:201CC4000C102F0A08083D0A08103B0803062C080A102B080308360405031E1603042310B4
:201CE4000A0A2608160A1B1010081C060C081D100E081C0816041503031613040A10150A03
:201D04000808240808102008030815080A101E080308270405030F16030312100A0A130821
:201D240016081410100812080A0814100E080D0816040A0303160D030A10120A08081F080D
:201D44000810190803080E080A10160803081B0405030816030312100A0A0E0816080E100F
:201D6400100804080A0812100E08070816040703031606030A100D0A08081A080810150804
:201D840003080E080A101108030818040503061603030C100A0A090816080A1010080408FD
:201DA4000A080B100E080A0816040603031605030A100D0A080816080810130803080E08D3
:201DC4000A101008030819040503041603030A100A0A090816080910100804080A080C10B5
:201DE4000E08050816040503031605030A100B0A080817080810100803080E080A100F0899
:201E0400030817040503041603030A100A0A090816080810100804080A080B100E08030889
:201E240016040503031605030A100B0A080818080810100803080A080A100F080308160459
:201E44000503041603030A100A0A080816080810100804080A080A100E080308160405034F
:201E6400031603030A100B0A080816080810110803080A080A100E0803081604050303161E
:201E840003030A100A0A090816080810100803080A080A100E080308160406030316030311
:201EA4000A100A0A080816080810100803080A080A100E08030816040503031603030A10DF
:201EC4000A0A080816080810100803080A080A100E08030816040503031603030A100A0AC5
:201EE400080816080810100803080A080A100E08030816040503031603030A100A0A0808A9
:201F040016080810100803080A080A100E08030816040503031603030A100A0A080816087A
:201F24000810100803080A080A100E08030816040503031603030A100A0A08081608081060
:201F4400100803080A080A100E08030816040503031603030A100A0A080816080810100840
:201F640003080B080A100E08030816040503031603030A100A0A080816080810100803082C
:201F84000A080A100E08030816040503031603030A100A0A080816080810100803080A0806
:201FA4000A100E08030816040503031603030A100A0A08081608901C1008BE120A086C2112
:201FC4000E08F7231604A62C0316A1410A1096600808EC7B0810719A0308ACBC0A1035DD9D
:201FE400030872F10503CB140303C81A0B0A8A131708CC12110845FC0A0828F30E081DD265
:202004001604C6B503167E9B0A10EA8C0808807508101962030852520A10784303087E348C
:202024000503A33B0303CB2E0A0AF92016086723100841170A083F1C0E08F6111604230BA0
:20204400031671090A10D60E0808D30B08102B0B03086C0A0A10200A0308B30505034A17BE
:20206400030313110A0AE2081608A9101008A3080A0866100E08500816043A0303162F0302
:202084000A10350A08082F0808102F08030818080A101F080308240405030D16030313105A
:2020A4000A0A0B0816080D10100807080A080D100E08060816040803031607030A100A0ACA
:2020C400080816080810110803080B080A100F08030816040503031603030A100A0A0808C4
:2020E40016080910100A03080A080A100E08030810040503031603030A100A0A080817089B
:202104000810100A03080A080A100E08030810040503031603030A100A0A08081608081082
:20212400100A03080A080A100E08030810040503031603030A100B0A080816080810100A5F
:2021440003080A080A100E08030811040503031603030A100A0A080816080810100A03084E
:202164000A080A100E08030810040503031603030A100A0A080816080810100A03080A0828
:202184000A100E08030810040503031603030A100A0A080816080810100A03080A080A1000
:2021A4000E08030810040503031603030A100A0A080816080810100A03080A080A100E08E4
:2021C400030810040503031603030A100A0A080816080810100A03080A080A100E080308CF
:2021E40010040503031603030A100A0A080816080810100A03080A080A100E0803081004A6
:202204000503031603030A100A0A080816080810100A03080A080A100E0803081004050391
:20222400031603030A100A0A080816080810100A03080A080A100E08030810040503031660
:2022440003030A100A0A080816080810100A03080A080A100E080308100405030316030353
:202264000A100A0A080816080810100A03080A080A100E08030810040503031603030A101F
:202284000A0A080816080810100A03080A080A100E08030810040503031603030A100A0A05
:2022A400080816080810100A03080A080A100E08030810040503031603030A100A0A0808E9
:2022C40016080810100A03080A080A100E08030810040503031603030A100A0A08081608BB
:2022E4000810100A03080A080A100E08030810040503031603030A100A0A080816080810A1
:20230400100A03080A080A100E08040810040503031603030A100A0A080816080810100A7D
:2023240003080A080A100E08030810040503031603030A100A0A080816080810100A03086D
:202344000A080A100E08030810040503031603030A100A0A080816080810100A03080A0846
:202364000A100E08030810040503031603030A100A0A080816080810100A03080A080A101E
:202384000E08030810040503031603030A100A0A080816080810100A03080A080A100E0802
:0223A40003082C
:2023A8000505051805050C120C0C0B0917090912120C050A0C0A0C12100A050A12060705B1
:2023C800051A43434A504A4A484856484850504A43282A282A302E28232830444543435675
:2023E80043439298929290901E10101818120B101210121816100B10180C0D0B435643435E
:202408004A509A9A9898A6981820201A13181A181A201E18131820141513132643434A5059
:202428000C0A080816080810100A03080A080A100E08030810040503031603030A100A0A5D
:20244800080816080810100A03080A080A100E08030810040503031603030A100A0A080843
:2024680016080810100A03080A080A100E08030810040503031603030A100A0A0808160815
:202488000810100A03080A080A100E08030810040503031603030A100A0A080816080810FB
:0124A8001023
:1E24AC002F363C743C2D313A74322A31357A2E2838426E442D36486C42353E3C670880
:2024CC002F740E39333823042A69233B69240C35702A2D6E23140835426C232B3A3C7030FA
:2024EC003336376E36042A31357C23293A42702A2D36487028353E3A692631363A762E084E
:17250C0028364A6A2528314A692431762A2F6E283B383A761D120366
:202524006D5555411B120369634F35100D1634373E463F3A3A28463A39304138234B643E50
:202544003A403E28232816516A64768B756D7A772A77776C7B17121059766C7A6B5F798291
:2025640079302C287C656E6F7888682434837D5D7C698A7F7B304D28286A351514105E69AA
:2025840075698369796875365069797F7C832876857E287186696C726D6A76751B120358E0
:2025A40077766670688A68762C836F7E286D887C77821D12035A6D6A76752E6D757A857683
:2025C400120D035972727279712A7F718A7228878277716D2C7579748374682884797265B7
:2025E4006888100E0C557C7C777A422A7A75716C6C747328777F727D6F6D366774676836F5
:2026040069767B7D2A4F4D586859551D1A084C74757C5342515C687586246B646C82787647
:20262400713C2A5E6D7586382851747A312649283A88333A5B283E697775718523412C3592
:202644006E442D6C3F171210554110100C57551D1808464D230E054833230D0451421714D2
:20266400084D4A171210553D10100C4D3B1D180828747B0466444646287716106B4D5C2DA4
:2026840089140871544B332B7F120A71524B502D890E0564496150297F1A0A2F6C087759C4
:2026A4004E54356C0D066D575F51336C0D0877535A47287A0D043D430A3B3908473E087176
:2026C4006055462B7F120A404008333B1665555A553B760E0C403A0A383D163A3C104138E7
:2026E40003373E083B460E3938087754585628890D043C460A6B584B692F7B1A1069534739
:20270400316C2F831808645858296928762003655C5D2F6E2D7B200A69605649286A16083A
:202724006B60544A286C20046653565977293C426E2A2D6C200A6960634B752B3C3A6E3068
:20274400336C0D0877545846653B333670302F6E1208775A5B53852D333870282F74180801
:20276400645869476A28334867243174140A6958694D6C35403A6726316C14106F58564B46
:202784007C2935356736286816106B5A5B4B8E2F3842742833100C695A635180283848683F
:2027A40025343720032971106B5A4E533B3839447C6D0D066D5C4B54337B0D0877585049D3
:2027C40028890D046D6455572D7B200A695D512D671316086B5D5B2D6715200466504B3BDC
:2027E400671116106B574E493B3A3C741D120367594E4C353E3C671520046650473B33383B
:2028040081353A3E7D15200A69515F4E10100C694B5F66150D08774A4654233B7824578563
:20282400787D7C7B8A796E761D12036752495B30337D23497877746F788A100E0C71504BDC
:2028440059285B5C5A5F62283782411514106F4E4B5B3B68120D03774950583D2F767D15C2
:20286400200A69565C502831787D171A0E69524B6929353567230D046D625D5D2D38486EF1
:20288400151A10695559512D3A4172150D083B682528671628323E762A2F363A7C17121050
:2028A400356C10100C2D6E4A2E2D671520046657483B67242F7417140869666B12107158A1
:2028C400566B2F7B14106F4B481520045768778B75716B746E7C6D7B8942283588150D08F8
:2028E40058555330617C647C8B7777686A7F76776F82442A2D802312085E5D51234B797D77
:202904007884737A3D283B68120D036D64776D786E796F7C7F756D824A28286C777B171A95
:202924000E5B6F7786694872708668717D717E737776366D76717274686C17120A637A7735
:20294400736D59737273688476647E797978286C7F7B69727C6D671514084F555E5A525547
:202964004357686B757B6C65707572766D7A23120860717A64756F7C6F822E6F68748569CD
:2029840078666B8A100D0A6373777D747F6D7A84757B23587C7770797A286871846B6A7680
:2029A400777B6F6F7E1D140A2D80163B3A3D52717728616D7C8448282880230E0546728B54
:2029C40071776F822A707D6D88284D827D71777C767D78772E6C687A36487A75667E6F64B4
:2029E4007F76846F717C366C6D82304B787C37287F7E72284C7679317772788A6C716F7EE7
:202A04002A7C7D6D79736F75836D77827E1514106269656D82706A716A7B71687C796F7CAA
:202A24007D767D287F79826C237D6F6A6F828178757D846B6A71233E68762A7D7F7D7B2870
:202A4400776A6D82306D6C762A697584777E687A36546675648368776F827D6B7C82366A1E
:202A64006D83846D6B6D7831171A0E694B4B230E05644B59646F73723B17120877504E7CBF
:202A84001D120369524C79877C39101216654D47728D7151171A0A6B5055595B381D1A08DC
:202AA4006450576D7D833F150D08774C526C717F331014106B52554C6639151A10694B5514
:202AC4004E583A1D180864506676746A34230D036B59502A5B7C777A7C1A10694C4E140835
:202AE4005C756F7A3D2859737273688476647E7979782871892869738471796D17120A62BE
:202B04007369754236577172737B23402A3570171208686D69824A28467777786F7E8169A8
:202B240077718572256C763671727E306B6D7C718C6D151A105A68697C422A5D777C777499
:202B44007B766A76235D687A7373727E42283B6E151A106E57697C6F6F84656D6C6F7E7867
:202B64003F23287C100D0A59787E6D7A84697464717A6A6D7E5F6F797570774236516E7798
:202B8400778268756F832A516D7F7F6B70844A28286C17120A527A77667379737A71775031
:202BA40023286E1D140A6C556B562D4048745B120A6959534F2D6715200466524659100D56
:202BC4000A715A5D582D463B6C1D1A08645B4E5C2F831B120369694D522833496710141013
:202BE4006B5D551520086964635C286C17120A71625610121665595A287A100D0A71615CB4
:122C0400492D89151210404003393A38171A0E383A08A1
:202C18006944464628313B446F1712087A4B5C353E39376D17120A74524B332D44353968BC
:202C3800102003674E53572F36394A6D151A106C4953572D3841426D101216685449473BE3
:202C5800671014106E595D493B6C151A106C525D4E2D6E1D18086758572969283147376846
:202C7800171A0A6E584A3B6C2D3E413C681514086E605B2D672D44353968102003675A567B
:202C98004B2F6C1520086C60564C286C17120A745E4E4E2D3E353968287A100D0A745A611D
:202CB8005A2D89151210745E4E4E2F363B4473150D0874585050284434376F1D140A6C5C11
:202CD800574C2D831D14036C5A494D3572150D0874544946287A100D0A745A5A562D463ADD
:202CF8006C1D1A0A28383E6C2A101B12036C60544D283348671014106E5A585B3B383A7454
:202D18001D14036C5A574B3572150D0874545447287A100D0A745A594E2D7A151210744BF0
:202D3800462D3A3C621D1808674C532935375B230D036E535D2F6C1520086C53562F661515
:202D580014086E54544928384479120D037A47494C353A3E7D1520085A75847F75766B6C50
:202D78006E82737B764230297D100D16515053305D7E697C8B7B7A757773767C6F7A44308A
:202D9800338010121052524C2359727878846F7C42283B6C151A105764803828537E797A4A
:202DB800687575727965687775656F797E7F766F50282D3E4270237D7D1514105B697B3676
:202DD80030477A77657B64756C75737E7D767D4228353E3C69287F7B171A0E6C48603577D5
:202DF800120D037A494E50357F1712087A4E5363357F10120A6C51357238032D40367D0333
:202E1800675E46232F742A0A2D6C23120874584D235679287A718069706D84697723707B69
:202E380070727C891714086C5E557774754C72777E15141072505077746948646F7F651080
:202E580014106E5255777A6D5575837D10120A6C525D7D6C685579726E100D16674B577FF8
:202E78006E6F4C778D76151A106E4B555E395E531B12036C585B5828334967234D58535ADB
:202E98005A4D6C2D384268170D086E554B3583150D087451482878230D036E5D504B2D3831
:202EB8004A7D151A106E504E4C2D3A4483150D087451522878230D036E5D582F6C1520085F
:202ED8006C5D582F781514086E5D6356283848705D100D1667524D541714082D8928555F96
:202EF800542A40282F3C6E30655A234530293767102003444D402A44282D4A6C2854533A27
:202F180023422A2D3E742E4C4655303E2528377A23495C555B2A42283B3C6C1D1A0A6757BC
:202F38004D582A4148282836466925353D36283140752A3D42283B363E751D14036C594BD8
:202F5800561D1808444B40243F23284A67234E533A2A42283B3C6C30544D502844282F44FB
:202F78007228495A5555253D233B37672A626F6B7A28231208745F4D51282F383D741B12D1
:202F9800036C5F475823033B67232A106E5A5A5B36394230356E233A44282F742E3B3D284C
:202FB8003568120D037A53554B303B44282D7A283A4A302F67283D422A3572150D08745473
:202FD800574B23473D232F742A3C42283B6C28434A2A286C17120A745E5A4F285C6D793D8B
:202FF800233B67235079767E6D7A50282D74305D73777E422A3572150D087454575D2362E1
:20301800687144302F6E282836285C71822A23422A2D6E305B776C7B84243F23287A100DAB
:203038000A745A5C6228626D764A302F672873767E646F7A23284A242A672363726C7D84DA
:203058002A44282D7A151210745A55562F6C171A0E6C535A5329353667363D232F832A7840
:203078007D7553282D40436E237E6B7447303338366C230E05283349672446302F7D287684
:203098008B7745303538366A2C7E6B7C4B2828384968120D037A53574F722F3A3A6C3B6EC0
:2030B800151A106C53594F6A43491B12036C665748672846356831741714086C665D4B7483
:2030D800494110100C6C5A63516D283848682A67102003685C634D6F414123140874605B94
:2030F800466C31383C74336C101216685556467C3C3D191A0A6E585B597C2D40426C286AE8
:2031180019120A745E5B467A4F3D120D037A53574F852F3A3A6C3B6E151A106C53594F7DF4
:2031380043491B12036C665748772846356831741714086C665D4B84494110100C6C5A6313
:203158005171287B230E0567536953293C436E1712087A5A5C603538366A19120A74605702
:20317800283849680F036768565631731714086C685D5B35403C671316086E626149462D00
:20319800463669100D1667565F544D2F383A7A171210745A5653552D3A4272150D087A560D
:2031B800585A4B3B3336701D140A6C5A69825E35403A671316086E63514B2838485C120DC5
:2031D800037A564751353A3D6C15200A6C63545C287919120A537A6D647A36045868773601
:2031F80023240C4F4949086C694F2D40436C2E36842D3A446633287B412978100D16675898
:203218004E353A3E6015200A6C64532D333A64151410725C472D46385D100D1667585C3502
:203238003A3E6015200A6C64622D333A64151410725C572D46385D100D16675864542F3AB6
:203258003C60231408746460552B3C3C621D1808675C632935375B230D047064573A38388D
:2032780046171210745C5A2B3C3C621D1808675C6D34353333230D0470675C4E0828166EE3
:203298005F625C084506316C0A5B0E5B036016685C554C16675B5F353A3C8015200A6C67E9
:2032B8006249036A635C56103338376C163005283348670431403D6E086C6C2F7B1D1A086D
:2032D8003A343C080A10D64A030890480553C65D030486540A0A2849160A2851100823470B
:2032F8002DEEBF660E08CB4AFD88165824FCB85A771B686729EECB60731B6E657B8C136C9C
:203318002DD7186726CF2063AE62666EBFA6BD6B0A4A244E164A245610481F4C0C482656F6
:203338000E58C64F969A1D4E83AC1B4F347B7858080896490860D34F0356CF4F0A60D14FCD
:203358000358D94B0527775F034428560A0A2849160AD0521008CB480C08D2520E58C64F6A
:2033780016047F4703167D480C10844E0808904E08108A4C0306864C0A10884C0308DE46B5
:2033980005431F5C032880590A5ACB4F165ACB571058C64D0C2C7E590E58C64F1654C84ABD
:2033B8000366C64B0C60CD510858D9510810D84A0306D44A03122358839E2E4F25BFC162D1
:2033D8000354CF570A5ACB4F2DC1D9487F1A864016DF2D4C7F4585485EE5A743F93ECF44F6
:2033F800B080074AE982344B83245449D0D2764999D29B49EF59C2450503A3560304CA52E3
:203418000032FC48493D2151063041479BCA7751891C9649CE22B5440316D3450C10724CC3
:2034380079C5164CD5DC5C4755BEAA472995B94755C0F44357BB11567E182A501EB81F48AC
:20345800911E765058E97D465EC0C84FE5ABF347EDA7054340202A4499D25F4AAC7883482F
:203478003B4373485F97BC480038C248232D89240528763603283D742A0A4B747B697A308C
:20349800105B687C2A282A104D474208230E05235065472347302F3E6C1520082D4483154D
:2034B8000D082F3C6E30333C67283B386923284A67235C1D140A2D6C442D6C3E356C032DC1
:2034D8006E282F742E2D671520042A67233B671014102F7D082D7A28151A102D333B6E1536
:0134F8000AC9
:2034FC00054C230445060316E2171690CF09BDB8DBFABDC02437851841170B0242073F1A97
:20351C00DB03BAB3C808B8B31E3F8C0A3F1717FA3C0F4C09C807BFB81E0F451764FAF523CA
:0A353C000082031610030A130A9A16
:20354800184C1510500B0308E91C1690D307B4B8DBF6B6B317458513411F0BFC3C07521A3F
:20356800CD0FC1B8C8FABBB81E3F90083A1717F639023F17C802BBC01E093F1777FAE72F8C
:0A3588000B87030817080A130E98BA
:203594009B032503BEF60212A50009192E1718FC75103E5FC8078A8845103EF877079B03BF
:2035B4002503991705F777102D61CD07AE88E2A78407C8079E88E4178207C807A68440132B
:2035D40090067702CF0F8E8AE2088A07CD0F204988071A49C500FE179EF815132B1299367C
:2035F4007702CF0F1A4B8D072649C3000F089EF80917301FC9080311BC137902C815B3B3A7
:2036140045A00AFB7C07DB07BCC04BF803F97E07CF0FC6B83E3816F57902C8159483CF02EA
:0E3634009B8A1C3798183F1F91FB37070A9896
:203644001B08030ADB03968317153A12EB00E9191B08DB0799A0D5FA94981E378C20451744
:2036640084F84A03720375BB05326825E4430AFC83090294D50794881E07411F6FF9E217E7
:203684002904CA0294A6C8F59BA01E398A184D1709014407700864AD0C3F6C1DDD3F18F8C0
:2036A4007204E59A10034A120A0A088823080812A1080305E3071EF17B0797ED1826B9F51D
:1A36C40094160300E30F1EEB11FCD6100A547D08FF5F17084A120E080388F4
:2036E0001203031870035D684A2C4837B61485DF19080C070A10411F7E48054C830381E88B
:20370000101643050A100A8A0A4CF0080A0FA1080307905C0B040EFE1CF87288743307169A
:0A372000DD040C0F0CFC44091698A0
:20372C00124CDD080CFA9B100E07925C36F415021C155F87B89B9B0A08079C5C090410FE14
:20374C00DD2863076694901A052A1826410403A605474A549B0A0837A55C2800202A1C375B
:20376C004A8C999F2CF81917CA53DF0305153F181A5F9B0A0837A55C28101128032E1A2A27
:20378C00BADA02ABDC2B66881933D7B9B34D32B0CC293F177EF80A0F1948C3104917F40FB8
:2037AC001757C3109C53B9529416033299642AFA182A2F3764943EBD0C57CA10A018C25719
:2037CC0094081633945723061332230F628EF7E7390899101007925C2AF81A0F27075B8C50
:2037EC00D1F404129E060204301F93590A11A708080F9F5C23F81A07230F5A8CBEF81513EF
:20380C00A0F302172912935F10131157D6109E14C4573F259B080A0F9D5C23F826031E0208
:20382C005B9A92F2280045FA87083C17915F121194080A0799642EF813072F03518792051C
:20384C0021F34500890A2E179F570E19A10A0307905C0B040EFE1C07588894122206BEF3D0
:20386C00091F3019B45116980A54504E94080A0799642EF813078B8405F35C155F87E410E0
:20388C000CFA441FA708080F9F5E23F81A070B000EFE1757C0CEF9A6DC0953873E4FDEAD2B
:2038AC00B852564CB824504EC51841087210100894081003945723061302230F4A8E979706
:1E38CC0034F81E1F4FFAE3079B080A0F945C04FC10FADF439E2505F3630F668E0898A9
:2038EC000A54A10A0307905C0B040EFEDD106903618703A605479B100A098E5C17FC0806A3
:0A390C008B0A05F8630766940E9815
:1639180012489603031589570B040A00830886F8610F6C8E039887
:2039300017100E0A94081003C003430A9E220A006309087C3308A510A10A030723000A6489
:20395000E8124191EA1264924116DD13699F6F0A2508A308991010091C0766DC791F3808FA
:20397000940810031E025FEA724229109B0A08072F0764E43E5894080A07E42067075FDC10
:20399000EA0E40F3126605F70C65770BF476520FE21A920F05FC0C5D7711F3769408100313
:2039B000DF0B5C155FD79B100A09E2096F0764E4A10A0307C5F8C90FA90702076903254724
:2039D0003F6D94030A0F230964FC85172510A10A0307230766047D471508A10405021C1517
:2039F0005FF738579B0A0807F018610F6CFE3F099B080A0FE8105C076CF896030315DD04E7
:203A1000630F66FE99081607C3000F059E070907630F2E4C3F35A10405021C159F07791FFB
:203A3000270A99081607210FAC0E72471C089B100E071C07AC08334A94160302E42063098D
:203A5000A40C520999101009DD106307A6149F080307EA055E029F1A94030A0FC5FA070742
:203A7000B1F7070F6909234C460B0A104A09940810031EFB036ADD2369086A099908160702
:203A9000210F288EF28719089B100E07940810D31ED21B9ABEF3099FA502FF973C97610FD9
:203AB000288E94180A05E30F42520C07621C7BF8DD6805F77711268999181605E10F44542F
:203AD0000C0752208005E85005FC7D05168294260300E30F3E5411075D207E05EA5105FCE4
:163AF0007709108FD30747098B0406F3771510034A120A0A088850
:203B08001510100C94080A07230F128C05027F5E4B0372901F039B200A07E1074A52110F19
:203B28005722F9FDE44F0C047B099F8A7D052D44941603029B100AD921D0168CC3F00BA9F4
:203B48009E0109A730A86700038C7F6E120394260300E30F3E5411075E20FE05EA5205FC27
:203B680077098A927D920B08A10405023E0626F3630F0E8E77A21E08991010093EF81DF81C
:203B8800630F128C940810031E02039A31049B100A0943F847F8610F148E92820AF9E91F03
:203BA8008A08928210F5871B620E15038C386902240898406708360A855069003A109060CE
:203BC80062004A04876B620E5603466E9B1A0805EF073C5A1909552000FDE46210FC700911
:203BE800518605033F6994130A0DE3093C521F075A2806FFDD5A0CFC7711428A03084C4A1D
:203C080096130313DC023E5A13095A200CFDE26212FE7009318A0A104A4194181001DE02FE
:203C280037600C025C2800FFE25A18FC75112A8C03084634798A1D0894181601DE023760E1
:203C48000C035E2800FFE25A18FE75111B8A030648149B200E05DC074A4E0E02552EF9F918
:203C6800E6620CFE7509148B08104C1894160C05E30F42520C07681CFBF8DD6805F87911BA
:1E3C8800FB8B0808520D08104C0994060C07459041F85C071A881203431803040C90E9
:203CA80075089A0B43606548BEA61658A5B51858054C185972039B173EA43650C55A0D5819
:203CC800B15F0D60124C055B7908981149585848D1040D539E1B0B540E540C5F75089A0BFA
:203CE80043606548BEA61658A5B51858054C185972037D173EA43650C55A0D58B15F0D609C
:203D0800124C055B79087A1149585848D10406539E1B04540E540C5F75087C0B75118498DE
:203D280005280E304629D307E7482A033C126409611CD10FEE4A1C074D19E9036E1A3F14CB
:203D480079096CA0102A05376884DFB7822508848E420C2C440EF00B44F7920A05284809F8
:023D68000AA0AF
:203D6C000557185C40535856BEA41660A5AF1258184E0A657D08390747A83450C958085802
:203D8C00B1590A53055A05597910360B43586B4AC3101A589E0B16580C54105D70083805FB
:203DAC0007F7059B70042A11770B3498182C0A394C2505FA7908BE10102A052AD1040D03C8
:203DCC009E160B043212C50A1008B10A1010368862080F88461D7B09189818260725A5A801
:163DEC00C26611908C1C0A2A52108A204CEB85080E2A46110E9817
:203E0400184C4552056FDD04481F15020848A6FC5C35124C055B79087910102A052A8C2769
:123E240007253F1DC5234BAFFC098A0A182C4411109848
:203E38000E5045606348BEA82054A0A80D6605480E65770AD90851AA3250CB580856A75D03
:203E58000F60104C055D8304CC033E665844C710125AA30D1E5A0A54125D7006C908456063
:203E78006348BEA82054A0A80D6605480E65770ABB0851AA3250CB580856A75D0F60104C19
:203E9800055D8304AE03BE160654A7150D5A0A8C185F7510B1087007BB970C3210313F232A
:203EB800188872033A1605260E32E48AA3171EFA2E02EA889E1514F8690211883F16830598
:203ED800A092053805335EA0E44687171B8A8A42122A3F0CE60946F5900A052A5205059383
:203EF800055E055D0E940C9F75074C090A32123779F90EFA461D108C7008220407250545B5
:203F180041988E520C2C440C980C0A324C0903960E579B104E0293076AF607253F17039407
:1A3F38007910260A8A1C184E750F040705280E377710560805FA52050593D6
:1A3F540070041A108C0E0A4C8309EE0F122A05357908441010FA3F091694F5
:203F70003E665844C7B0145AA3AD205A0A54125D7006420845B03848BE581B54A058086655
:1E3F900005480E65770A3408515A5D50CB080C56A70D1360104C055D8304270303A6CA
:203FB000D10FCE0A830856FA7C0F921C054A79095DA2D307C708510445F3771585180E5494
:063FD000770B529A169ACD
:203FD800920CBE061B58A5151D58054C18597203061603940E5F0C5F99085604980F84FDE0
:023FF80003962E
:203FFC000A100E985048F61394F3CA17BA148D13C11A090CE34AE81F1D08C30A87180A1D92
:20401C0029080315910405731E9D028330806A145508F61783100F272918D708EA1F1B0841
:20403C00C30C98F441489426042BE33246880928182E99201140DC3B0A960B40103E574745
:20405C006A26A73209C57137DE328A2B3F097A2697111118F9178A2B8C12972A0319D803CC
:20407C0085253A187326B022D7CCEB172308C8144C143A0B6E8699170F783A0B8627AB752F
:20409C0083398C250A21CC097E04D8076805470B732BB01A8A33972A031916040503FF6EE6
:2040BC003A067A33B01CD58AF9171510D00CC518C918C58F9F080430EF260DC70316300597
:2040DC000A109B0A08375F2A2C1A64287E080A1825910E181218B60479237E06040B25109F
:2040FC000A0CD548F8171510D00C7EF80B1025100E08D008F8131203C31A7E130A1D250AC9
:20411C004815910808802B8F02873078D790F0171008D608800303361E050A309B0A880769
:20413C005F07081A84FA94080B30E3321CDC03084306050394160303E3100A0A9908161897
:20415C00E121100894080A88E3980E0894081694DE9C03167E031A38251C0C28A708880F03
:20417C00590703327EFA85104E321E1A1924960383154C02123A7EFC830896322322172870
:20419C0094088A07530F1E3277FA910405231E1803239B108A0951072E327C028B4815300E
:2041BC00251A9B309F0883075F03054D77087E731C38251C9928A708880F59070B527EFAB3
:2041DC008550202C1E1AC925960383154C021A5A7EFC8308163523020F3794088A07530F3F
:2041FC00265277FA91240D231EB809259B108A09510716427C028B280B2825AA10329F08C7
:20421C0083075F030D3D77087E230E30250C0828A708880F590713427EFA852017281E0A0E
:20423C00162C960383154C02224A7EFC8308F6352322132894088A07530F2E6277FA910460
:20425C001E231E880A259B108A0951073E627C028B88272D251A9B349F0883075F03355DDE
:20427C0077087E030A30250C0828A708880F59073B627EFA85100F281E0A33249603831550
:20429C004C022A1A7EFC83A8162C23020F3794080A07530F1E5277FA911405231E181123F7
:2042BC009B108A09510726127C02A1080430E32A1EF40E08300A160487079416044BE35472
:2042DC003E2A8A0AA7080938E92A33080A0837120E08052CA704062BDC3823B90A10370CBD
:2042FC00080816A80810100800F807079B100E474C3B360E59339416035253542E145C49BA
:20431C00910808302B1AF337190A8A109D085209A5C50544121AA3037E40850A0848310C25
:20433C00075F1F0C830899284A111B08C30C8A3405939416034253432A145C38A708085F74
:20435C00594C27125E4985100E281E1A0633140583169203591199CB0849250CA810843875
:20437C007E080A4825140D57120C9604943343171003CA147E3A0898A7480948E93B53D102
:20439C008C084E4FD23CC73D5A3A076A924D037410F66A70261EF5371C104C2647596E491E
:2043BC000A100E08FF74767AC209F0953F0713610B0A2C49160808100C733FEC6E480A100A
:2043DC000E08FF75767AC209E1953F052E500A0A0808127544E7109810088A0C1710CE0C17
:2043FC00030816040503031603030AA00A0A912816130810100A03988A4C8A65B45C434A86
:20441C007F0809033F1D67484E65950FC8028404B8D5196904082E57F80D0E98834C905936
:20443C00AB57721A10834E5F9519C8525A5D8665EF0EFE878C0A0AA0BECCB3CD1453CF0224
:0E445C00076B6262078FB5FF475D685A08A0C4
:20446C0003080A980A100E98DD08300C871B7B17434F4A6D4A7811DC1610E714E90BDD2D57
:20448C00884C13E00F0C8110C0214EA8072043C77710290D44F998110AA012A405A3E435D1
:2044AC0013E60F08816C9F1D45943F10DD2E8877C5FA06073C019799509B3FFAE42888769E
:2044CC007D41F2079F0D46943F01DD3388749933489952EEE2338E6E92514A9946F1E83232
:2044EC0062772784B55143050CFD4605D8AF9721569913B090AA0CDE0B084620E8123A0EBA
:20450C00780408FD0D068E1227B013E00908A10E250047196BF8C9B7FD0FE83662773584AD
:20452C00940C45A70CD90B10E43467772E88B85E50F90C0346FDD8C69D2143F9CBF402A28B
:20454C00290F0CD90B10461AE2124D0E701013050DF8951727C017DE04089B0A22F33A251E
:20456C006BF3C9BFFD0993CE1C0A7E149F134B994623E4788C6C921154954119DD628167CA
:20458C0099195A9B4419F07286744B0A23F84613E48A8C6C3E0850F44109DD8A62721B90C6
:2045AC00450A88F8BC01FE13EA72817013E70A188C6D3E0810F5ABFCB3330CD90B10E46DC7
:2045CC0067774688972910FB8E172AFA000E4A113E0812444EA8072043C77710840CAA9210
:2045EC0095B30C100F34F987BA564AFF17F83FFD47044D434CBB070D4AD4770A720AF517C7
:20460C00448F4C133E080C4853B5121243CC7D046505A5A082AE3B8F0934FE873307350F1D
:20462C009B50090A0014E4794C72DD774E6CDF7B417CDD5B4874E47F67774E888A11060D63
:20464C00DD71886A8C21990923FAC052C003072743F219298A2A11F852FD6722198A79FC7B
:20466C00410852104A183A08780441103E1607136922138A7EFC4D0858104C0F3A087A0826
:20468C004612780872611604C0D3021529FC46128C250AAC8AA80AC559AF07120C9F4AD4D0
:2046AC007B0801082D03EE01DD896272209079630E88D1F807CFAB0502BFBA564AFF109CD2
:2046CC004CAE140E07A843DB05B91304C6FF7508C808250FE208DD6E69771B10E84E41769D
:2046EC00EA69436FDD5B416DE4774872E24F546EE2714E6EDD4969771E90BE5643F719038E
:20470C0041F8726F06838C7B0CAE48CC18BD51B51414059F7EB77710AD0D2007BE02DF75BD
:20472C00628523837979110AB85656F7110F4C003F0DBA564AFF17073FFD7F5D08838581A0
:20474C008503551F5BFB7CB751680E7059AF07120CAC0CC5109F43CC7D0483082015900157
:20476C00E462697921885FF6101A50F90CFC82FD7969118885737D04921405BA77A50CC5C7
:20478C0053AF0C12189F48D44B6A096877086E152B077606EA74647217963E830A50BA5836
:2047AC009731567948FF124F43CC4588117057AD0712190341F877C55F75270F6808E276D1
:2047CC00757739907FA31008BA564AFF90095B0912F40EF5BF0B8C234A1927095606D1083E
:2047EC000C113613DD4888A2BA5E4EF70CFAD2F905035B17B733290F4A086711218AB85EA3
:20480C0050F70CF8C8FD0A106609373733033A01B36443F31502C6FF08086E0B7C3F2D0773
:20482C002F049D080A0DE8215C07F6970EA5071F03940E5F4A590A6056FE0A795064437359
:20484C0079080C1E103272173084410B3E1605444CD44ADF7508530BCA084F92FC854B9105
:20486C00018F4A140CFC1704E407171643C84CE5770A3709A1122802B20005A5CE01E91FF6
:20488C0001073F0F5104074343DA43D979102B0B0A97D802E71F080703060C980C7A2E1816
:2048AC00DD601FB0150C055E43530E694A660A83981767BF8008DD6A4AB5E4794CB3DD77BF
:2048CC0075B36E03DD8B41AEE68869B96C08330AF910DECC3ED60ED83C6C10CC4CAC160E4E
:2048EC0040A3036670040610009DE714070A51B410127006B515411256C8E2152A84DF7859
:20490C0041BF928F0D01458A0808940E43C012D83F0F9B930B0149080408211315F4AE23FB
:20492C0085E382ED951228FAB802974B10F979FD4CFC0CE44ECD7008E2048710722117843A
:20494C009B3B0AFB931736FC8E5F9B1705F6480F4A0410FC43CD8304C103C50E828D1010EC
:20496C0049960087F517191050FC05DA4CCD7710BE083F1251040843430A43C97910B30A6F
:20498C00931036FCAA0812A7C5FF4B04FF8F2B089408A1FE2BD59253230497900A5A51AC28
:2049AC0016140AD47D089D06E68069BF26884CAA160E0EB2031EE2131E10132A0810A1FA71
:2049CC00230047176B16E621492F13888E0818F439320C450408EB1FFC0951AC161475108A
:2049EC0043153A0854E800DA049EE2158784742E7216851DC7C009192E13853526107F230F
:204A0C001906EB151B104908064856F845C85F768E0C2C02AC0248FC18AE48D56C618E0E6B
:204A2C002CFAAC08C9B802073CFFDF7281BB42A2101095280898A55508019B1723F882FE8D
:204A4C0080E5D0363A165EE4C72C722116849B3B0A0B9308360C8E509B0805C6480E4A0475
:204A6C0010CC43CD7239C7FB829F07044B9E0389E717320AE71D2A083E060F484A044ECDBC
:204A8C005F2FA10C25F5A50E43F80EB44ACF6428A1122802B2003F0F47080D504EFC43CD7D
:204AAC00721B900B2308A5FC0EAFCC0347060C89C30007574CAA0C12C5000D7743FD3CB8D6
:204ACC0045C9059B9EFA0B772709BD06169A5C6FD22777652908D41B4E4A4357F0048E02E9
:204AEC000E1A03040C10555EA808B63F7360F00803060C08066C31580D2C180890A5A308EB
:204B0C008D7697120DFA910755FEE710FC070C050D082E5FED1700071604059303160394D1
:204B2C008E184A69281018990011129377B58E214A5C4E750C021704E40D2E17DD0D4AB8E2
:204B4C00E42A46AEF02F67BF2608200630099B100FF0DCF63EE6B5214CBB030E4CD4770A46
:204B6C00EB0A17EC08362437190BEB17010F2B08A308F0290EFD041662B3191195B40A0AAA
:204B8C00A10A28D286CB0C000D088C1D9F080430EF262DE5B3283F0EE61A41147008190732
:204BAC0012109B0820D615020B100F32034E2A537462F7158509E65C69B93808F07267BF51
:204BCC002908DD706BB72B10E87441B0F07864B22516DD7E69BF260A442CF0741100101030
:204BEC00810D45081261BE273F2251040D533F2DDD6B13000A12860D51080C61C0273F17E7
:204C0C0045080E604A143E083654410C3E1643534616450A8858520B431020580C020B0894
:204C2C00E4884DB7B408F04544FDB1165DFD9B100B32E12A1A489832E42A0308E60A9915CF
:204C4C0056593E881DA47BC6A31A3F08BA5D4ADC112CD2FD0AB459AE03120CDE4AD57B081E
:204C6C00BF08F5F6680305CF452B270F6F09B32596E5E211EF143088BA554AE21736BFFDD4
:204C8C005FA9050D43DA70035912E9FC1608D8200AC910083F11E9FA531032EA4CAD160E3E
:204CAC0045C7701644050CE0AC07E7080C070A3450CC7008F5125EBFD00777B733034102F8
:204CCC004CBB030D4AD4770A370AF5FA371012D8A505E908010F2B073207510405F5FB173A
:204CEC00A9F813000A12E266940AB82F1907031080FABA2F170703108CFA40D30816B322B8
:204D0C00691F04097ECBB60D4415C05543DA132DC605105C43CE18D94EAA03200CA78E196D
:204D2C00770A8509F5FA0D90BB00C2310A980035E86381ABF5103203453E05BC270F06080E
:204D4C0043681CA87ED3B00C3F0DBA554AE2172CBFFD18A84EA9032005D94AD5770A9F0F3F
:204D6C00F50AF20ED22005C12707F00EED14E706C65145D5056A57B20C05132EC4FD722008
:204D8C00250FEA0694080A05E4296707E39B188605934CBB030D4AD4770ACE094D127000AD
:204DAC006F37CD860C2C4AD47B08731252F574970A1685040C60934A48111698C31014F965
:204DCC0012FC8A088813424D039885680903B75B03937E550A9A0A7256578A1B5064055073
:204DEC004A750C6910C4F9ADD1F404B29E1002B29B100BF2E1F63EEAB82E50CC43DD7708D4
:204E0C009D11103504F5162A1932191BE212010F45DA0A086AE79A0E6F1507888C24461391
:204E2C00E83381DF56C845D8701681040C3DCC0493A01C0AFE14EA8062972988E4406DE795
:204E4C001F88C1FCAB8343DA43D87710770B0A35A1122802B202DD8048DCE4686DE71588E5
:204E6C0056C845D8701663040C3D951428FAB802439017883F0EE47115081EF9AE509C93BB
:204E8C00DF6762A52003E47F69993C08F07D679F2708DD8069975C104A61DD1219FF0F00C1
:204EAC0005C68E1227C089150E88D1F807CFAB0302C74ACC4AE57B083A09183107B2C51068
:204ECC00E2124F100BF7082E2A37776FF8073F460CC7104B50C58E1533B484FE0996BEF3D1
:204EEC0009CFA50507C756CC48E57D0820090C350CBFD002E2174104DF3342132B03E4477D
:204F0C0089E9F087522B0AE47D08AB12E441893F13088E9A322441068E1820230CCF1055F9
:204F2C004A3395030E90CBF802C7A50309CF4ECC43DD8304FE03054305B2CC0A800109F590
:204F4C00162E1C3F26A8E217EA070CE44ECC7008B30D59E2C51577E2E474488DE7145008BE
:204F6C00C3000F079E0709FF80D88DC70888910405BB3F1B355E4613150598B951080401FF
:204F8C001F018308E448691F23083E081AF543053F4BDD8289CF0F0AC3F81DB8443F4B081E
:204FAC00FB0789033610C908FBC7B1FF04C23F3C3EF3090789C90D08D1F807C74C293E0893
:204FCC000A00890B2A08BE0810BCA0FE02D53F19451006FB17019608E2504E153E080EF9A8
:204FEC0048124A14DD078FC30F83BE0612B34616C5FA070795C70B90120557E748F1C60C1C
:20500C00109C43FC12B97202D71485150AA0E9070C8898FA08A0920C03980C602A189011E5
:20502C00F7ACCB04580A43722E0B4A984A770AA2568677E4210ADD66DEB713000E10810D5A
:20504C00129FB522F7C53F058C2B4ADE48ED72730A3C4C1B85339B080B08E7072BEAC023C2
:20506C0045D743FB5F630C3C0B06082E2A371E15EF19FB07E904159090FC43DC7D040B0C06
:20508C00850857F2CC0F7EF90898D800E70C540AE2331F889B100F00DC0738E6B5220412AF
:2050AC0003F91E0F200FE71739080AD450DE7008F7105EFFD00777F74C32D9B23F310C0299
:2050CC000A1888CD8A22520EE26D19FA040C69171C90D4C279B4EA0E64D2141605C74AE48E
:2050EC00770ADC106AF7CA0F84F93F10C6CF3EDC4A0D0C07100CE412E715F9B0C6D2BA26E9
:20510C008A21A110280286FF43DC4AED661C1034E217CD03C1C979ABDD033EDF8C1C0898A0
:0E512C00980A08A06469C5277E6727109110B5
:20513C003014454894260300E30F4E8451FA2A12FCB259B0131253AC0A1A7B07920119034A
:20515C00E90B317885F50AA02A1A51AE2612A81F04B98CAC8E119B000D07B3D204B2961309
:1E517C0003F6330153FF4904DCB6C652001259AE031277077D09E609DD0844030593BA
:20519C0023134A5F4A6651B52612A81204ACFB094AFC77105F1104FA10FAFD054CBA030D5B
:2051BC004AD54AE02507CC0499201007DC074E82AAAC1707D31086F845F77016D00A530F38
:0651DC001E1404D0169819
:2051E4005C4CC527764AD808E2570C0711043C126B36F7520AA00A0A25088E0F0A5850594B
:20520400E2002708130FDE1072172904332B4B55E2021F90411270F882FB442858391102DA
:205224004AFC7710C90F57F8584347F3770685027602DEFCD01C934A0C9092FC0398523734
:1A524400CC0F7AFAB3FA04F6392BBE060012130FDA122E17C2000A92109AC5
:205260002A6093B416218CAD340D8EA9371FDD0393B746138A181FB2202988168CA81621D7
:20528000822186127B13B013FD0A7B1E5B10952F10FC801C9810485C8B0AFBBB4A650005C0
:2052A000E8490CA8440D830BBE0602027EBAA5090FF83CB7801C6813F902E46F13B0421107
:2052C000410BEA4B8307DD177B0C462D62197767318860240600DD4913A83E196D171788DE
:2052E000EA0A7D0C8516A3620C1F3C6911A946111701101A92F90AF900066611C507880D02
:20530000C743FF09DD03821E0CAE750831117E35EA377B1671B2C9BF6616E2172484408392
:2053200003165B122028880EE2338E16441B4B0A040815171A0117A83B11BB0487128CB6A4
:205340003B0C621E951928FA8E180AB419AA2F11B41893B03A1170080D0CE40517169403B7
:205360000B08E30930EA6E15180F1829313E9B080B08E7073B284C209603040EDC02463048
:2053800046210AAC83080018EF0C23089B080B08E7072BEA681115020B3531399B100B027C
:2053A000E10716384415A10A0400E3070E40060F5B13D8437D0EBEA6020315B046132EF8A1
:2053C0009FAA44192D08F607641C0006E8490CA84A0D6412429657B39BAF28FA9707258B21
:2053E000E2108819F98D641413B01221ED189FA4091C5B27AE1C449F6215CA478E156019E6
:2054000006FB5B153A2C621BD0277B136E0D0EA32F1F45F4CE20CC1A91A8421343D009077B
:2054200082951108E4744D000708F007410C3E7602038B9F0F0AE21255020C10EA0A7B1959
:20544000641B13B03A1145F89FA4310C2016B2050EB453AE1212830A551812324CB51E12BF
:205460008C1C17B50D1161D106F38E4523F6EB1F6E0A51B63114E71F64087E061EFCC5A040
:20548000A7F19EA6FFE74EA515208032189053B922125FB8231AB07A0CF64BFC93F04DFCF5
:2054A000FF34D1D4D11F0CB60D0DA7D1E61D51AC2014532051487006291093B21C110CA8BB
:2054C000360DE4031B960CA41A1975FA6916610549C05B0804073E08801D17A80F219FA42E
:2054E000250C4ED3544455B414147508191291B21E110CA61A1175006F164E0817053703F4
:205500008E16060495F049FE11A83E13CA2099A82B0F15A8141959C804088514BB8285210F
:205520003F0815FF0B0A2C075FAC231A113623FAEB17030F4A274ED217F474321E167E0410
:205540001E04550449089FAA16195BB804067B081B1017B211111FA42D0CC5068CA434190D
:20556000550449089FAA16195BB804067B08FD0F90135B15A1730BC50CB6270D02D5E45065
:2055800011A94A13862519A8270F64124C0066158E671CD6FBD8DD5B0CA54019881CCA1893
:2055A000E40DE2104C0CDD0D17F88A011EAA4C36280E41157E1615F8570A4B4A51AC24148A
:2055C0007510A80F053015B71819591704F948139012060627030D0E2AFEFEFF5FAC231A35
:2055E000113723FAEB17F20F4EF70CF7160CC76237053F1755BF1C1409F746FEFE0750F74A
:205600000CF54BFCCC2F42F73F10F03539F25B20C523841A53F90912F04311F0101042155C
:20562000F787930B4DF84CAA280E0632230AF9FAE64013FA08107519FE8FEF151686E64D4C
:2056400013B042114116F5105483DD5C62135810621311A83E13471F150805150BE74E107F
:2056600057B715126E0FC7227B21F9DAE65513AA3C117519209019B7150E82FB53BF2112E8
:205680000C07160CFBF85B25B127641980FE6013D829801B68110CA638114C0097A82F1141
:2056A00052230EA3271F0CB31E1880FECAF85FB91B1A1907030E02FB621F3C2C5B13D8237C
:2056C0007D0E85173F0F150F0A12FEFB6E193635C0275B11CE27821BD01942090C835D0E17
:2056E000C5653F6702D6E45011A84A13671F2A885B100B2710106613C5278E0F410A5B20FB
:205700000CA438194CFA91A84213601906FC5B157B3757106613C5271FA4290C45253F4961
:2057200055BF1C1411A93A13601A0F2709066413CC2F86133F1B6E0E0EA32F1F45F495B001
:20574000361311A83E13110F101079F8BC2795112EFAA5F9D8F4E403FB150C030C1880FC84
:20576000FE1C6E19773F33085B11CE27821B66123567520B0EA32F1FC51495B03613CAF9FF
:205780008C250A00D2070216038746166613C5278E0FC7F4B3357919130F0A12E7170E07EF
:2057A000601F3E2C5B134C27821B661879066E131B06791157E2CC2F7EE911AC4E1148D486
:2057C0007D085D0DE408821E6617721735845D150CB62F0CAC1F821C60172C0A931F30FA2E
:2057E000895795170C004A1557D8D81479D3050A43C777104B0F11A81E21CA0099A80B2122
:2058000013A812290D18F5876E127BFC57F5C5227EEF13AE401156CC75103E0DDB0FC602A4
:205820004A044ECD7008320959E2C55577E227100B0C601C0CFEE25119A837116917D190AD
:20584000E8390CA81A1DA7123E86040313B12E138E2921188820CF1930088C0A89111708AC
:205860008518251415030CB9330C3013803C8A1AD1F8071FABF80217CCF919200E08BEF81E
:205880001523A0F40235C913003513AB38113C097E2619A93311B00993B13E110CA8460DAB
:2058A000C7138CB6330CF9800F0AE2088E14E242CB0806A85ED8CC4082D805AC56C87203EA
:2058C000DE1A0CA33E19957A094856CC7510E40C05FC4ACC7710DE0C5B110CF75D12313FFD
:2058E00057E2CC2F7EE943E8184848D47D08C70CC5880BD06614922716B40EA4271F57D3C7
:205900004C207EDA442118ACE71C2108C5D40CD73C6F1D0303F82C1390120656DD3C895FEE
:20592000100A6015A177240052FC43CC7708AE146611C5078E0D5D0C0235EA82621D9509F7
:20594000084856CC7510A80CD19045D80C504ECC7008A808375B3F1C3EB30C504ACE7508B1
:20596000A10C6023D23757D84CF87EE0E8080CA8221D06A3030C2FF753020E14E212C6FA31
:20598000081010084E00AA09AA4F79F8F30816040503FF126EF3DA10950B0BF84A37E21AD3
:2059A000100803085500AA91AE476EF8068C05030316FFFF7500DA92E710F80751B4141226
:2059C00043CD770857142B0838096E11906209984CB21C1AE9121F88F04D11B044116217A5
:2059E0001C089570149AE211BB84DF496225A50313B02E1311A93E1147201508052709E79A
:205A0000A31017B715101FA42D0CCD268CA332198004E26F1FA83C194E0BDD4F880C6219F2
:205A2000D0077B116AE3C72277F50CA71C18804E51B729124413CB0806484ACC77102A0C1E
:205A40000C07160CFBFD5B25B12B62198008FE8DF04D11B0441181115EE7CC2F82E73EE87B
:205A6000184445C770160B078C19462311071610FE086817B12E008DE45517A83711941203
:205A800059E2C53577E213040A127E4BC6274413CB0806484ACC7710FD0BC5216E0D44FCD1
:205AA000EA9557E2CC2F7EE96015A5E7175150CC7008EC0B621AA000118F51B4074357E690
:205AC000C5137EE046113A606AD8CA2084D83ED80C484AD47B08D30B6AD4C71377E63A0B74
:205AE0007210E414080816085300B008A34775F8EA100E08030812009003065643C77710EF
:205B0000C50D3F107E085CEFD22777E7E412AA4F0E08030861F4A5036E06E3030A100A0AA7
:205B20000404A1090B5050CC7008B00B271090080CB03E0D041B0E1657E2CC2F7EE9C3088A
:205B4000194848D47D089B0B46235EEFD02777E71FF8050B7959B3224613C50A0B4856CC27
:205B600075109A0BF9A2E44E13B04211410E6E0D90122318A5128219CC020720FE87FEA8FF
:205B8000EA500CA83E1148141707031086F75D0CF90A5B12793F580A5CE7D8277CEF4BEAE9
:205BA00005484ACC7710760B5B124263411157E6C5137EE0C50A0B4856CC75106D0D0CA8AC
:205BC0002E11CC0097A8271119A4290CE21615030C00CC0907180387441C64E9C5277EE7B9
:205BE00013040F0843CC7D044C065B1FC502821962137EFD1F070818EF19F40700A0E456A6
:205C000017A837114E085D1272451703E44046175CD8D8187CE012FE43CC7708371317A83F
:205C20002711D2F48EA3271F0CA32E19E90AFA076E1A11B03C13A51746125EE0D01877D8E4
:205C40004B04074343DA70032113CC0907270D870810109A43578CFA5E0F8406CB2C7D04FF
:205C6000F405E2080D035E0FCC097C07DE2708106409C5277E070AA0EDFC11086453C72225
:205C80007765CF440A105E09CA078A071154981320080C0B0AA010514364125E4552057EA7
:205CA00043C72A204A777508E10A991011F2DCF632EABA2E4A0F57D8D21479D343DA70039B
:205CC000C9120BEC082E2A371E15EF19F9070C2C4AD47B08E40A0689C0F302A59EFB099F2F
:205CE00093B20C119FB5901999B68F1153AC0E1A6ABA0530920FDF304199DD2E88960C9582
:205D000051AC1A1264B81232DD3869972410E8514190EA524390DD7F4187E47E4893442BC8
:205D200018BC51B414144CAD0A1266644A2C05BC59A8090D4CBB030D77108D0A44245FAC8D
:205D40000C1A6C93DD80482BE4688C3105BC59A8090D4CBB030D7710AA0A4415182C51B479
:205D600014145F930CBC53B41212058D59A9050D701631040C38E9123488D3173210EA7C28
:205D800062A72588451016F929B786FA870357C54E121B01462643081AF92E0A86B28508A0
:205DA0005EB7551F1FF98C07100E4115851657B2551F1BFB4414F05A86A764AE70088A0E1C
:205DC00093024E113F0DEA6A839657C577020C920A9A281056540A58506794080BF0E3FECC
:205DE000463843CC7D033D02053F0CED0B10E9141D08A7080908E9092BEA0B010A061627BD
:205E0000313D1298720341193F050CA26934F387F071130A20FBED120C9C4AD47B0731077A
:205E200086A7871503A68EDB0C02200B970717F883100811A9177EB78C1282E70398300C22
:205E4000454F437394030BF8E3F8084856CC750F1309053713F00B10ED101408A10406FB58
:205E6000DC152BE51A0F121A77381C080A047D0A0C0B460A0C026D30EE8712F845C7701542
:205E8000000180938C1C0898F009A31F080177B78C0A7EEF0E988511A10406EB852EDCF15F
:205EA00032F20CA4281098137CB412A643540CA54A6D10A6B32650C87202D11405321AFFF4
:205EC0001EFA97082019E711370A851079580F10991720F84C0E7433091605F77710DC0CC1
:205EE000440A18FA93A22AFA3A1772F8105CB404C55547116DD33E160553696D158A0ABC71
:205F00008308D6125B1664F975172BC210A58514B2B241D53EF60503881400AD8A5252D478
:205F20000AC412DF7008C60A551C6F096E08314607E87016B8050C3945DA0A086AA9671151
:205F4000148A6AA1C9A7E9184A883E08170443083E160803691F3F8A48CC8307850E12397D
:205F6000851245D80C104C0C3EB818048309051043C8790F7B080A3798228A1D12E3BEB625
:205F8000D8D4A5DCDAC83F1618BC84D00B1656B12C1095192518211A08E050CC7005680644
:205FA0000C3F1EF717F98555F6023EE605046B1A0D8A3A65189E0AE57D0875080E310C04C1
:205FC0004ECC77E183035F01059803940E599B0A09F09814E1FE38EA85214C548510208CFC
:205FE0004365C622410F85218E092910550A4909819469B050CC70053B060C350FED03FE5C
:206000002AF47453F515DD326B6F248AC3D8E206A3DFECFB05FE48128C1B990D20086104D7
:2060200046046E1E64AE57084B8A48CC83091C0E122D04EB0CFE1E007D58F307F03183961B
:206040006AC0C2B3EB1B578AE26D545EE2556F674B864CCC770F0E06052D980DDF30416999
:20606000DD2F8A660C6348CC8309FE0D122D85218E14C5C0DA949ED0E284411185218290B2
:2060800014105DB62808A10F25201B1803C64CCC770FF005052D17E905F917157263FC0FD9
:2060A0008C5B99081702E10F30384C0520129B100F30DC2A1E344E251720A358E611192944
:2060C00018F855061210B204DD338A9B5E0F4A0A573761FE46A3C507B3D3BCD2064A0A5C1B
:2060E00056CE7CEA7D07CD030EBA0AA02E1043575E33C7026F080C03DC18B80F9E48C20233
:206100008A02109894160C35E332528280371C844E271720700450103835503AF5FC0D109B
:2061200092076FF90C988C2557B40312520F4D23111C43F879103E0A1107E612D02C1008BB
:206140004B3B15FC5C184ECC7008FF04D327995685F6481D002E9E2898FC4419425A6B28C2
:2061600015C80B1045086B28C426F9FFAF0E03944C5F4AFE75082A0A0A381907D30E3A4CA4
:20618000D2247B088E091FF8570B7016F30497128AFCF200F00AB408128A03968E124A5FA4
:2061A00010B10CF8E60C74232296CB200C105239D6FBA823442464F883C717188A90CD2067
:2061C0001208188945C70C0A550C7910BF0A678A1D0A8A0A1907D30EA248B6080204DD08EF
:2061E00082F641084B5521F78E0972437EA6189F11046210851C7908B610EDFA0A8898FE81
:206200000E02D31E9944B8080CAC0898D24E64D712303F198E109B200E05DC075A7E4EFF1F
:206220000B504B331A044AFE64C2BC32510F241204D52CFCE91F0507058A1694D952BF0A33
:2062400043F8290FDB01D44996FA54528FF8098615FA0B10FA49039898F60593436543600D
:2062600048144ACE75081E0A11041108E20A07070A100E98D757D2F945F72016DF450CA0E2
:20628000D64B88F8624C87000C0737FAD849BA2FFA490398EA53C1F8430A2003BF070A9A2C
:2062A000E7FC1589D451C007EF470C98C5E0F40C94181601A0631F1A1C034C8A459A0B1BF9
:1E62C00019191201690743809B17293049F802FF3CF605939426030165044A8408989C
:1662E0000A5F7D08DE067907790710FC70071FF407F7201509F410
:2062F800154AC829160A08A0A1080303E507EAA3E80B2FFCFE28AD677016490415021212E0
:206318000898A70A080DE907E399E60C3604368CEB3C7E4972033B164B260CA09B0A080522
:20633800EF09E8A3EA0D2FFA348CF244764D700841044D2503A694040A0DE309E89BF00EF5
:206358003404388C2B9E93FD14197B0820085E26059394160300E30FEA9DE20F42FC3094C3
:206378007D08150813FA12180E9894081601DE02E3A9DD113604F22E703C83080D10582A49
:02639800039868
:16639C000A100E98DD0856534106270AC522496F0809484A169835
:1A63B40050570C070B08E91F0C07B3071F6306032715E212070F4A4C089826
:2063D000A2045057E20C1D088C1017F90408F5050302B3153F090C01CC09FE1B4AF84416EF
:0E63F000195904082EF9E9110607434A1694BC
:2064000003163F11CC04136909084D177010195704084117720084FA410B68060593E21AC0
:06642000F6028C120A9A3C
:2064280056574415D2FC0C670B082E0FCD1C09881F63050BE225FB02E410460DCAFC3A075F
:2064480007240E07434A0A984A5F17570408F5130302040A23F38A02CCFC0898A10C26109A
:16646800A1080400E30732F20FFC03FE1E231B13AE1625320AA023
:1664800099081700E10F38EA04FC0AFE122F2410AE0C1833059322
:2064980003030AA00C4A2810A598260084A819071C59E40E4D67070895231303BE060252E7
:2064B8009B100A070A0DF020610FF09B9EFC014F2710760802191C048707051B20036C10BF
:2064D800C5FA0707B1070F0836F892F919F9998F0F28A90A8AA60593055E230B0C907EB206
:2064F800979834F8485F26078E272218D828900C058D83044C03770805850AA0E42147F96A
:206518001B088A1484003F16C5F8093FA9FA0237F01BA7221208032330307EAA730847503A
:206538007C00128D2008380885100E0023108AA82BF78E1A23250AA0999E26F836101E0F34
:1A65580084AC3EF819088C128C10BEF81503A0020A0629F7B522AA2E089879
:2065740097A42EF8231020077EB449F812089806830BBE060202A50F11FA2EFCC11A88344B
:0265940010985D
:206598002A10C5000D1777ACB1F4040A8CBB070C85100A225CB73CF86011362712F8AA28DE
:0A65B8007EB20E98850D33048A03AD
:2065C400850555340BFA361C9108003310987E28350455040FF8310B160405937E362EF7D3
:2065E40055040BFA3633D1F8073FA1080305E420630FEE9B9EFA0D2B0593BEC6A6FDA59F3E
:2066040005FD53FC57F80A047D083908550A0B61590D4409810436027E16F30675103B0971
:20662400C3D8DC1CC3704A364E074B08A5D1E41B9E6A242870136428BE33593055FB49F885
:20664400D188DA28AB691D1C75092B1079172418B15600264E374413751F3BFA53F967483C
:12666400250F2C076A4CC957771014086A2AD533059310
:20667800230B7EB4E40A5CA861F809207F0919087108C95F57AC0312830335024E0804F3C2
:20669800B827850A000B6AB77310310777B75EB7710FCD0777B7520A59A74CBA030D770FD0
:0666B80027095CAA1698F8
:2066C0008B08FB5B2707740FE808231061F806F3056F31077154C959CA31D138A00FAB3783
:2066E000F5FB55FC4B50C9088307B10374F74E0A04F3793F260A51AC1612750F0B0605301E
:206700005EB755194F096E0837038003EB194E124B5053AE08128307F50E8B080B1C5EA804
:2067200075207F074E1717F5410D4E1A04F4551F4B0B7308478C4A099F4303F9380D8510FC
:20674000060B6E104184C43207166A8BC99FC51A5314D1D8592E5B9244F8A5681C14A9D917
:2067600035247B136604BED63718A5514A1E73F87709C320E1289EE9271CC5F0C32F6E09C8
:206780003123A0853D3A6EF46B02558A490861F85930109A232093AC4A1997AE4B1164A4F0
:1A67A0005D056E2524F38214620B11A82211731031097B0D13AA5A190E98C9
:2067BC00301C8EA7431F8CA952195EAA600A81173900880E5B0913A81619790834078809C6
:0667DC000EA5531F0393FC
:2067E4002A2291AC561191B6581357AA620A55024FF80CA81C0D0EA4071F6E047B0F820EA7
:206804005CB761174910680C6EF96BF8821517AA53111094251B8CBA430C93B6521311ACB2
:206824001E11750F5D09053713AC16197B074B075B3306F372251883621213AA141161F8D5
:20684400592064AC6E096B17621179F9642A5B0656238CB8130C5EB2752B7907521D6013F0
:2068640019AA0B1155F85B2062AA6E0971135D046E286432552F4BFA530A672891B22013AE
:1268840057A975093B0F591754F888090EA5531F039332
:206898002A1A91AC56115CB47D0995060C3013B4121170082704502B44067B0513B40E13D1
:2068B80075079806533851FA7B0B13AA52190E98231099A8450C57BA0CA80E19270A100882
:0A68D800CD0C895F921F2007FF0618
:2068E40010677007FD02072B050A7002F30E0C398A08611009207F1B07080CFA0AA05917B9
:2069040004087F140903059803938510020D5300171877311B0A4E975BF8750F6F487008B7
:1A6924001F04502B4436039355085B1A731977487510160A4E374B280AA047
:20694000850A5B2806F3B13E31099B100A07E21F6F07E8A3109A4E0C9BF98510FE0B4E0CB5
:2069600051048003FF294EF34B3075FC7929613749005BFA440875F87B11591744F85BF8CE
:20698000462303A6850F8C3D461D0F5F15D78F65CFE9D15F500D5014991C83489B09A55312
:2069A000D18D490A501695208868A10FA880920C850B8C088C11482E0E2F10F67BF53F6715
:2069C0000E673A01157F08FA217DA80286FE05480C594657486C0E7D10F67BF685283F4470
:2069E00045100EEA136846F9138110FC0E79AAFAE92F1F888A5DAF030B146A178322952F64
:206A0000EA100A5018610E25774F8367101CCC0E4AF2058C12990BF36A2622031001CC2890
:206A20008A1090F0E71F2E0A8A5DA9071021750983279B23E5090E76C3A31581DABA0FC37C
:206A4000B5070E25774F8367101C1023752B83479B23E529790905A30CC1CC2247F0FC8763
:206A60007ED7560D490A951A8A30990BA338EF3110030A33E3028007500B4E08A118881045
:066A80009B0BA3180A980D
:126A8800816C6B2883786DA3067B6BCD15D30A3A0898EC
:206A9C001715E01B1A4D8A091510DE091208C02547248E17041419301A0A730D162808A0B3
:206ABC005B0E8308950C8A02391733477A3490042226111D58248C0C0A0B52221720303AD9
:206ADC003A0B4B284625990905F89EFA14F3033612131A4046173F08D7479311121A8EF968
:206AFC000BF898041D1813284C078706851803938F0F2A0AC3E81517A3000F1929170CFC9C
:206B1C007710804494081603DF035C15030848119B0A08072F0908147F27FF059D080A0F32
:206B3C0049F842FC6F03110788152304A2110CFE750870464411A108030525070E847D97A4
:206B5C00FF07A7040502DD635C030C949B0A0807511A290069070B8A9D080A0F890809F885
:206B7C006F03198794160303E6106309148CDB09209195071B87C7F8FA1FA9F802173C1381
:206B9C009B237715C80324918F092089D1FA0710ABF802153217C5100E11A9178A0396030F
:206BBC0003153EE450036309188CA70A080F8B6807F6650722949F080307F0455E0203DA1F
:206BDC0094040C0FE44B6107560E99101007DD4765074A549F080307F006A01213065C032C
:206BFC001084460B99081609210F147C729508079B100E07DD0AB12315F35C150778481132
:206C1C009B0A08072F090C847F97FF059D080A0FE80A9E3726F45E02078A3F059D100A092E
:206C3C0021071A7E779F0C0794060C07E412A94713F86F0309773F1794040C0F23090C7C02
:206C5C008599040FA1080305E60AA55F1EF85C071A78410494160303250F0E7E7797120959
:206C7C0099101007DD08A7671A006707077C5205960303151C03108479990407A70A080F9A
:206C9C00EA0A9E751CF8630F127C3F09A70405021C1507787B9F060999081609E212AB8704
:206CBC0013F665070E844A09940816031E02078A7293080F9B0A0807F00CA39F20F85C0571
:206CDC00107C46119F0803072F03097772A5FF039D100A09E20AB1A918006907077A4809D9
:206CFC009B100E071C071A787492FF1594040C0FE40CA3B726FA610F147C3F079D080A0FC8
:206D1C002707077C8593010294160303E612A5C918F86F090C844C0994060C07230F127C9B
:206D3C007297120396030315DD06A7FF1AFA61071A7E4411A108030525070E847D97FF07ED
:206D5C00A7040502DD189E131D0063090C7C520B991010071C05107C799F0A079408160306
:206D7C00DF059E3514F4650F0E7E4409A70A080F2907077A7B97060F9F080307F006A032D2
:206D9C0014065C031084460B99081609210F147C729508079B100E07DD0AB14316F35C15CE
:206DBC00077848119B0A08072F090C847F97FF059D080A0F8988EBF86F036187941603038D
:206DDC0087108AFA6107568E99101007DD0665074E949F080307D1F404029E1502F7650FA3
:206DFC00568E99081609839017005C05648C9B100E07DD086F03558794160303E610630953
:206E1C005C8CA70A080FEA085C05548C9B100E077E0818F45E025F9A94040C0F858AF0F81E
:206E3C006F098494A108030587088A006707638CA7040502DD165C0370949B0A0807D1FAF8
:206E5C00070FAB0702F9650776949F08030791C40CFB5C157B889D100A09E2086F0978942E
:206E7C00A1080305E608630F828C94081603401314065C0374949B0A0807910A0A00690785
:206E9C007F8A9D080A0F8988EBF86F0361979416030387108AFA6107569E99101007DD06E7
:206EBC0065074EA49F080307D1F404029E1502F7650F569E99081609831018005C05649CFC
:206EDC009B100E07DD086F03559794160303E61063095C9CA70A080F4B1824F6650752A4E2
:206EFC009F080307910407F35C155F989B100A098388FEF8610F8C9C94080A0785108EF8AF
:206F1C005C07769896030315DD03630F6E9E99081607C3000F079E0709FB630F7A9C940871
:206F3C00160380430B0E5C0282A49B0A0807F008610F809C94080A07E4106707779CA704B7
:206F5C0005023E2634F3630F729E99081607831012F85C07869C9B100E077E88FEF45E0209
:206F7C005FBA94030A0F850A88F86F0748B4A1080307E408630F52AC94081603C0F302151D
:206F9C009E020903630954ACA708080F8B880B00630762B49F080307F0045E0253BA9403B0
:206FBC000A0FE40A61076AAC991010073E184BF8630F56AC94081603800305065C0266B4A8
:206FDC009B0A08079188F00069077FAC9B080A0F890883F86F0365A794160302E4106309E8
:206FFC006CACA708080FCBF80207A507090367076FACA70405027E1606FB630F82AE990800
:20701C001607E210690773AC9B080A0FE8085C078AA8960303153E135B00630970ACA708E1
:20703C00080F8B0805F8630786B49F0803079184EDF35C155FB79B100A09830896F8610F75
:20705C0050BC94080A07E410670747BCA7040502BE060202A50F09FD610762BC991010077C
:20707C007E480D00630F66BC94081603DF035C1553B79B100A09E2086F075CC4A10803078A
:20709C0045186B0067074BBCA70405027E1605F3630F66BE990816078390F8F85C0786BC5D
:2070BC009B100E077E0896F45E0263CA94030A0FE40A61077ABC99101007BEF80907A50FE1
:2070DC000DFB5C0782B8960303157E831308630980BCA708080FEA085C077ABC9B100E0769
:2070FC00DD086F0379B79416030245207BFA61077EBC991010077E080CF8630F8ABC940824
:20711C0016038083EB065C0266D49B0A080791088800690743CC9B080A0FE8085C075AC829
:20713C0096030315BEF3090FA50907FB6F0754D4A108030785C8130867075BCCA704050209
:20715C00DD165C025AD49B0A0807F008610F64CC94080A0745108EF85C075EC89603031586
:20717C007E030C00630964CCA708080F8B88EBF8630786D49F080307910485F35C1563C7F1
:20719C009B100A09E2086F076CD4A1080307C5F8090FA90702FB6F0371C794160302851052
:2071BC000F0261078ECC99101007DD0863077AD49F080307F0045E0277DA94030A0F450A2E
:2071DC0098F86F0770D4A108030785080C0067077FCCA70405027E160BF3630F66DE9908A9
:2071FC001607832090F85C074ADC9B100E07DD086F0349D794160302C5000909A30715FB2B
:20721C00610F5CDC94080A07855013005C076ED896030315DD03630F5ADE99081607E21081
:20723C00690757DC9B080A0F4908A3F86F034DD79416030285100CFA610772DC9910100791
:20725C007E88F2F8630F8ADC94081603800383065C026AE49B0A0807F008610F74DC9408D5
:20727C000A07C5000D079E0715F75E026FEA94030A0F85CA10006F0780E4A1080307E40816
:20729C00630F7EDC94081603DF035C1577D79B100A094308C6F8610F78DC94080A078510E3
:2072BC0010F85C0792D8960303157E031200630964FCA708080F8B1883F863074A049F088A
:2072DC000307F0045E02470A94030A0FC5FA0707B107070369094FFC9B080A0F8988860193
:2072FC0069035DF794160302E410630958FCA708080FEA0A5C075EFC9B100E073E08F0F4EE
:20731C005E024B0A94030A0F850A0AF86F076404A10A03078508120067079F0CA104050264
:20733C007E2683F3630F8A0E99081607E2106909870C9B080A0FC9F80207AB0304F65C15B9
:20735C008F079B100A0983883600610FA80E94080A07E4106707930CA1040502DD165C02AB
:20737C009E149B0A08075108080169098B0C9B080A0F890805F86903A107941603028590FE
:20739C00F2FA6107D20C991010097E088AF8630FAE0C94081003DF035C15A7079B100A093B
:2073BC00C3F81507A30F0FFD5C07B60C9B100E077E8890FD5E02BB1A94030A0FE40A610769
:2073DC00C60C99101009DD086307BE149F0803074B0415F45C15AB079B100A09830818F857
:2073FC00610FCC0E94080A078590F6F85C07AC18960303157E032A006309881CA708080F1E
:20741C00EA0A5C078E1C9B100E07BEF80F03A00202095C0296249B0A080791080808690933
:20743C009B1C9B080A0FE8085C07A01896030315DD03630F9E1E99081607431030FB5C0754
:20745C00921C9B100E077E0812F45E029F2A94030A0F858AF0F86F07C424A10A0307E40847
:20747C00630FAE1C94081003DF035C15A7179B100A09C3F81507A30F0FFD5C07B61C9B10C1
:20749C000E077E089BFD5E02BB2A94030A0FE40A6107C61C99101009DD086307BE249F08D6
:2074BC0003074B0435F45C15AB179B100A09830818F8610FCC1E94080A0745B00EF95C073C
:2074DC004C38960303153E630A016309403CA708080FA10A033723370A94C9E8FE17ABF4BF
:0A74FC00041229255C020A940A9A82
:20750800A708080DE909C30AE4087E0F9F080305E903F436DD1637029B100A07E107E60AE2
:12752800E210840994080A05E30FFE3BDD084403059338
:20753C0005470C65E92E1688A708080DE909C30A7EFD9B100E05DC07FF37DF0437153F0F6B
:20755C009B100A07E107E60A7C05A10A0305E307FA43E809370710940752613E94030A0DA7
:1A757C00E309C80A6AFA0A324C1294080A05E30FDE0A57FA1226410403A63D
:207598000C5F683299081605E10FFF3D17FA0C2A46189F080305E903F536170805254611DB
:0275B8000A9A2D
:2075BC0018578A306FFA060846149B100E05DC07A8B796130343DC2546EA5E397C07521019
:1E75DC0099101007DC07A2BBE41082073F09A1040500DC159BB65E020C2C440916984D
:2075FC00124E05678C28695011083F11A1040500DC1583859A0F5EFC0A2A520E08104C0B24
:20761C00850A0C2A46110E98054C126387236256060346199B0A0805EF076092A00957FA68
:20763C000C2A46160E083F09920607253F1703930C540C698A2875480B104C1394080A0525
:20765C00E30F9A0A930764F607253F1C030346118C0C0A2A520908A01259852869F8111037
:20767C00903862F880042203C81694130A0DE30976B22A07E72F4A8A94180A05E30F783201
:20769C009707EF13388394260300E30F66445CF8A718080DE9094F529E079B100E05DC0719
:2076BC007406950257154EF34B000CFA99081605E10FA6BD94180A35E3325A529737A7046B
:2076DC000530DC3833869C325E3999181637E1326242972757094B2179093407810436026E
:2076FC004E2504F5C00F461D99081607E10FA6BB94160C35E3325A529737A7040530DC3853
:20771C0033869C325E39531717FBBC0FA1180303E507565A9F180335EF26514D9745C52327
:20773C00C00F9B1A0805EF09545AA4F8DD828B1712109F180305EF03514DDD16B7030C101F
:20775C00466999181607E10F7EB21705EB272F909F180305EF036F2D9715E2132A909B0A36
:20777C000805EF099EC3A1180333E52A585AA23794081631DE2567189326603F9B1A08354F
:20779C00EF2C5C4AA4284E064D0975103F074E1717F5B9023F2994040C0DE3099EBBA71A80
:2077BC00083DE92A5150A0379B100E35DC2A7A06952557454E130D01BE0999181607E10F1F
:2077DC005E5294160C35E3325C529737D823B90294260301E50F58549CF8F086871F18087D
:2077FC0094160C05E30F5C52DD08CA0305033F1E94040C0DE3099EBBF00ABC0F4C09940651
:0E781C000C05E30FA4BB97FA1826410403A63F
:20782C0019104A0D0808A70A080DE907EB0860078C10591704F88533180394160301E50F1F
:20784C00EA0C99081637E132F40A57359D080A3DE72AEB0A6A245012540677039D100A0727
:20786C00E107FA0CE210840794060C05E30FF60ADD088A031203031994040C0DE309E80AC2
:20788C006A09C31010149EC6500C551F0FF872372F0496030313DC03F8129B0A0835EF2CC6
:2078AC00E81264377EA6130C551F4FF8BE084E13A073571A6E043D0F551909F9CA09441722
:2078CC00A1080303E507F6129007B707A7040500DC15EF06A0020C2C4409169A485F124C32
:2078EC0094160C35E3327C324B978A3396130343DC267E3A52A97C37A71A083DE92A793016
:20790C0054B77E3F9F180335EF267F2D4BD577339D200A37E12A943450DF843794160C3573
:20792C00E33250424BE78A3396130343DC26524A52F97C37A71A083DE92A4D4054077E3F5C
:20794C009F180335EF26533D0C15031D803F9B1A0835EF2C5A4A1907A71EC0379B200E35FC
:20796C00DC2A6A3E0E02A92EB7339D200A37E12A6C44110FB820B7359D180A3DE72A5B4235
:20798C001F03AF1BB74594140C3DE32C62421F09B428C43794160C35E3326A420C071A1D5A
:2079AC00793294260331E5326A4411071E237C3FA1180333E52A6E4A17070F218A339613DF
:2079CC000343DC26744A130918218A3999201035DC287842130F26217737A7140530DC38A6
:2079EC00733E150F1E237C37A71A083DE92A774015072629823794181631DE257B500C03EE
:207A0C002C297E3999081637E132E76B0C057E203E3F9F080355EF48F656435A43F9790FEC
:207A2C00FFEE482AA70A085DE94CC46955FD221A4E4C435D8303EFE7433894140C0DE30917
:207A4C006042AA09FE08A1180303E507624A4908EA07CA0396130313DC03664A9E09FE0066
:207A6C00A71A080DE9075D404708F10FC207852CA7140500DC153BCE150FCA129918160746
:207A8C00E10F684297F64E174510270845174D137553055A0559791163880A378CFC4425E2
:207AAC00A1180303E50746DA9F180335EF263DCD0C45C30C9B200A37E12A6E429C305217D5
:207ACC003E0823084C1FC207852CA7140500DC153DCD130FCA1299181605E10F6A4297F894
:207AEC004C174510270845174D137553055A05587711B2880A378CFA4425A1180305E307B6
:207B0C0048DA9F180335EF263FCD0C45C30B9B200A37E12A70429C3052173E0823084C1F3E
:207B2C00C20794081601DE02D87994030A3DE32CDF6B2A373C0F10987008160D9B200E0598
:207B4C00DC072EDE96030343DC252A51532C10120AFA99201005DC0726E29B100E35DC2A7D
:207B6C003645F9F594160300E30F8AADC30892FAA3AF10F877079B080A0DE707BF9BD104B4
:207B8C0081F59EB503F37E0F9B0A0805EF07C0A3EA0877079B080A0DE707B79BA704053038
:207BAC00DC38BB965E3F7E0999181605E10F9D30DD073E079B200E05DC07A22C9613034310
:207BCC00DC2597381E393C07A718080DE9079230E4073E0F9F180305EF03932B9426033015
:207BEC00E33299321C374A0799201005DC079B30E40F420794181601DE02933E94130A3DDB
:207C0C00E32C99302A373C0FA1180305E3079D38E8073707A7140500DC15952B9B200A37BA
:207C2C00E12AA9301C3F44077008F4DE0C32E84A42376B0496130313DC02724A5E098A08BA
:207C4C00611709007F274E889B180A0DE7070BF29104FDF694260330E33272445C28A718E3
:207C6C00083DE92A6B425E2955204F084E1767F4790294260300E30F16F483080EFB99205F
:207C8C001035DC2A6A425E309F180335EF26653D57374E134B10551959F88A079920100545
:207CAC00DC071AF29B200E35DC2A7A3E593294260330E33272445C28A718083DE92A6B4282
:207CCC005E2955204F0894181631DE256B50572455204B0A531767F87C0FA1080305E30760
:207CEC00F843E8083707A7040500DC15BFF5459048FA7C07A708080DE907F23BE4083E0F06
:207D0C009F080305EF03C9057E9647F77E0F9B0A0805EF07D012EA0877079B080A0DE70767
:207D2C00CF0AF004790294160300E30FFA3DE2084A0799101005DC07DE0A859052FC770774
:207D4C00A7040500DC15DB05E4107E0999081605E10FEC0ADD087E078F0F1E8805FC18486A
:067D6C007202B708039348
:207D74009B0A0805EF076CF15007DD08460F8C1042F84307C6234502C5353E03B2104919AA
:067D94000007160808A01C
:207D9C00434C4A5D0C54E80805075211194337664347BA244A4E485DC61D4865D2273A175A
:207DBC005AF80C0F4D57F78716040593435A43589B200A07E10716F25C0F845794180A0571
:0A7DDC00E30F12F257078A630593C4
:207DE80094130A0DE30924F1A718083DE92A1FF15634760E9F080305EF032985DD2F3702F3
:207E08009B100A07E1073A8A99201035DC2A26F1133F84102FF9A7040500DC1527859B20C1
:207E28000A37E12A32F1543E3CFA94180A05E30F2AF10CF88C0CDF044122DD05691FA90A3C
:207E4800E20C75174111EA106217DD0927107B0A94181601DE0261601702E92F528A990827
:207E68001605E10F348A94180A35E3322AF14F34A704062BDC3891F49A325E3934FBA708DD
:207E8800080DE907278A9B180A3DE72A1FF162309603043EDC2598019A2C5C371C973404BE
:207EA800A10A0305E3072E929F180335E92621EC4F4294030B38E32C96F9A62A5C3F9F1926
:207EC80022F836FD9B100E05DC07348696130343DC2526F9563699081730E1329EFB932A06
:207EE8005E37999F2CF82FFE4C4A96030313DC022E929B1A0835EF2A24F95C3694381A30A9
:207F0800E332FA25932A643331F694160300E30F2E8C99181635E1322CF34F349B381A387B
:207F2800E72AEF25A026593209A52FF79B100A07E1073A8A99201037DC2A26F1563C9F3801
:207F48001330E926F12093385732991F29FA34FDA708080DE909278A9B180A3DE72A1FF1D4
:207F68005C309633133EDC25F62D9A2C5C37A59726003C0003082708E4119F180305E9035E
:207F8800634D1715E22252909B0A0805EF072C92A11A0335E32A26F95A349408112CDE2528
:207FA800FDF793255E3F36FD99081605E10F348C94180A35E3322AF14F34A104062BDC3849
:207FC800FDE49A325E390E9742FC99101007DC072E8A9B200E35DC2A2CED512F9416042BA1
:207FE800E33204EB982A6A37971F2FFA2FFD9B080A0DE707278AA1140530DC381FEC563C13
:208008009B0A0930EF2A02F1A02C5737999728003AFE3F56A1040500DC1527859B200A37AC
:20802800E12A32F1543CA13A1330E32AF62DE72A2BF8A02659322F0994030A0DE3092C8A1F
:20804800A718083DE92C1FF156349B401E30DC2AFC21DE252B0693255E3F109934FCA70808
:20806800080DE909278A9B180A3DE72A1FF15C309633133EDC25F62DE32C30F8A62A5C3FB9
:208088009F1922F836FD9B100E05DC07348696130343DC2526F9563699382630E132FC2780
:2080A800DC2A32F89A32623792972EF431F90316200347119B1A0805EF07665A2409E2276C
:2080C80052889B100E05DC07348696130343DC2526F9563699081730E1329EFB932A5E37E2
:2080E80036039F080305E903298594260330E33226F35434A7080938E92C91F99A2A5E3F63
:2081080014972FFCA1040500DC1527859B200A37E12A32F1543CA10A0430E32A98019E2A33
:2081280057379F1324F32F0B94030A0DE3092C8AA718083DE92C1FF156349B100F30DC2AB3
:208148009EF5952557459292280036004456A708080DE909278A9B180A3DE72A1FF15C3004
:208168009633133EDC25F62DE32C58F8A62A5C3F3CFD94080A05E30F328A94181031DE256D
:208188001FFF4F2F9B401A32E12A0225E13260FA932A5E37109F3AFC94081001DE022798F2
:2081A80094130A3DE32C24F1623499402032DC2AF625E3325EF8932A6433941222062FF80F
:2081C8009B100A07E1073A8A99201037DC2A26F1563C9F381330E926F120DC3853F39A3220
:2081E8005E39979734F83406100A2008AA089B200E05DC076E4E1902E2354B839B100A072F
:20820800E1073A8A99201037DC2A26F1563C9F080430E926FFE49338573236039B0A0805EF
:20822800EF072C92A11A0335E32A26F95A349408112CDE25FDF793255E3F109934FCA70828
:20824800080DE909278A9B180A3DE72A1FF15C309603043EDC2504F19A2C5C37A5172700AA
:208268003CFF94080A05E30F328A94181031DE251FFF4F2F9B100B32E12A10E99832643983
:20828800929728F836064A5694081601DE02279894140C3DE32C24F1623699402030DC2885
:2082A800F825E332C6E8932A6A3331F694160301E50F2E8C99181637E1322CF14F329D3875
:2082C8001A38E72AEF25EF26BDE393385733129F36FE99081607E10F348A94160C35E332C4
:2082E8002AF14F34A734152BDC38EF21E532C2EA982A6A39971F2FF82FFB9D080A0DE707C0
:20830800278AA7140530DC381FED583C9B3A1830EF2CF42DE92ABBE69C2A5E3F9D9721F843
:2083280042FA05033F19030448119B0A0855EF4E2C92EA11434A0EFC7711E225052AA71431
:208348000500DC151FCEE610BE0999181607E10F2CF14BD5479819108D171188A714050075
:20836800DC151FED9D200A37E12A32F3543CD2276F0248429B200E05DC0732EDDF036F1213
:2083880094140C0DE30924F11FFA7E18EA1082F61C089B200E05DC0732ED96130343DC260D
:2083A80028F913397E109C29910F46103F239D180A0DE7071FF1F0058E02391E94140C0D36
:2083C800E30924F1F00A910F451094160C05E30F2AF1DD089F03250B94260301E50F26F35B
:2083E800E2769F092918109843550E5768232B08B508A7140530DC38712E603F76029918A9
:208408001637E1328232573578019B200E35DC2A8C2E59326F1094140C3DE32C82326A391C
:20842800740BA1180333E52A883A62376F04A7140530DC38453E603F760799181637E13235
:208448005642573578069B200E35DC2A603E59326F1594140C3DE32C56426A39910F1021B5
:2084680094160C35E332604297379F03A91B94260331E5325E449C379F09AE28A118033337
:20848800E52A604AA2378C07BE1C96130343DC26644A9E399107C02299201035DC2866423B
:2084A8009E3F9707AF20A7140530DC385F3E603F93090C21A71A083DE92A63406037930F6C
:2084C800162194181631DE2567505733950F162399181637E1327842573595071A299F185C
:2084E8000335EF26713D57458C0324299B1A0835EF2C784A64378C0520219B200E35DC2AC1
:208508008A3E59328C151F1D9D200A37E12A8E445C3F9907231F9D080A3DE72AD86B2A332E
:208528008E02352E94040C6DE35FF95B56FE48657D0771E54C2A5304261294081661DE5870
:20854800C47943484C6577096BE7562CE26299071D0E0C989B200E05DC07734EDF0D3715E9
:2085680094040C0DE309148BF00ABC0FEA0805F7485C9B100E05DC075E5706F4050C850476
:2085880080009B0A0805EF09F81211F905FC8E087E009F080305EF0347E6040704FA8E100B
:2085A800BEFA99081607E10FCC1B04F70DFE8C10C2F894081601DE02B96904F50D068C0AB3
:2085C800BCF8980A0A1F4C173E864A08EC209F381300EF03D112040603FA9C0F8C0A7CF814
:2085E800A81A0A1F4BA812064B17FA0F9008051752129464231694541C08E3095C2617FA3E
:208608000806A007850680F8CC2F10073E0817044412F415C5150E21E48747F9C2099910A0
:208628001005DC05505BE410C20794081601DE024969DD04C00F9B0A0805EF091693EA089A
:20864800B705E6080C0F4A1294081601DE02139993038E107EFACA27180943901C084215A6
:2086680001079B200E05DC074EDEDF03B71594140A0DE30938E2F0087C0FA1180305E3076C
:2086880044EAE808B707F00407023F2094030A0DE30984CBA6078A1084F8C5270C07C9BF67
:2086A800050794081601DE026FE9DD03BE0F0A9A99181605E10F10F2DD087E079B200E0574
:0A86C800DC071AEEDF0377150393B9
:0E86D4009B1A0805EF07635AEA0837070A9851
:0E86E4009F180305EF03604DDD1737020AA053
:2086F4000A57185D0A76922862F80D08461DE88582FD1F8496030313DC028A920BFF0AFE3A
:208714008AFE08104C0B030846090AA01057055D186A872362060603461DE48787FD1F88EB
:2087340099101005DC07628A0B0510FE77FE1604410603163F040AA0170A080AA708080DA7
:20875400E907DD2B8F071A908207C8075A05DF04771594030A0DE30996ABA708083DE92AC5
:2087740091AB5E37CC2F820794181601DE0253607004E46E0C2C530A57F98310488C4E9743
:208794005BF87E0F9F080305EF0383D63E16E5F7BE0F9B0A0805EF0748F3EA08B7079B18A8
:2087B4000A0DE70771B22A03E42296A003037711B7240A2AF51AF798A1180305E307675A6D
:2087D4002207E217E68696030313DC02A6C3E40ABC073308C712A1080305E307A6C317071A
:2087F400C310A7040500DC154B569A0F9B0A0835EF2AA4C31937C3109B080A3DE72A4B5B81
:20881400A626592394160330E332A6BD1137D61099101035DC2A8A8A9A3262376E1737F45C
:20883400790294160300E30F4E5D9CF8F0014700420894080A05E30FAABB0C07D60C9603B9
:208854000313DC0252639A0999081635E132ACBB0C37CA109B100E35DC2A5E579525573645
:2088740094030A3DE32CA4BB1F29C8184B8841F8EC279B401E30DC2AE213152594160350F6
:20889400E354505D1157D610983264376E173BF87E0F9F080305EF03A1B60C06C30B45903B
:2088B40048FAEA17A7381808E907CF171A079B100E35DC2A5C570E32C31E93029B100A3722
:2088D400E12AB2BB113FD01094080A35E3328E8A932A6A33790294160300E30F4E5D9CF821
:2088F400F0124700360894080A05E30FAABB0C07D60C96030313DC024CF35A0999081635CB
:20891400E132ACBB0C37CA109B100E35DC2A5E579525574594030A3DE32C4C5BAA28CA205D
:208934005B08440955175B00591704F9CA0396130313DC02695A1E09E72750899910100546
:20895400DC074E5B9E00E86C42F8480596030313DC02FB439B0A0835EF2AA4C31937C310AE
:208974009B080A3DE72AF73B26261932371594030A0DE309F93B2A07E72F5C8894080A052F
:20899400E30FAABB0C07D60C96030313DC02C0635A0999081635E132ACBB0C37CA109B1036
:2089B4000E35DC2A58E75525974594130A3DE32CFE05AA288E205217B7079B080A0DE70776
:2089D400C52BA7040530DC389FB6133FCA1299081635E13252EB532A9E379B200E35DC2A8A
:2089F400120199238926A512BE0F9B0A0805EF07CC33A1180335E32A864AA2379418163120
:208A1400DE2505249723AC1F9029BC073308A910A1080305E307FB432207E2476184960378
:208A34000313DC02A6C31309C810A708080DE907B95B5A079B100E35DC2AB2B70E32C31E2A
:208A540094030A3DE32C4AEB662A9C3FA11A0335E32A040DA22889185213B902941603002C
:208A7400E30FCC2D99081635E132ACBD0C37CA109B100E35DC2A52E75525974594130A3D01
:208A9400E32C0816AA288E20B219B7079B080A0DE707C72BA1140530DC387F3D9E3F9B1AA6
:208AB4000835EF2A0E1EA42AA5179027BE0F4A5894081001DE02F4491702E93F548A9908E6
:208AD4001605E10FACBD0C07CA109B100E05DC07C657550294160330E332A6BD1137D61089
:208AF40099101037DC2A4CEB5A32A23794181031DE25FB13972390204C19BC07A708080D7C
:208B1400E909C52B9B080A3DE72A9FBB1933C50B94160330E3324CED582AAA379920103760
:208B3400DC2A08059E309418A517C40396030313DC02CE339B1A0835EF2A844AA439941821
:208B54000A35E33212169728B2138B22B71594030A0DE309CA2BAA0799101007DC07CE2BAC
:208B74009E008DF81708A1040500DC159FB6130FCA1299081605E10FCC1D53079B080A3DD8
:208B9400E72AC52BA433B9023F2894030A0DE309A4BB1F07C818A10A0305E307C6235E07DD
:208BB40094081031DE25C7399732BE0F9B0A0805EF07A4C31909C3109B080A0DE707F30A82
:208BD400A00396030343DC25A6C31339C810A708083DE92CF30A9A2A5E309F080335E9262B
:208BF400A1B60C45C30B9B100A37E12A6E8A983264396E172BF87E0F9F080305E90313862C
:208C14009706DD124900850A99081605E10FACBD0C07CA109B100E05DC07000695029416F2
:208C34000330E332A6BD1137D61099101037DC2AFA0A9A32622894081031DE259FC90C3271
:208C5400CA18907999582630E1326428132A9B080A5DE74C0F8BA453952557456E123B0013
:208C74007E0999081605E10FACBD0C07CA109B100E05DC07F486950294160330E332A6BD50
:208C94001137D61099101037DC2AFA0A9A32623794081031DE2511999723CC20550A490952
:208CB40061175900840994080A05E30FAABB0C07D00C96030313DC0222139A099908163500
:208CD400E132ACBD0C37CA109B100E35DC2A68869525573694030A3DE32CA4BB1F37C8183C
:208CF400A10A0335E32AEE929E2A57377B1336F37E160307551F5BFA7C07A708080DE90943
:208D14009FBB1307CA189477945820FCDE02573413029B100A37E12A228B9C3FA009940892
:208D34000A35E332AABB0C37D00C96030343DC2562929A2C5C378A0799101007DC07A6BB85
:208D54009B100E35DC2AACB70E32C31EC522BE0F9B0A0805EF07A4C319FAC310E48549002C
:208D74004A0594181001DE0262601702E92F2E8C99081605E10FACBDDD08BE072710200A26
:208D940094081001DE02F44994030A3DE32CA4BB1F37C818A10A0335E32AFE431E2A1737AC
:208DB400440396030313DC02A6C313FAC810F0468700040A94080A05E30FC2FA940810317C
:208DD400DE25B70857239B100A37E12AB2BB113FD01294080A35E3328E8A932A64337012CF
:208DF400240677029B100A07E107D21B110FC842E217DB089B100E05DC07ACB70E02C31E30
:208E140094030A0DE309888AA6075C00A10A0305E307A6C31707C310A1040500DC15BF1622
:208E34005A0F9E09531757F9530011FA721755089B200E05DC07AA0C0E02C71EE2132E9001
:208E54009B0A0805EF09A4C31907C30ECB2719909F080305EF037BD694160331E532A6BD17
:208E74001137D612CA0FC4073F129D080A0DE70779DBA7040530DC389FB7153FCA12BC077E
:208E9400A70A080DE9077BD99D080A3DE72A9FBB1F33C50BB71594140C0DE3099C10A71A55
:208EB400083DE92A970E1537CE18901894081631DE25F4491725CE81191A1808D81AAE1F07
:208ED400BCFA94060C05E30FAABB0C07D60C96030313DC038C929A095CF8A70A080DE90778
:208EF4009FB91507CA189F080305EF03BB5653159703571F4BFB53F817FA773F5C08941678
:208F14000C05E30FA2100C07DA0CE412259694040C0DE309A4BB1F09C818CF2712869D08A7
:208F34000A0DE70779DBA7040530DC389FB7153FCA12CA07CA09441CA1080303E50780E348
:208F54009F080335EF26A1B60C45C30CC00F9B0A0805EF0980E3A1080333E52AA6C3173711
:208F7400C310CA0396130313DC03A0189B1A0835EF2C9C181937C70E8E189B100E35DC2A67
:208F9400073719248EC703141B201A0ACA28BC19B4021008200606089B100E05DC07B2B7A4
:208FB4000EF3C31EDD434B00FB0A99081607E10FC8FA94060C35E332C6FA5728A7040530CC
:208FD400DC389FB7153FCA1299081637E132908A93286037751F2FF87707A7040500DC159C
:208FF400BF17150FC242E717E70A99101005DC05A8BB130FCE1094081601DE02839893032A
:2090140060009B0A0805EF09A4C31907C30E9D080A0DE707BF1B660399024E2544F557004F
:209034000BFA7717610A99201005DC05A010130FD410E217388496030313DC03A8C31309EF
:20905400C810D5291790A1080303E50784E39F080335EF26A1B60C45C30CCE0FBE09441416
:20907400A70A080DE9077DD99D080A3DE72A9FBB1F33C50BB71594040C0DE30984DBA70ADE
:20909400083DE92A9FB91537CA18C20794181601DE02971E94140C3DE32C9C101F39CE18D3
:2090B400921894060C35E332FF3B1729D87514131316C514B21FB6FD99081607E10FACBB79
:2090D4000C05CC109B100E05DC0796869502570694040C0DE309A4BB1F09C818A10803032B
:2090F400E507C0635E079707611346F44E0604F47B3F560A99181607E10FA4100C05D210D1
:20911400E91F308894081601DE029FC90C03CC18C9291788A70A080DE9077DD99D080A3D04
:20913400E72A9FBB1F33C50BC515B703481C9B0A0805EF0982E3A1080333E52AA6C31737E2
:20915400C310CA0396030313DC0388E39B0A0835EF2CA4C31937C30EC0079B200E05DC0765
:20917400AA0C96130343DC26A0181339CE10981A99101035DC28FD3B1E3199B90318251481
:209194001503C536A913B8039B0A0805EF09A4C3A1080333E52AA6C31737C310D823B902F2
:2091B40094160301E50FA6BD11F8D612E28D4FF8EC03485E9B100E05DC07B2B7DF03B715A2
:2091D4003F4A9D200A07E10775541C0F6E1A3F399D080A0DE7079FBB1F03C50B9426030194
:2091F400E50F32F45807AA0999101005DC0588CB9A0F9F080335EF26A1B60C45C30C9D206C
:209214000A37E12A3EF45832A43794060C35E3328ACB932A6A2496030343DC26A6C3133931
:20923400C810A708083DE92A838A9A2A5E3F791724F88A0396030313DC02A6C39B0A0835BC
:20925400EF2AA4C31937C310CC27BE0F9F080305EF03A1B60C06C30BE48D49FABC07A70899
:20927400080DE907F53B1E07E91F840A94081601DE02119997F3E41F49FA2F0AA718080DD0
:20929400E9079230E4073E0F9F180305EF03922B94260330E33299321C374A079920100523
:2092B400DC079D30E40F420794181601DE02943E94130A3DE32C9B302A373C0FA108030514
:2092D400E307A6C3E808B7073304F60394160300E30FD02D99081635E132ACBB0C37CA102A
:2092F4009B100E35DC2A2E079525573694030A3DE32CA4BB1F37C818A1080335E32A221345
:209314009E2A573761F446F37E161B07551F5BFA531737F97C0FA1080305E307A6C317078F
:20933400C310A7040500DC151B069A0F5E098A08611709007F3727089B080A0DE707CD2BDC
:20935400A7040530DC3883A65E3F7E0999081605E10FD62B57079B080A0DE707B79B6AF455
:2093740084F30F9694030A0DE309BC9BA708083DE92AC92B5E377E0F0E083F29A704050081
:20939400DC15CD269B100A37E12AD29B5C3F840794080A05E30FD42B5707A7040500DC15B0
:2093B400BB965E0089FA1488A708080DE907BB9B9B080A3DE72AC92B6A337902941603000D
:2093D400E30FD02D5C07A708080DE907CD2B5EF889006F8894081601DE029FC90CF3CA18C9
:2093F400E44847F8440899201005DC0797301E00E80762F82F8496130313DC0297389B0AFF
:209414000835EF2AA4C31937C3103E079B200E05DC07A72C96030343DC25A6C31339C81022
:209434004A07441CA1180305E3079B389F080335EF26A1B60C45C30B3E0F0A0A4433A718E8
:20945400080DE90792301EF8E40F6DF81C88A7140500DC15922B9B100A37E12AB2BB113FFD
:20947400D01037079B180A0DE7079630A7040530DC389FB6133FCA123C075214992010054E
:20949400DC079D309B100E35DC2AB2B70E32C31E37029B100A07E107B2BB99101035DC2A4C
:2094B400A6BB133FCE10C527CA0396030313DC02A6C313FAC810F08547001A0794180A05DB
:2094D400E30F2AF10C07760CFBF62016FF039B100A07E107B2BBE210C4072008F5089B100F
:2094F4000E05DC07B2B70E02C31E94030A0DE309200BA6075C0F92084E170BF8793F7108F8
:2095140094081601DE029FC90CF3CA18E44847F8440899101005DC07A6BB130FCE10940806
:209534001601DE021B1993025E009B1A0805EF0724F958374E176BF955000FF872372B0498
:2095540096130313DC0226F99B0A0835EF2AA4C31937C3109B080A3DE72A1B0BA62659323E
:209574004E2524F476020A0A4433A708080DE9079FBB1307CA189F080305EF031D069315D3
:2095940057F39B200A07E10732F1507F5B1764F955F80B007D371808A7140500DC151FEC10
:2095B4009B100A37E12AB2BB113FD01094080A35E332260B932A6A33501224076FF90A1079
:2095D400467699081605E10FACBB0CF8CA10E44E4DF83708A7040500DC159FB6130FCA1220
:2095F40099081605E10F280B93075E07551F0F49054C83037EE9053894130A0DE30924F173
:209614005E47873F298A94180A05E30F2AF194081031DE259FC90C32CA189B0A0835EF2AED
:209634002013A02C573755170B51104C70076CEA07326F09030346419B0A0805EF07A4C34B
:209654001909C3109B080A0DE7071B0BA00359024E2504440C5477094FEE182A992010074B
:20967400DC0726F1528F8D371C88A1140500DC151FEC9B100A37E12AB2BB113FD0129408AB
:209694000A35E332260B932A6433501204570547770F34F00A3782FF99101007DC07A6BB64
:2096B4009B100E35DC2AACB70E32C31EC522BE0F9B0A0805EF07A4C319FAC310E4854900C3
:2096D4001E0703084C4C96030313DC0218939E09E727588899201007DC079730E40F42072B
:2096F40094181001DE028F3E94130A3DE32C95302A373C0FA11A0305E3079938E8073707D3
:20971400A1140500DC15912B9B200A37E12AA5301C3F440994180A05E30F9F30DD074403A3
:2097340096130313DC029A389B1A0835EF2A9938243937079B180A0DE7079630EA03390289
:2097540094260300E30F9C3299181635E132A33217373E079B200E05DC076F4E1902E23561
:20977400B2839B200A07E10780329C0FEF191E089B180A0DE7078710A1140530DC38813D56
:209794005E3F551909F9C2FA99201007DC078E109B200E35DC2A8E3E59324E2504F4B6031C
:2097B400463399181605E10F941294080A35E332C2FA57378B842C074E2554F385100A0ED7
:2097D400531767F8531F11FBAFFA9B180A0DE7078710A1040530DC38BBF55E3F858A2F0CB1
:2097F400611759008B0A030C55175B00591704F9BCF796030313DC02BE02E40A7C07A7088C
:20981400080DE909BBFAE4087E0F9F080305E903CD0594160330E332D20C5C37A718083D2B
:20983400E92C87101328CE189F180335E926890B0C37C90B4C2090FA530857097310310930
:2098540077079B080A0DE707CF0AA1040530DC38CF055E3F850A000B8108290F8409940812
:209874000A05E30FDA0A5707A1040500DC15BFF55E00550A6909611709007F1922889B08AD
:209894000A0DE707C70AA1040530DC38CB055E3F9B0A0835EF2AD412642A4E175BF87E0FCF
:2098B4009F080305E903D105DD1677029B100A07E107DE0AE2108409030846749B100E0529
:2098D400DC077CD7DF03B7153F609B100A07E10782DB110FD012892795570B009F08030598
:2098F400E903A1A6131594030A3DE32C74DB1F37C818A10A0335E32A86D39E2A57375B137A
:209914000604353694030A3DE32C74DB1F37C818A11A0335E32A1EFA5E2A97375DC4E722B4
:20993400101643060A100A0A53F8B629A8427BFAF32A0A080A100A346EF8E02674840716E5
:2099540010030A130C2C930A96FAD22296FCB7FA9B080A0DE7076FDB1903C50B941603009C
:20997400E30F86CD9807F0087C0FA10A0305E30776E39F080335E92671D60C45C30BCC2F27
:20999400BE0999081605E10F7CDD0C07CA10C9BFAC0794081001DE029FC9DD03BE0F466B6C
:2099B40099081605E10FACBD0C07CA109B100E05DC0774069502571594030A0DE30986DB78
:2099D400AAF85310510B4E170BF8791F230894081001DE0281E994030A3DE32CA4BB1F374E
:2099F400C818A10A0335E32A6E129E2A5737611306F4B71594040C0DE309A4BB1F09C8186F
:209A1400A1080303E5076E129E075707A7040500DC1543E7A000550A4909611909007F37BF
:209A340018069D080A0DE70743EBA7040530DC389FB7153FCA1299081637E132740A932868
:209A54006037551F0FF9B707A7040500DC159FB79D100A37E12AB2BD113FD010C525C007E1
:209A74009B100E05DC07B2B70EF3C31EDD814B00A3090808830B5221122AE20816899B1010
:209A94000E05DC07B6B799FBDD4882FC31109B0A0805EF09AAC3A10803D3E5D4ACC362D7E0
:209AB400940816D1DECFFD2957CC77182B097C07A70A080DE907A9B99D080ADDE7D4A9BB10
:209AD4006AD3960303E3DCD00A235ED2731037097C0F4C4594060CD5E3DCB0BB9408160176
:209AF400DE02A5C957FC9D100A07E107101D5C09A1080303E507A8C3A20794081601DE0237
:209B1400ADC99303600F751939018119290884D794060CD5E3DCB4BB94081601DE02A9C91A
:209B340057FC9D100A07E107141D5C09A1080303E507A8C3A20794081601DE02B5F99303FC
:209B5400600F751939018119290884D794060C05E30FACBB9707A7040500DC15ADB79C0F42
:209B74009B0A08D5EFD6022364D777059D080A0DE707A1BBAA0396030313DC03BEF39A0919
:209B9400990816D7E1DC0E1B57D580079B100E05DC07B6B79902C24551049D100A07E107DF
:209BB40088DD991010D5DCD2AEBB5EDF591704F9A70405D0DCE2A3B7A0D857CAEAA7230AEE
:209BD4004813100803065797AAB1AE446E8806AE05030316FFD07790DAB477911A0A15103A
:209BF400100B05B0C0029B100E05DC078AD7960303E3DCD0B2C35ED9531717FB991010D5DC
:209C1400DCD2ACBB9ED85BC8E5A72304450603160304579FAAABA844818AF8BA100803064F
:209C340008D47590DEB272911A041203031905AEC00A9B0A0805EF09A8C3A400DD388B0077
:209C540017109F080305EF03A5B6941603D1E5DCAABD9CD7D829BC0FA1080303E507A8C3E2
:209C74009F0803D5EFD0A3B697E5C523C00F9B0A0805EF09A6C3A400DD384B0012109F0826
:209C94000305EF03A3B6DD16B7030C10462B99081607E10FAEBBDD06C0079B100E05DC07C1
:209CB400B6B7960303E3DCD0AAC39ED9BC07A70A080DE907A9B9E6087E0F9F080305EF031D
:209CD400A7B6941603D1E5DCB0BD5CD78A0999201005DC057AB21E0F6C21030883051B134B
:209CF400054561180C10770B5313A70A080DE907E12991071A90820794181601DE0271C02A
:209D140017036A3D9B0A0805EF09B8A3A40779FD9D080A0DE7078FABF004B90294260301F7
:209D3400E50F67541C07F5196690A1080303E5071893A200DD1755FC08033F2294040C0DEF
:209D5400E309168BA70A08DDE9D41189A0D7CC2FC20794081601DE02476997FCE60949022A
:209D74000B08521699101005DC05505B9B100ED5DCD45A5799D2C535B7039D100A07E10756
:209D9400228D991010D5DCD2188B9EDFD027B707A7040500DC150F87A008E41A47001E0AA3
:209DB40099101005DC05188BE410C20794081601DE02496994040CDDE3D64E5B1FD9C81890
:209DD400D227B7059D080A0DE707495B1FFCC50BDD1042FC12909B0A0805EF074E63EA0869
:209DF400B7079B180A0DE70771B22A03E422129A94130A0DE30924F11F076818920862F87E
:209E140020088C206DF81E08982464F3701685336900E20A8A4875F8BF11925862F8760B55
:209E34008C706DF8740B3304760694260300E30F26F3E20882042510810B94180A05E30FD5
:209E54002AF14BD751A4140382252D839B200A07E10732F150DFA1381300E307F62DE70761
:209E740053F8A603DF03771594130A0DE30924F15ED799402000DC07F625E30FC6E8930747
:209E9400F004790294260300E30F26F399181635E1322CF14F34CC27760C4A2A941816011C
:209EB400DE021FFFDD03760B9B1A0805EF0724F9EA086F049B180A0DE7071FF1F0048E02A9
:209ED400251F94130A0DE30924F1F008910F311094180A05E30F2AF1DD0A9F03250B0316F8
:209EF40020032613770B1A17182AE712640894180A05E30F2AF10C07380D070294260300B2
:209F1400E30F26F399181635E1322CF10C282C11CC2097F825115184430382060D839B20E6
:209F34000A07E10732F1E2139907231046399B200E05DC0732ED4DB23E161303891F338A0C
:209F540099181605E10F2CF14BB79B381A08E707EF25EF0365E49315DD037E0F9B1A080509
:209F7400EF0724F958B794381A00E30FFA25DC07B6E59502DD1677029B200A07E10732F15C
:209F940099201035DC2A26F1563AD0276F021604411894260300E30F26F3E2089F072A198C
:209FB400A1180305E30726F9E8088C073C0C96130313DC0226F9E40A740216082510BE0ABD
:209FD4007009AE160C32ED0AD808A7140500DC151FEC13007012E20655F81190A118030533
:209FF400E30726F9E80C8C07360C96130313DC0226F95239432835088700198894180A05A9
:20A01400E30F2AF13E2835F471F594260300E30F26F35047512827108FF80C889B180A0D36
:20A03400E7071FF1512424F36F0994130A0DE30924F15E7743302F0882F813889B200E05E9
:20A05400DC0732ED402322066FF99B200A07E10732F1508F4B28220889F813909F180305C1
:20A07400EF0321EC3E3622F376079B1A0805EF0724F9190769109B381A08E707EF25EF0370
:20A0940065E4930894130A0DE30924F15E370E0F843794180A05E30F2AF10C077C0C963370
:20A0B400130EDC02F62DE309A8E9A6FA99201005DC0726F1524F14077737A7140500DC156A
:20A0D4001FEC9B200A37E12A32F1113F7610C527930730189F180305EF0321EC0C15690B40
:20A0F4009B401A02E1070225E10F70E993FA9B180A0DE7071FF15E730B02774594130A0D50
:20A11400E30924F11F076E18A1381300E307F62DE707A3E9A6F696130313DC0226F95289D8
:20A134000E078A3799201005DC0726F19B200E35DC2A32ED0E32691EC522930F3012991807
:20A154001605E10F2CF1DD0876FA9B200E05DC0732EDDF036F0994130A0DE30924F1F0088D
:20A174007406A1180305E30726F9E8086FFF520C96130313DC0226F9E40C91073610081029
:20A194002D08CF097709CC1D102AE20AC20596130313DC0226F952C999181605E10F78E25B
:20A1B40057F889178E919F180305EF0321EC4B453E23291089FA1188A718080DE9091FF1A3
:20A1D400452829007AFA94181001DE021FFF4B424530290A87F81F8899201007DC0726F181
:20A1F40045302DF86FFBA1140500DC151FEC527F452A270895F81190A11A0305E30726F928
:20A21400492822F87CFA96130313DC0226F95289432835088700198A94180A05E30F2AF1F8
:20A234003E282FF471FA94260300E30F26F311077C1099402002DC07F625E30F6EE99307CE
:20A2540064039633130EDC02F62DE30958F8A60799201037DC2A26F1133F74109438202CA4
:20A27400DE25EF33DC256AF19A2C5C37A7381838E92CEF25E32A5A009E2A5737D22379026B
:20A2940094260300E30F26F311077C1099402002DC07F625E30FAEE9930764039633130ED1
:20A2B400DC02F62DE309C0E8A60799201037DC2A26F1133F74109438202CDE25EF33DC2517
:20A2D400AAF19A2C5C37A7381838E92CEF25E32AC2F09E2A5737D223790294260300E30FEA
:20A2F40026F311077C1099402002DC07F625E30F6EE993FAA1140500DC151FEC523F10095E
:20A314007C37A718080DE9091FF1130770189F381300E903F120DC15A3E49A029B1A080541
:20A33400EF0724F9584909077E379B200E05DC072CED96130343DC2526F913396E10D827EE
:20A35400910F361294180A05E30F2AF10C07760C9633130EDC02F62DE30968E9A6075C0F64
:20A37400A13A1300E307F62DE70753F8A00396130343DC2526F913396E10A7381838E92CD5
:20A39400EF25E32A6AF19E2A5737A134152BDC38EF20E3325AFA982A6A37CA2F84099418A1
:20A3B4000A05E30F2AF10C07760C9633130EDC02F62DE309A8E9A6075C0FA13A1300E30780
:20A3D400F62DE707BBE8A00396130343DC2526F913396E10A7381838E92CEF25E32AAAF139
:20A3F4009E2A5737A134152BDC38EF20E332C2EA982A6A37CA2F840994180A05E30F2AF149
:20A414000C07760C9633130EDC02F62DE30968E9A6FA99201007DC0726F1527F1407773767
:20A43400A1140500DC151FEC130F701299382600E10FFC27DC07AAE99A029F180305E903E7
:20A4540021EC4B9509027E3F9B1A0805EF0724F9A11A0335E32A26F917376910D2238E02F3
:20A47400291E94130A0DE30924F1F0087402A11A0305E30726F9E8086FFBA1140500DC1583
:20A494001FECE410760099181605E10F2CF3DD0876FF9B200E05DC072CED96130343DC2544
:20A4B40026F95635CA378203442BA11A0305E30726F9E8016F04A1140500DC151FECE41017
:20A4D400760599181605E10F2CF3DD0D93072A189F180305E90321ECDD7A8C022B180A0A58
:20A4F4004410A718080DE9091FF1E40A930F2E1003084C1796130313DC0226F9E46E91073C
:20A514003710441B100A3F119B180A0DE7071FF1EA048E02231E3F047711AC4575090C1337
:20A534000A32EF1C71889B080A0DE707D12BA10405D0DCE2D1265EDFCC297C07A708080D7B
:20A55400E909D52B8F071A90820794081001DE02D53957029B100A07E107EC2B5C08B299CE
:20A57400BE084294A5A82A888200598496030313DC02DC335E0999081605E10FE62D5700B4
:20A5940089003A909F080305E90389B6941603D0E3DCD82D5CD7D108AE9EF2024E104B99AB
:20A5B4009B100ED5DCD4E82759D2941603D1E5DCE02D5CD0B899531F71F97E06148C559F52
:20A5D4004FF8BE08D68BA02B849A4E935D00550359F8910A08945B9744F657170B018207C3
:20A5F40094081601DE02D93988031C907E0999081607E10FDE2BDD0680070A104A0F9408B4
:20A614001601DE0287C9DD04800F9B0A0805EF09EA339507138680079B100E05DC07FC2728
:20A63400960303E3DCD0EA335ED9990816D7E1DCEA2B57CEAE977E0F9F080305EF03EF267A
:20A65400941603D1E5DCEC2D5CD7A70A08DDE9D4E12960D0AC9F820794081601DE02F1393D
:20A6740094040CDDE3D6EA2B6AD9991010D5DCD2E62B5ED8B0977707A7040500DC15F12733
:20A69400600F9B1A0805EF090CFA640082FE18889B200E05DC071AEE960303E3DCD0FA33E2
:16A6B4005ED97C07DB094C118B1803F6800717104E0A030816844E
:20A6CC00101603069D100A07E107EC3D8D0F20887705D1074E51E8287707A7140500DC15FA
:20A6EC00594E79112F590A2A610C49018B083B8A57975B00820794081601DE0295B9940407
:20A70C000CDDE3D69AAB6AD9CA2F840794060C05E30F3A8A941816D1DECF1FF057D3800F16
:20A72C009B0A0805EF09FA33A11803D3E5D42CEAA2D7B707A7040500DC15F5271508CA12EB
:20A74C00E28555021090A1080303E507FC33E808B707DB03C9C3BE1603FC800F9B0A080599
:20A76C00EF090233A10803D3E5D43692E2D497D7611346F47E160B88579F5BFA7C07A70A28
:20A78C00080DE9072F889D080ADDE7D42F8AEAD0B52FF71294040C0DE309FE2BA70A08DDEE
:20A7AC00E9D42F88E0D49EDF591744F991040D874EA554F4800F9B0A0805EF093492A1082F
:20A7CC0003D3E5D43692E2D4B3340A0096030313DC03FE331309C810A70A080DE90733884B
:20A7EC009C079B100ED5DCD4102759D2771594040C0DE309FA2B1F09C818A1080303E50719
:20A80C006E129E07940816D1DECFF93957D3800F9B0A0805EF09EC12A10803D3E5D4EE120C
:20A82C0062D7940816D1DECF2F98D7D0A0D855124989910A10A45BA0548677102B0F820716
:20A84C0094081601DE022F9894040CDDE3D6348AEAD6B83C040494060C05E30FF60A9408A5
:20A86C0016D1DECFEB1857D38710028D731037097C0FD507C7C687080A088207940816D181
:20A88C00DECF71E994040C0DE30976DBAA0299101005DC05FE2B130FCE1094081601DE02B0
:20A8AC0033989303600F551909F9BC02BCD8A10803D3E5D47AE39F080305EF0375D6970ED4
:20A8CC0094040C0DE309FA2B1F09C818A1080303E5076E129E075707611306F4A90EB7CCDC
:20A8EC009D200A07E10784B41C0FEF277A869D080A0DE707C53BA7040530DC38F527153F0F
:20A90C00CA1299081637E132740A932860379B200E35DC2A6A3E99234E16440577103B099E
:20A92C007C07A70A080DE907C539600785903A0C4E1717F433253F1E94040C0DE309CA3B4B
:20A94C00918A3404840794060C05E30F0C2B94081631DE25F5390C33CC189B0A0835EF2C05
:20A96C003892A02A57359D180A3DE72A5542AA24500344176E043D0F9B1A0835EF2C644A12
:20A98C00642894060C35E332D03B572981147602771594040A0DE309062B6A07531F114902
:20A9AC00054C7707AFEC102A94181601DE02555097023C6F89390B08521699101005DC077D
:20A9CC00082B9B200ED5DCD4683E99D235754E124B017E090808522B99101005DC07CC3BC7
:20A9EC009B100ED5DCD408270ED2C31E94030ADDE3D66C0AA6D45CDF840794080A05E30F93
:20AA0C000C2B940816D1DECFF5390CD2CA189B0A08D5EFD43892A0D457D77E079B200E05D1
:20AA2C00DC0784AE1902E2350788CF0FCECA430816FC7C0F7D08E7C70C2AE4536DFAD78870
:20AA4C00A7040500DC158DB6130FCA125B9739F899101005DC076EE91A0F17071110F5137D
:20AA6C00B90394160300E30FD43D99081635E1320E2B572C9B080A3DE72AC53B6A33960372
:20AA8C000343DC2596C35E2A730837678A26EA4B054C0C5D0C7610FF700888560725770838
:20AAAC0094030A0DE309CE3BA708083DE92A012B5E2C9B100E35DC2AD837593294160330BF
:20AACC00E33296BD5C288108296F922EDD4B0C4C0C65106E05FF83045855053877F59B10A2
:20AAEC000A07E107E03B5C0F92084E170BF8793F2F0894081601DE02CD4994030A3DE32C44
:20AB0C00D23B6A3799201035DC2A76425E309F180335EF265B4D57377E832634750C3919C9
:20AB2C00910800337B18640A55174B0082073F0FA7040500DC15CD36E4107E0999081605D3
:20AB4C00E10FD63B57078C08551F0FF872374B0496030313DC02D0439B0A0835EF2ACE43D7
:20AB6C00643794180A35E3327E425728A7140530DC38594D5E31858A242C810A39218B08DF
:20AB8C00FB2B75186B129F180335EF26793D573794030A3DE32CD23B6A2A8370613C6E0B9A
:20ABAC003B2A8510063B6E297717501344164E124B007E09440FA708080DE907C93BE40843
:20ABCC007E0F0E083F15A7040500DC15CD36E4107E0999081605E10FD63BDD087E070A1012
:20ABEC002B08C709A7040500DC158DB6130FCA125B9739F899101005DC076EE91A0F170702
:20AC0C001110F513AC0494160300E30F7A4D99081635E132D23B57379B080A3DE72AC53B54
:20AC2C006A245012440677029B100A07E1078A4B99101035DC2A082B5E3F9F080335EF2624
:20AC4C00C736573694030A3DE32CCA3B6A295320510894080A35E332D03B572961144603D4
:20AC6C004E2554F37E0F9B0A0805EF078453A1080335E32A7E53623794181631DE251300A1
:20AC8C005723551F5BFA7C07A708080DE907435B9B180A3DE72A0BF26A3396130343DC25FB
:20ACAC0016FA5E2A7308470799101035DC2A7E4B5E309F080335EF26794657374E134B10DF
:20ACCC009B1A0835EF2A18FA642994180A35E3321EF2572A612546134E2654039B200A3787
:20ACEC00E12A22F25C317B1764F97E079B100E05DC07924759027E16FB0675103B09C3F83A
:20AD0C003C09A340B80B4E170BF8793F21887E080EF796030313DC0286535EFA7308470761
:20AD2C00C30036099E38B20B551F0FF87237270496030313DC028253850A00FBA708083D43
:20AD4C00E92A7F4B5E2875103F077707520E96030313DC028253C5FA2EF9B147B00384075D
:20AD6C0094080A35E332D83B94081601DE02436957029B100A07E107864B5C005B1944F8AB
:20AD8C009B080A0DE7077B4B64F496130313DC02803A5EFB99081605E10F884D57FA9B18AC
:20ADAC000A0DE707753264F77024642994130A0DE30976326AFA7320710C6E083B079B1036
:20ADCC000E05DC07884759F394260300E30F4C445CF9A708080DE9097B4B5EFA9B200E0520
:20ADEC00DC078E2E59F66E3764169B200A07E10790325C027B1A640A55175B008237940847
:20AE0C001001DE02CD4994130A3DE32C74426A3799201037DC2A60525E309F080335E92697
:20AE2C00CF3657376E126B017E0999081605E10FDA3D570785081A14591704F83E0D9603D4
:20AE4C000313DC02D443850A18FC8A074422A10A0305E307D44362077E882C08501204067E
:20AE6C00312B9B100A07E107E03B83902CFE77079B080A0DE707C93BA1140530DC38773D92
:20AE8C005E3F9B0A0835EF2AD243642A94180A35E3327E425729A1140530DC38594D5E32F7
:20AEAC009B0A0835EF2A8453642D94080A35E3328A4B572CA1140530DC38513D5E359B1A07
:20AECC000835EF2A524A64306E5C6B4E9B200E35DC2A563E59286E59643875316B1D731729
:20AEEC0077F97C0FA10A0305E307D04362077E08080750120406310C9B100A07E107DC3B39
:20AF0C00831008FD7707461E9B100E05DC07D6375902BE160307A5D0730E531717F8363AE5
:20AF2C00A10A0305E307D043C90803FCABD36EF7771594030A0DE309D23BA708083DE92C66
:20AF4C00CD3B5E378590420C4E1751F479023F2394030A0DE309D23BF0087C0FA10A030581
:20AF6C00E307D043E8087707A1040500DC15D5369B100A37E12AE03B5C3F840970085EF2B2
:20AF8C000C32ED1A5188A1040500DC15F2361E0FE9294F88A708080DE909F13B1E07E91F9F
:20AFAC004E88940810D1DECFD14994030A0DE309D23B6A0199101007DC07CA0A5E0A9F08D3
:20AFCC000305E903CB3657157E030A94559959B8A718080DE90981425E07C5100E909EE007
:20AFEC0051885092440694130A0DE3094E52AA005318518B4E975BF8751F3F034E0251F462
:20B00C008083379A6E927B097ED999081605E10FDA3D94080AD5E3DCDC3B57D78403961303
:20B02C000313DC02655A1E09E727678899101007DC07CC3B9B100ED5DCD402270ED2C31E5B
:20B04C0094030BD8E3D6A27966D49CDF5B1944F97E079B100E05DC070E27960303E3DCCFAB
:20B06C00FC3313D9C810A70809D8E9D697B95AD49EDF591744F9840396030313DC02D043B3
:20B08C009B0A08D5EFD4FA3319D9C3109B080BD8E7D467F960D099D289354E124B017E0940
:20B0AC0099081605E10FDA3D7E685BFC7E0F9F080305E903F7260C15C30B9B100A07E107AC
:20B0CC00FA8A980F8B6A54FC7E079B100E05DC0702270E02C31E94030A0DE309940AA607CF
:20B0EC00991010D7DCD4DC3B5EDF820794081001DE02F5390C02CA189B0A0805EF076092E2
:20B10C00A00994080AD5E3DCD83B57D7840396030313DC02FC331309C810A708080DE90912
:20B12C00838A9A079B100ED5DCD4D63759D2771594130A0DE3093CE2A71808DDE9D637E20F
:20B14C005ED79B100ED5DCD4DA3759CB6E1E24027E0F9B0A0805EF07FA331909C310E92722
:20B16C0093909F180305EF033FDD970EDDCC4B08240A991816D7E1DC40E294160C05E30FDA
:20B18C003EE25700A7140500DC153BDEA00F9B0A0805EF091893A007570577173B0882D731
:20B1AC003F14A7140500DC153DDE9D200AD7E1D450E49CDFD227B7059D180A0DE70733E2DE
:20B1CC00A71405D0DCE233DE60DF9B1A08D5EFD63CEA64D06E0E2D077E0F9F180305EF0326
:20B1EC003DDD971594040C0DE309188BA609992010D5DCD240E25EDF820794181601DE02B7
:20B20C003BF094140CDDE3D640E2AAD9CA2FC40794160C05E30F46E29700F0CC44FB0B16BC
:20B22C0094140C0DE30940E2F00ABC0FA1180303E50744EAA207C2272D0496130313DC0334
:20B24C0048EA9B1A08D5EFD638EA64D794160CD5E3DC48E297D069DC2C834E1E4485579F02
:20B26C005BFA7C07A71A080DE90737E0E6087E0FD307C7C8910405F7771594040C0DE3096F
:20B28C00E23B9B091890840794160C05E30F6CB20C07D60CE412C9963F059D100B0911077C
:20B2AC003E53975F2FF81907EB17030F9F080407A70406320C451B4DC700190AA3F815199F
:20B2CC002E1F4B084306B217930F2651C807DAC4C003030E77039D200A07E10780F4110F92
:20B2EC00D010E2157F889B100E05DC07DC37590294260301E50F4C545CF861194900CB0819
:20B30C000308A7985B14591704F88513480394260301E50F36E499081637E132D63B5735AF
:20B32C009D180A3DE72A45526A24501244067E041414551949F861192901424794060C35C2
:20B34C00E332A8AB9728581340F302192913C00F9B0A0805EF09CE43640794160C05E30F23
:20B36C00505257F8611346F37E160B08571F4BFA531737FB3A4FA1080303E507A4B3A2F810
:20B38C00451751F40406292505F8791167524423A71A080DE9072FE09D080A3DE72A9DABE7
:20B3AC00AA33408367184513C00F9B0A0805EF09A2B3A4073E86700A4C1F45177348184871
:20B3CC007204455E0304483D9B1A0805EF0934EAA1180333E52A74FA1737C3109C333C123A
:20B3EC00730694040C3DE32CA2ABAA2A4A1F4BF802093217BE0F9F180305EF036FED0C15BC
:20B40C00C30C923F411978F8A70A080DE9079DA9A0F84C1F49F8020B3C1307F77017174C32
:20B42C00D10FCECA830816027C0F2D08AD069D180A0DE70771B22A03E432A1963F059D102A
:20B44C000B0911073E53975F2FF81907EB17030F9F0804071F032D4C926522F42211E91943
:20B46C008788DB09CCD0CB0803FE80079B100E05DC0709371902E22534849D100B099908B9
:20B48C001739113F2851BEF61B08A5000D17291751044503A9258C0324599B1A0805EF0976
:20B4AC0034EAA1080333E52AA4B3A2373E08AB0547123E060207321FBE0999081607E10FE2
:20B4CC00AAAB970547089F1150173EF815072B12050A7005C557464D99081607E10FFE0A91
:20B4EC0094060C35E332FC0A0C37D60CC722B71594140C0DE30934E2A70A083DE92AF108AB
:20B50C001537CA189F080335EF269FA6973645134700090D2E17CA099910110794060D377F
:20B52C00133F2651BEF82504A0F30225291347104A0AAE179F092059A1080303E507F8122B
:20B54C001707C310A7040500DC159DA79E004C1943F8150B2E1F12FC7009804F9B100E054A
:20B56C00DC07E037DF03771594030A0DE309CE3BF0087C0FD507C7C885080A088207940802
:20B58C001601DE02B3A99702E92F8A8B99081605E10F9CAB970780050A107B084C26183316
:20B5AC00232B94260300E30F72C41C07F5277691A1180305E30778BA2207E227B08496131A
:20B5CC000313DC025E5A9E0999082600E10F100853074A079B100ED5DCD4142759D24E257B
:20B5EC0004F4BE0F9B1A0805EF075C5AA11803D5E3D45E5AA2D7C527CA0396130313DC023D
:20B60C005E5A9E0999082600E10F100853074A079B100ED5DCD4D83759D24E2504F4BE0F95
:20B62C009B1A0805EF075C5AA11803D5E3D45E5AA2D7C527CA0396130313DC025E5A9E0962
:20B64C0099082600E10F100853074A079B100ED5DCD4DC3759D24E2504F4BE0F9B1A0805EE
:20B66C00EF075C5AA11803D5E3D45E5AA2D7C527CA0396130313DC025E5A9E09990826001D
:20B68C00E10F100853074A079B100ED5DCD4E03759D24E2504F4BE0F9B1A0805EF075C5AC5
:20B6AC00A11803D5E3D45E5AA2D7C527CA0396130313DC025E5A9E0999082600E10F100881
:20B6CC0053074A079B100ED5DCD4E83759D24E2504F4BE0F9B1A0805EF075C5AA11803D5F4
:20B6EC00E3D45E5AA2D7C527CA032203971694130A0DE3095C52AA0799102000DC070A0804
:20B70C005A0F4E07940816D1DECFF5390CD2CA189B0A08D5EFD43892A0D457D755170B0118
:20B72C00C20794181601DE02576094130ADDE3D65C52AAD7CA2FC40794180A05E30F62523F
:20B74C009707A70415FBDC1503035A0F4A09990816D5E1DC022B0CD7CA109B100ED5DCD460
:20B76C007A0695CF57E54E120B01BE0999181605E10F645294180AD5E3DC625297D7D82391
:20B78C00B90294260300E30F5E549C07A7081808E90703085A074A0FE808B707A7140500EC
:20B7AC00DC15574D9B200AD7E1D46A529CDFD227B7079B180A0DE7075752AA039603130EE1
:20B7CC00DC020A105A094807F008BC0FA1180305E3075E5A9F1803D5EFD0594D97E5C52236
:20B7EC00BE0F9B1A0805EF075C5AA40794081A00E30F0E0853075603DF03B71594130A0D7A
:20B80C00E3095C52A71808DDE9D457529ED7CC2FC20794081601DE0287B994030ADDE3D635
:20B82C008CAB1FD7C818D227B7079B080A0DE7078DABA70405D0DCE28DA69EDFCC29BC07B2
:20B84C00A708080DE9078DAB9E079B100E05DC079EA799FB62A51D839B100A07E107C69B25
:20B86C00E210C40794080A05E30F94ABDD09CA0396130313DC025E5AE40ABC07A718080D96
:20B88C00E9076B32E408BE0F9F180305EF0373AD1715E222B9900A0A7508E0240A32EF1A32
:20B8AC00AC889B080A0DE707F72BAA039613130EDC026E1F5A09990816D5E1DC0E2B57D789
:20B8CC0055170B01C20794081601DE02F73994030ADDE3D6FC2BAAD7CA2FC40794080A050A
:20B8EC00E30F022B9707A71415FBDC1567125A0F9B0A08D5EFD4CA4364D74E170BF9BE0F1E
:20B90C009F080305EF03F926941603D0E3DCFE2D9CD7D827BC0FA1080305E307FE33A20742
:20B92C00941826FCDE02672553029B100AD7E1D4DC3B5CDF5B1904F9BE079B100E05DC0702
:20B94C000427960303E3DCCFFE339ED9CA27CA0799101007DC07FE2B9E0F9F181300E903ED
:20B96C006912531594030ADDE3D6FA2B1FD7C818A10A03D5E3D4EE929ED457D75B1306F4E4
:20B98C00B71594030A0DE309FC2BA70808DDE9D6F72B9ED7CC2FC20794081001DE02F739A3
:20B9AC0097029B201A02E1077A17580FA10A03D5E3D4D44362D74E1711F5B90294160300CE
:20B9CC00E30FFE2D990816D5E1DC042D97D7CC27BE0F9F080305E903F92697153ED3AA97DE
:20B9EC0089021008A708080DE909F72BE408BE0FD30747498B0407F3771594030A0DE309EE
:20BA0C00E63B9B071890840994080A05E30FF03B940810D1DECFDD4957D29B100AD7E1D4A0
:20BA2C00EC3B5CD8B29977079B080A0DE707E93BA10405D0DCE2E1365EDF9B0A08D5EFD439
:20BA4C00E24364D2A5977E079B100E05DC07FA37960303E3DCCFE8435ED9990816D5E1DC17
:20BA6C00E63D57D0AC977E0F9F080305E903EF36571594130A0DE30908F26A0087081C8A31
:20BA8C0094180A05E30F0EF2940810D1DECFED4957D27E0F9B0A0805EF079EB395091388A5
:0ABAAC007E0717104E0A03081084ED
:20BAB800C815E306E4107E09CD07120BE2108409C807CA1BE410820788073004C0E30225FF
:20BAD8009EF3091F30190AFC83089824D509C71BE4087E0FD307CB1BEA04790288152303DA
:20BAF800A0110CFE7508981C8D0F300ABEE80917A5000D17291712F872037B2AC802D623B6
:20BB1800E40A7C07DB07D823EA0A77078F072A10A40905FC7D046F17C815DF06E4107E098B
:20BB3800CD07F2AB433010FB77070A9817100E0A94081001DE02DB7988021E207E099908CE
:20BB58001605E10FE86D570779271C109F180305E903394D0C154B2B000A0A0A7508026A74
:20BB78000A3F6E1FDD900CFC7711824A94081001DE02DB795702793F1C0A99181605E10F3A
:20BB980044540C075330000A0E087008E5660732612BDD8C0C04770B654AA708080DE90957
:20BBB800DB6B5E07794F200894181001DE0237600C025138000408088308C6721239611D67
:20BBD800E48F0C047B09494AA1040500DC15DB665E0F79591A08A718080DE909375213070D
:1EBBF8005038040203087D04AC6505456118E4960CFE7509454A1510500C03080A8892
:20BC180010504357EA0407FC851B05870C65770AA70A182AE702318A94080A05E30FEE9B46
:20BC38005707A1140500DC15374D1A0F1E09FE03A708080DE909E39B5E07411F7648054C06
:20BC58007D050D4594160300E30FEA9DE2388A078A02122C3F77C5083F5C104C700908570B
:20BC78000787701688040C32E9FC2988A708080DE909E39B5E079B200E05DC07444E150245
:20BC98001715F9FE9B100A07E107F69B5C0F47196B480C4C7711EC4994081001DE02E3A988
:20BCB800DD337E0F8CFC0A2A524DC31019579E3C0A480C547B09CF5B128872034016052568
:20BCD800BE029E09E707378899101007DC07EA9B5E0F9F180305E903394D13151702000B26
:20BCF8009B0A0805EF07E8A364093A1772480C547B09B349A1040500DC15E396E4407E09E2
:20BD18008AFA182A4427A409F9FFCC2141195E9805A1D55DD182E26F0E849D100A07E10744
:20BD3800F69DE240840785F80E2A4614900A052A52050593055E94140C0DE3098072AAFA3E
:20BD5800E720558894160C05E30F88728518CAF4DF9362A51904E6A6488C442BA71A080DAA
:20BD7800E9076B509D180A3DE72A6752AA33B90294260301E50F6E548A07CA09442FA1189E
:20BD98000303E507725A9F180335EF266B4D9745B7039D200A07E1077C548A0FC4073F143E
:20BDB8009D080A0DE707E39BF02B790294260301E50F72548A07CA094411A1180303E507D1
:20BDD800725AA2FA052A3304D60394260301E50F84748A08CAFA99201005DC0584728C2053
:20BDF800C2F894081601DE02DF79DD0538019B0A0805EF09E473A1180333E52A745AF61A8E
:20BE180094081601DE02DF7937FC9D100A57E14CF26D48547D082F130E2AE91236089418D2
:20BE38001601DE027B80DD04C00F9B0A0805EF09E8A3640794160C05E30F425213072A0320
:20BE5800FBFE94160301E50FEA9D5C074D197050124C70070B489B100E05DC07F697DF2DBD
:20BE7800771585F60E32270A8908A70A080DE907DF699B204A01420794081601DE02DF7969
:20BE9800DD0638019B0A0805EF09E473A1080333E52AF073F61A94081651DE47DF79434801
:20BEB8007910F0160A2AF50C2F10A1180303E507827AE808B707A7040500DC15E397600F88
:20BED8009B1A0805EF093C5A2007170502039B100E05DC07F69759023A256B440E54770B37
:20BEF800C148A70A080DE907E399E6327E0F90FA052A523F96130343DC26745A9B0A08058F
:20BF1800EF09EE73240792952C089B100E05DC07FC670D22A906B7249D200A07E1078E74B5
:20BF3800E210C407DD964A97E4A64C8A3F1FA7140500DC15674E9D200A37E12A7E549C3FFE
:20BF5800C4073F129D180A0DE7076952A7140530DC386B4EA03FBE094409A71A080DE907C2
:0ABF78006B50A0FA0C324A0903983E
:20BF8400074794160301E50FE66DE20942FB99101005DC05E86BD22FE8F637075205961323
:20BFA4000313DC03847A9E09E717110999201005DC058472E411C207DD98544FDF9941583F
:20BFC4003F139D100A07E107F26DE2A644073F1D9D080A0DE707DF6BF09439023F26941417
:20BFE4000C0DE3098072F00ABC0FA1080303E507EAA3E82F770798F607253F4F94040C5D7B
:20C00400E34EE46B564E75104D140528EBFA31909F180305EF037D6DDD16B7039D100A0739
:20C02400E107F69D5C0FA1180303E5073E5A1E0717070CFF96030313DC03ECA35E093F17AB
:20C044007E4A0A547D0913469D080A0DE707E39BF02C790285080526481A9B1A0805EF0944
:0EC06400807AEA08B7058E0A0C324A09039862
:20C07400074794160301E50FE66DE20942FB99101005DC05E86BD22FE82A370752059613FE
:20C094000313DC03847A9E09E717110999201005DC058472E411C207DD98544FDF9941584E
:20C0B4003F139D100A07E107F26DE2A644073F1D9D080A0DE707DF6BF09439023F26941426
:20C0D4000C0DE3098072F00ABC0FA1080303E507EAA3E82F770798F607253F4F94040C5D8A
:20C0F400E34EE46B564E7510D5130528EBFA31909F180305EF037D6DDD16B7039B100A07C4
:20C11400E107F69B5C0FA1180305E3073E5A1E0717070CFF96030313DC02EAA35E093F17BF
:20C134007E480A547D099B479B080A0DE707E39BF02D790285080525461A9B1A0805EF07D2
:0EC15400807AEA08B7078C0A0C324A09039871
:20C164000747057594030A0DE309EC6B51C8121044F894080A05E30FF26B2FF9A7040500B9
:20C18400DC15DF66E41236FB99081605E10FEC6B94080A35E332F26BEB1A520596130313D3
:20C1A400DC02827A9E09E717110799201005DC078272E411C207DD98544FDF9941583F1207
:20C1C4009B100A07E107F26BE2A644073F1F9B080A0DE707DF6BF09439023F2694130A0D55
:20C1E400E3098072F008BC0FA1080305E307EAA3E82F770798F607253F4F94030A5DE34E66
:20C20400E46B564C75104E13052AE9FA31909F180305EF037D6DDD16B7029B100A07E10785
:20C22400F69B5C0FA1180305E3073E5A1E0717070CFF96030313DC02EAA35E093F177E48D0
:20C244000A547D0914479B080A0DE707E39BF030790285080525461A9B1A0805EF07807A11
:20C26400EA08B7078C0A0C324A090398184C454794160300E30FD88DE208CA074854C01C21
:20C28400434C13570A181007434CC6184552941603D0E3DCCA8D3F177E480A547D08C90DFC
:20C2A4000C2A9052C2CA0C07160C07024315B3224A0C9B0A0805EF07C893A1080335E32A24
:20C2C400CA931731C3104D136D43055A7003B8150C394A01CA0199101005DC07067B9B100B
:20C2E4000E35DC2AD6870E32C31EB70213DF0A120A0756D4B82C50D494080A05E30FD08B71
:20C304003A177E440747701694080C3299CC28F88A0711DF101005074AD4BA2C4ED4940864
:20C324001601DE02C59994030A3DE32CCA8B6A313F1F7848054C77088315102A928A36F4C1
:20C3440047FC770F0CD20A180C0948D4C62448DCA1080305E307CC939F080335EF26C78696
:20C36400573F3A1272500C4E7508760D0A32964A45317E0113DF0E10050756D0B51F43E26F
:20C3840094030A0DE309CA8BA708083DE92AC58B5E31411F7648054C83044D08054545FCEE
:20C3A4007E099B0A0805EF070483A1080335E32A06831737C310A7040530DC38C5865E305E
:20C3C400908A4A17CA0799101005DC07067B9B100E35DC2A12770E23C31E94030A3DE32C6F
:20C3E400CA8B6A371E0F52F8B7F813D70A18100743D4C62045CF94160300E30FD48D3F1793
:20C404007E480A547D08150D0C2A9052C2FA0CD7160C070243E2B31F4ADC9B0A0805EF07A6
:20C42400D293A1080335E32AD493A2313A177E4407477016FE070C3F4C03BC01A708080D64
:20C44400E907FF7B9B080A3DE72AFF7B1F33C50B94160330E332D48D9C285817BC0FA108DD
:20C464000305E307E0939F080335EF26DB869745C522BE0F9B0A0805EF07D293A407E2577D
:20C48400B9899B100E05DC07D6870E02C31EE232B19113D90810180748DCC02443D49B082C
:20C4A4000A0DE707C98B4D136D43055A7003C8140C2C97CA36F87C0F19D703100C074ADCD3
:20C4C400BE2443D4A7040500DC15C9869B100A37E12ADC8B5C3947176B480C4C7710B40CCC
:20C4E400052AA58625F3450F77FC13DF0A120A0756D4B82C50D694080A05E30FD48B940814
:20C504001031DE25C999572C411F724A0A4C83089514122C894A4C317E0917D7031012031D
:20C5240045CFB33243CF9B100A07E107DC8B99101037DC2AD08B5E3945176B48124872031B
:20C54400781A05324C097E0399081605E10F0C7D94080A35E3320A7B0C37D00C9603034390
:20C56400DC25D0935E2A0E885817BC0FA10A0305E30706839F080335E92601760C36C30B60
:20C584009B100A37E12ADC8B5C3F260945F8BEF89B100E05DC0708770E02C31E94030A0DBD
:20C5A400E309006BA60799101037DC2AD08B5E3F820794081001DE02FB8994030A3DE32CFE
:20C5C400007B1F37C818D229B7079B080A0DE707EB6BA1040530DC38C9865E3F2019C30811
:20C5E4002710AE1F9F1904F87E07E928D88803087D04B1060538E205C8909B0A0805EF0722
:20C60400F4738B0A14007E079B100E05DC07E287DF0377153F219B100A07E107026BDC0FAD
:20C62400EA0A37079B080A0DE707EF6BA1040530DC38EF66DE32BA1CFCFAA708080DE909ED
:20C64400D58B9B080A3DE72AD58B6433C722771594030A0DE309DA8B6A078310110A421798
:20C66400E6079B100E05DC07E687DF04B7150CC30A18E44D67F88F8848DCC02643D413D769
:20C684000A1810F843D4C02045CFDD6562F32D9013D9081018F848DCC02643D4E44C69003F
:20C6A40028880CD7100C07F343E2B31F4ADCE44F67F8278811DF101205F84AD4BA2C4ED43A
:20C6C400DD4C6FF40D8394260300E30F6064E2094A0748DCC02643D413D70A18100743D430
:20C6E400C02045CF94160300E30F047D3F177E480A547D0A9E0B0C2A5D5234F8B70750D089
:20C70400B51F43E20CD20A180C0948D4C62448DCA10A0305E307048345176B4812487203DB
:20C7240088190525E41A9B0A0835EF2A0283A42A06FA14F8BE0F17D70310120345CFB332F6
:20C7440043CF9B100A07E107107B99101037DC2A047B9E3945176B48124872036A190532B0
:20C764004C09BE03440D981A0A322D0AD80A0A0846179F080305E903D386DD1FB7029B1084
:20C784000A07E107DC8B5C0FCB0A0312491715909F080305E903CB865715BE030C1A49193A
:20C7A4001C88A708080DE909C98B5E07C5100E1042171D8496030313DC02D0935E09C30853
:20C7C4001810871F148A0308460F9B100E05DC07DE87DF08B71503032710520C9908160579
:20C7E400E10FDA8D9707E917A6909F080305E903D186DD16B7029B100A07E107EE8BE2105D
:20C80400C40994080A05E30F0C7B94081031DE25C3990C32CA18BE0944741FD70818120917
:20C8240043D4BA244ADC9F080305E903CB963A256B430C54770A020A182A8E5244FC0CD79E
:20C844000A100C0F4ED4B32450D096030313DC02D0A39B0A0835EF2ACEA324333A177248B8
:20C864000C547B08E60A123347FC370F94030A0DE309F86BA708083DE92CEB6B5E379B1077
:20C884000E35DC2AD2875923452577029B100A07E107D88B99101037DC2ACC8B5E3FD027AB
:20C8A4007707A1040500DC15F366DE0F9B0A0835EF2ACEA3243937079B080A0DE707DB8B00
:20C8C400A1040530DC38DB869E3FCC29BC07A708080DE909FF7B9B080A3DE72AFF7B1F3379
:20C8E400C50B94160331E532D09D1C285819BC0FA1080303E50708831707C31018039603B7
:20C904000313DC030A839B0A0835EF2C06831928C30ECEF8BE000D2785073304AC04941624
:20C924000301E50FD48D9C07F5291E9119D7030E0E074ADCBE2443D4A7040500DC15FF77DE
:20C944009D100A37E12A127D1139D0103A1574480C547B086E0A18268B45453FB7FD15DF81
:20C964000A120A0756D6B82C50D494060C05E30F0A7B94081631DE25FF890C2DCC1841194B
:20C984007048184E7510620A05354E01BE099F080305EF0301760C15C30C220F80039908D7
:20C9A4001607E10FDE8BDD08C0072710E00870091F388A022316BEE40B1FA5FA07173C19BF
:20C9C4000A047D0820139D480A0F9F4803372F33D5C6BEF60213A70009192E176F09D8D377
:20C9E40095072306A2090C047B080D1523044506031694140C0DE3095E622A096628A108AC
:20CA04000303E507DA93E808B707526396030313DC03DC939B0A4835EF2CE470A108144EB7
:20CA2400C7E8095FA9FC034856480747031630060C100C2CBCFAA70A080DE907EB69C7E8ED
:20CA4400090FA90714008A0396030313DC03F473DE0999081637E132E08B973540079B1063
:20CA64000E05DC07FE6796030343DC26F473DE2CB81A0AFC99101005DC05F46BDE0F9F089B
:20CA84000335EF26D58697458993400F9B0A0805EF09F073A1080333E52AF273E22AB31A6A
:20CAA4000AF696030313DC03DC939B0A4835EF2CE470A108144E87080B504E4C054C1604EA
:20CAC400320503160526C0029B0A0805EF09D893A407E21521880A107B08F309A70405006C
:20CAE400DC15D1879D104A37E12A160A08103D0A03060E2ABE027B08C00A520B96030313D7
:20CB0400DC03DA93E40DBC07A71A080DE9071BD0E609BE0F1B08030B9B032503BEF60213E4
:20CB2400A70009192E1718FE75107A1494460C079B500E371C37E6C79B045C15D3C7910F53
:20CB44002A0A9E0918FE75106B1470075F3B0A102B088F08A7040500DC15CD87A00FE969F1
:20CB64008788A70A080DE907CF89E608BE0F9F080305EF03037694160331E532CA8D11372B
:20CB8400D612BC0F4C5E0CD50C100C0F4ED4B32456D096030313DC03D2A341197048184E82
:20CBA400751054090528924A3E0217D70310180345CFB33243D09D100A07E107DC9D991056
:20CBC4001035DC28D29B1E3945176B4818487203301705334E093E0399081607E10F006B30
:20CBE40094060C35E332F66B5737A7040530DC38C58760304C197C07A70A080DE907C58996
:20CC04009D080A3DE72AC58B6A33C722771594040C0DE309047BA70A083DE92AFF791537C8
:20CC2400CA189F080335EF26CB9617364513C00F9B0A0805EF0906831907C30E0E079B1061
:20CC44000E05DC07147796030343DC260A83132AC810D8FABC000F279B05480F9B100E0553
:20CC6400DC07E487DF07B7150CD30C180C0948D4C62648DCA1080303E50706839F08033569
:20CC8400EF2601760C3FC30C431F724A0A4C830AD510122A89484E31BE0917D70310180395
:20CCA40045CFB33243D09D100A07E107127D99101035DC28087B1339CE103A177E4407472F
:20CCC4007016B7040C3F4C03BC01A708080DE907FF7B1307CA1824077900A7040500DC1549
:20CCE400D186E412BE094418F5201790A1080305E307D493A207614A520B96030313DC02C4
:16CD0400D893E40EBC07A708080DE907D18B9EFA0C324A09039825
:20CD1C00075294164300E30FCE3A99181635E1328A52932A5E2C0C540E0830171604072582
:0ECD3C00A8E803048FE20A0B0A2A520908A095
:1ECD4C00DD08AFE70E119F084305EF03BDD3031630120A108FDC0809182A441110988E
:20CD6C000C570C689F080305EF03E586851677F39B100A07E107F08B8A10C4F83F419B0827
:20CD8C000A0DE707DF8BA7140530DC387D4D9A325E2A99081635E132EA8B97294C187E00E0
:20CDAC009F080305EF03E58694164330E332023A99081655E154EC8B574C9B080A5DE74C55
:20CDCC00DD8BAA449403241645830C540C0F0808430A0810122A77FA9B080A0DE707DD8BAB
:20CDEC00A7040530DC38DD869E30CC1ABCF8A708080DE907DD8B9EF89B200E05DC07824E35
:20CE0C0055029707821310108FDA0809F508C18FA1080305E307EA9362FA052A5205059303
:20CE2C00055ADD334904138AE24155570E909B0C20280C2A4617999C1FF84D136D23053825
:20CE4C003F040AA09B0A0802F0FD610F645D94080A02E4606707575DA70405FDBE465FF4FA
:20CE6C00A5FFB9026107867D99101002DD0863077E859F080302D13461F49E05B2FB630F07
:20CE8C007A7F99081602E2106907777D8C08461C9F080302F0045E02738B94030A0AE40AF1
:20CEAC0061078A7DCA20EA2642F8FE870A100E98940816FEDFAD5C1557589B100A04E25D2A
:20CECC00C69291B39411F7B69B180AF03E06DCEBBEAED9B177550CA68E1953B41012A708AD
:20CEEC00080AEA085C07864D9B100E02BE685203A0625114B38D93B38E13FCB6A71808F0BF
:20CF0C004006DCEBB2B2DEBE82470CAB9A0D4EAD0B2094030A0AC56A4706B167540CC092BA
:20CF2C008CAB8E11FEBE9F1803E84602DEE6ABC0D7B17E4F13AD8C115FB2101AA10803029F
:20CF4C00E410630F665D940816FEDFAD5C1557589B100A04E25DC69291B39411F7B69B18A7
:20CF6C000AF03E06DCEBBEAED9B177550CA68E1953B41012A708080AEA085C07864D9B10C8
:20CF8C000E02BE685203A0625114B38D93B38E13FCB6A71808F04006DCEBB2B2DEBE82472D
:20CFAC000CAB9A0D4EAD0B2094030A0AC56A4706B167540CC0928CAB8E11FEBE9F1803E8BC
:1ECFCC004602DEE6ABC0D7B17E4F13AD8C115FB2101AA1080302E40D630F665D039874
:20CFEC0096030310DDF8630F5E5F99081602E2606907575D9B080A0AE8B25C076A59960346
:20D00C000310DD58BA9A93AD8C110AB6992010E83306E3EBB2BAE2B677471FA7890C4CC0EA
:20D02C000B0D9B100A04E2886F075C65A1080302E4B2630F625D940816FEDF58B3A08CA691
:20D04C008E19FEB8991816E8380EE9EBABB2DEB67E4F17AB87115FAE0D0DC8C50303E4D018
:20D06C007E097508BB0808A0A1080302E466630F625D0398A70405FDDD0B5C025E659B0A16
:20D08C000802F058610F645D94080A02C5100E005C07867996030310DD03630F7E7F990878
:20D0AC001602C31010025C077A7D9B100E02DD0869037978941603FDC5704609A36764066E
:20D0CC00610F807F94080A02C5704D069E675C005E02778B94030A0AC56A4407B167560E41
:20D0EC006909737D9B080A0AC9684206AB6351FF5C1577788C10461699081602E2106909BF
:20D10C00737D9B080A0AE8085C078479C713DD3242F3FE8F0A0A7508190808A0A10A030257
:20D12C00E4B2630F625D940810FEDF58B3A08CA68E19FEB8991816E8380EE9EDABB2DEB69D
:20D14C007E4F17AB871159AE0D0D941603FDE4D063095C5DDBB70810EAB477077708321071
:02D16C000E981B
:20D17000A10405FDDDC05C025E659B0A0802F05DB89A99AD8711FEB69B200EE83306E9E7A0
:20D19000ADADD7C4774213B38E1351B21E1299101004DDC863075E65D3B70388EAAE790280
:06D1B000701607030AA03F
:16D1B80008085209991090091C071A0A201DED17FE07100405937B
:20D1D00023D38F0F2A0AC3E81517A3000F1929170CFC77101D11C8079005DF0B77153F04BB
:20D1F0008F0F8A0B77271407CD0F9C0B3EE849FC7E0F93072308A60507F77016FE0BCF0FDD
:20D21000921BE20D8A07CD0F9C1BDD087E07CF0F9E19DD088403CA029727DD037E0FCF0904
:20D23000A019F0087C0FD5099F19E4087E0FD307A319EA0EA02203067702CF0FAE1BE20830
:20D250008A07CD0FB81B7E080CF87E0FD307AF19EA047902C815B31485100CFA7C07DB07B8
:20D27000BC21EA0A7707CF078E21E8087707D503BD14DD167702CF0F8A2BE2188A07CD0F4D
:20D290009C2BDD087E07CF0F9229DD088403CA028B37DD037E0FCF099829F0087C0FD50953
:20D2B0009F29E4087E0FD3079729EA047902C8159B24E4107E09CD07B629E2208409C807F2
:20D2D000B629E4108207C807B425DF037715C802B231E40A7C07DB07B831EA0A7707CF079B
:20D2F000C631E8087707D503B924DD167702CF0FC22BE2088A07CD0F903BDD0C7E07CF0F5F
:20D310009239DD108403CA028F47BE83090F7E09CD07A6394390D7FA7707CF079241E808CE
:20D330007707D5039934DD167702CF0FA23BC31891017C0FD509A339E4487E0FD307A7396E
:20D35000CBA48CFE9E1512F37E0FCF09B039D1A88F0BAB0912F87E07CF0FBE39DD08840327
:20D37000CA02B747DD037E0FCF09C039F0087C0FD509B309E4087E0FD3078789EA047902AC
:20D39000C81583844590CDFA7C07DB079491EA0A7707CF079291493853F88403CA029797BB
:20D3B000DD037E0FCF0998895108C9008409C807A689E4108207C807A885400345067702CA
:20D3D000CF0FAE8BE2088A07CD0FB08B3E385AF87E0FD307AF894BE433F37715C802B2913F
:20D3F000459ACBF88A07CD0F949BDD087E07CF0F8E993E3860F47902C8158F944570F4FA88
:20D410007C07DB0790A14B9AC6F87E07CF0FCAA9DD088403CA02BBB73E83CB007E09CD075C
:20D430009AB9E2108409C8078AB9459050F87707D503A1C4DD167702CF0FA2CB4388D8F8CE
:20D450007C0FD509A7C9E4087E0FD307A3C94B8447F37715C8028EF1E40A7C07DB0788F17A
:20D470004B8A44F87E07CF0FB2E9DD088403CA02A3F73E335A007E09CD07C2E9E233840948
:20D49000C807B2E945A0D1FA7707DB03C1F4DD167703D10FC2FBE2088A09CD0FE8888805F1
:20D4B000E488C5000D179EF806132B127E160C04B21F7E09CD07EE8A8D0FE888BEF60B17F1
:20D4D000A5000D0829179104050CA9257703D10FE68A8D07F28AC30000179EF60B17301F15
:20D4F000A4987707DB03150488151305C7000919A3F8150A2E1F8B08030FB2177E0FD307F1
:20D5100057099B035904BE060213A700090A2E17910A0819B6177705D107E2909307DB887C
:20D53000D1F4F5129E060213321FA01A7C07DB09E0909507DB86C7F80910A9F802173C1396
:20D5500040030318A913800FCF09E4889B09E490CBF80206A7F8091F34173E081606AB12BA
:20D570007715C80320118F091C09D1FAF81FABF802153217A0308207C8072E058A021B1758
:20D59000BEF40B10A5FA07173C197C0FD507534791075A51C9F8F317B1F4041229259924C7
:20D5B000800FCF095C499B095C51CBF8F315A7F8091F341799288A03CA02E7F73ED44C01CA
:20D5D0007E09CD07F6EB438050F97705D107E6F1494843F98A03CA02D3F73E844C017E0942
:20D5F000CD07E2EB438010F97705D107CEF149C843F98A03CA02C3F73EB44C017E09CD07A1
:20D610000ADB43A050F97705D107FAE149E843F98A03CA02C3D7DD04800FCF09CCC9F00A83
:20D630007C0FD507CBC7E6087E0FD307CFC9F0047902BE1607F8A71F0EFE7CB7D10A0C04C2
:20D65000AB1707FA8409C51012FC9E171AF87D05BE1607F8A71F0EFE800BD10A0C04AB1761
:20D6700007FA840CC51012FC9E171AF87D08BE1607F8A71F0EFE800ED10A0C04AB1707FAF9
:20D69000840FC51036039E676EFC7D0BBE160EF7A71F0DFD8011D10A1303AB1706F9841260
:20D6B000C51011FB9E1719F77D0EBE1606F7A71F0DFD8014D10A0B03AB1706FF8415C55096
:20D6D00016FB9E1719F77D11BE1606F7A71F0DFD8017D10A0B03AB1716FE8418C52017FB4C
:20D6F0009E1719F77D14BE1606F7A71F0DFD801AD10A0B03AB1706F9841BC55017FB9E1764
:20D7100019F77D17BE160EF7A71F0DFD801DD10A0B03AB1706F9841EC51011FB9E1719F71D
:20D730007D1A7E4605F58428E41F8021F00A802AEA087B21E608822CE8087B25F0047D2144
:20D75000DD167B23E610822AE2088E2BE210882A7E061CF98233E8087B2CF0047D28DD16CE
:20D770007B2AE6108231E2088E32E2108831DD068432E4108633DD088E30DF037B43DD048C
:20D79000843EE40A8037F00A8040EA087B37E6088242E8087B3BDB03BD04C808BB05203FCE
:20D7B0008C0A3F1717FA3C0F4C09C805C4091E0F451764F8F5130002C815BB05D102C20BF6
:20D7D0001C37981A3F1F91F837058E084619D307BF09F037A71293B85733800FCC1AE23C32
:20D7F00055FAFF0FD507BB07D1FAC211223785184D1306F33715C803ECF18F09E8E9D1FA09
:20D81000071EABF8021532177E0FD307E7E99B03E9E4BE060212A70009192E178A09CD0FD9
:20D83000D4E98805D0E9C5000D169EF815132B127715C803CD11CFFCC9092A398A204717B5
:06D8500004F640070AA0E7
:20D8580010081606CA02AA171703431F6BFA7E02DB09A8118B0813F6800717100E0B700816
:0AD87800E5041203431803040A90AC
:20D884004854A708080DE907D89B1E07E91FBC8894081601DE02D8A9DD043E0F9B0A08055C
:20D8A400EF07DFA3EA08370746739B100E05DC07EB97DF04371594030A0DE309DC9BF008A8
:20D8C4003C0FA1080305E307D2A3020494081601DE02D3A9880226907E0999081605E10F61
:20D8E400DC9B94080A35E332DE9B57378A03876794160300E30FE09D1C07ACE80A5412FDFB
:20D904007008A40A46289F080305EF03D596571594030A0DE309D49B6AF8AA1F4B483B08ED
:20D9240089F80D104A1794081601DE02D3A9880226907E0999081605E10FE59B1707E927B4
:20D94400EE8F9F080305EF03D19688151F837E0F9B0A0805EF07DDA324F8DD2969F81410A3
:20D964009F080305EF03DA961706DD236900138A1CD7C40E43904E48054C77097D559F08F7
:20D984000305EF03DA961715E21222109B0A0805EF07DFA3190703100CF89B100E05DC07C5
:20D9A400ED9796030343DC25E1A313390810D8273C0FEA12821785879B100E05DC07EE9706
:20D9C40096030343DC25DFA31E393C07A708080DE907D89B1E0768279F080305EF03DD9658
:20D9E400DD3937020A10461199081605E10FE89BDD273E079B100E05DC07EB97DF0337159A
:20DA040094030A0DE309E09B2AFA0A324C090398CF074E11E81077079858074770172548C0
:20DA24009B200A07E10792728A14124C700804090C3242FA94181601DE027F8017F3E41887
:20DA440069192A08F018671F2F08DD2069174210E82862179104DF2B62258E03E440691994
:20DA6400DB08F040671FF308DD486917FD10E85062172805DF5362252504E46869196B095A
:20DA840033089811922C94080A05E30FD69BD7072AF90747056B7003D911E4140AFC83092C
:20DAA400E954926C94080A05E30FE49B1707ACC40747050B7003CA11270A8E09A708080D45
:20DAC400E907CB9BDE07122FCD272F88A7040500DC15CB96DE0FD22999081635E132E49BB3
:20DAE40017371A071E0F10FD94081601DE02D7A994030A3DE32CDC9B2A37CA2F4407852CAC
:20DB04000C4C0C657B089B09986896030313DC02E0A31E099EC8184C0A057D089009461A83
:20DB24008C749F080305EF03DB96171599D30C540CFF7508970999101005DC07DF9BE410A0
:20DB44004207030833044504857A94030A0DE309DE9B2A079EE0124C05FD770877119F081E
:20DB64000305EF03DA96DD3737022710370B99081605E10FE49B17F89B080A0DE707CB9B29
:20DB8400EA030D2282062F839B100A07E107DE9BDC0FD82794080A35E332E29B1737260340
:20DBA4001902050B94030A0DE309DC9BA708083DE92AD79B1E37CC2F4207852C18480758A3
:20DBC40070163D048C749B0A0805EF07DEA3240799C80C4C0C057B0832095216876794169E
:20DBE4000300E30FE09D1C07ACD80A5412FD70082D099B100E05DC07EB97DF033715030396
:20DC04002710EC0A8A6CA708080DE907D99B1E07A0E0104C05FD8304140494160300E30F74
:20DC2400DF9DE2284A072510DF08856C9B080A0DE707D99B2A039BE3055A05F87710060A42
:20DC440099081605E10FE59BDD2A3E072710CA0894081601DE02CBA9D702122FC93916887E
:20DC6400986C99101007DC07E09B1E0FA4C8054C12F97203E4163F0F8C749B0A0805EF0724
:20DC8400DEA3240999480C4C0C057B08D808100422039D1685679B100A07E107EC9B1C0FF7
:20DCA400A6DA054C0CFD7710D50894081001DE02D8A9DD273E0F270A8F08A708080DE90945
:20DCC400CB9BDE07D22F9F080335E926D996174513028C340C4E7508BB080A3244FC9408B4
:20DCE4000A05E30FE29B94081031DE25D7A91732CC2F3E0999081605E10FE49D17079C18B8
:20DD04009B100E05DC07D897D9020B3582F318108C6E99081605E10FE69D1707A0C80C5428
:20DD240010FD70089904410F857A94030A0DE309DE9B2A079E50124E05FD770887100E08AE
:20DD44003F4AA1040500DC15CB96DE0FD22999081635E132E49D17371A078C34104C7008CF
:20DD640071040725370894030A0DE309DC9BA708083DE92CD79B1E37CC2F4207856CA10404
:20DD84000500DC15D9961E0FA0DA0A4C18FD7510630A94080A05E30FE39BDD084403411678
:20DDA400857A94030A0DE309DE9B2A079EE0124E05FD77084B109F080305E903DA96DD3A40
:20DDC40037024611CF094C09918808008409039845884850104C700955478767055A7003A3
:20DDE40013109B0A0805EF07DDA3EA0A37070A980C549F080305E903DB96370A85679B10BC
:1EDE04000A07E107EC9B1C0FA64A054C0CFD771021083E884E440747701727460AA017
:20DE24000A579108881A521963071E070C02102A3F0910940752056B7E038A1A4C19680752
:20DE44004AFD08A0D509C70845084A00820788073004C0E302259EF3091F30190AFC8308E2
:20DE6400D712D509C318E4087E0F93072308A60507F77016C805CF0FDA0AC30818FAA31F61
:20DE840012027707CF07DE10C9080B00AB1307F57715C802E210C50A0AFAB117140284090C
:20DEA400C807E608C51010FA9E1712F67902C815C743C5100A027C079B072810CBEA021797
:20DEC400A5F8091F341705FC7D049F05C815C353E4107E098D0736089E1112FE70089A0AED
:20DEE400CF0FDE48BE0812F6A01205087702CF0FDE4AC30818FAA31F12FC7707CF07E250DB
:20DF0400C90805FAAB1307F57715C802E650C50A0A00B1170A088409C807CE8845100EFC23
:20DF2400770795032503BEF60212A50009192E1718FC7510750CC807CA98E4108207880774
:20DF440030049B04050A70036512CF09D888D1080A02AB1905FA7E07CF0FE288BE0812F676
:20DF6400A01205087702CF0FE28AC30818FAA31F12FC7707CF07E690C90805FAAB130DFB0E
:20DF84007715C802CED0450A08FB8A078D0F300ABEE80917A5000D17291712F87203331837
:20DFA400C802CAE0E40A7C079B072810A60B05FC77083012D307D3C8CB0406F49E2505F530
:20DFC4007E0FCF09DCC8D1080A02AB1905FA7E07CF0FE6C8BE0811F5A01204077702CF0F9B
:20DFE400E6CAC3081E00A31F18027707CF070E114908DBFE84038A022316BEE3091FA5FA57
:20E0040007173C170A047D0AFE09CF070A21E808770795032503991705F77710FB0BCD07B3
:20E024002609C31018029E1712FA7E0FD30717098B0405FB7715C8022211E48AA3171E001A
:20E044007C0FD5091F09C5080A08A9170BF88A03CA020757DD04800F8F092808D1EA071FB9
:20E06400ABF8021532170C047B08CD09DB030554DD167703910F2A0A9E0918FE7510D0099D
:20E08400C8051C49C51010FA9E1718F67902C8151745C7100CFCA31718FC7C0FD507078752
:20E0A400E6087E0F93072308D1E404129E060213321F0CFE7508BA0BCD0F1099DD0680070C
:20E0C4008F0F2E08990918F872039D17C8032091C50A0AFAB1190A028407C8052489C5108E
:20E0E40010FA9E1718F67902C8151F85C7100CFCA31718FC7C0FD50707C7E6087E0F93075C
:20E104002308D1E404129E060213321F0CFE75088D0BCD0F10D9DD0680078F0F2E08990937
:20E1240018F872037017C8031CD1C50A0AFAB1190A028407C80520C9C51010FA9E1718F68B
:20E144007902C8154705E6107E098D07360AC3F00F179EF60B17301F10FC70086705CA022C
:20E164004327DD04800F8F092808AC0B0A047D084A07D1075A11C9080B00B1130DFB7715E7
:20E18400C8036011C50A1000B11910028407C8055049E410820788073604C0E302259EF4F1
:20E1A4000B1F30190AFC830A3311D5074357E6087E0F93072308AC0507F770162405D10F1D
:20E1C4005A4BC3081802A31F18007705D1075E51C9080500B1130DFB7715C8036451C50A57
:20E1E40010FAB1190A028407C805E8C8C51016009E171EFC790203A603040CE00A1A08D85E
:20E204009B092810CBE80215A7F8091F341705FC8304FB03C8150314D1020A1A1C37981ACC
:20E224003F1F91FA3705D1070D20D3FA06182A3387033A2504F4400FCF090818D12A3E0205
:20E24400ABC706F680078F0F2E08990918F87203DA163F05D10F0A1A1C074D196900EF179A
:20E26400FE8591072A10C9E80217B1F40412292505F87910CF0ACD07161ACD0210181735CC
:20E284008E08411F8FFA37079B032503991705F87910C00A830836FAD5DFF2171006CC0C91
:20E2A4001710CE0C88073604C0E302259EF40B1F30190AFC830AAC10A1480305E608630F21
:20E2C400CECB94481603C00304079E134C006309D8CB9B092810A60905FA79089B109F4835
:20E2E4000307910425F35C15E3C79D500A09E2086F09ECD3A148030547080A016707EFFB84
:20E30400A74405023E1603F5650FF2FD99481609431010F95C05F0FB9B500E073E0816F55F
:20E324005E02E30994440C0F450A08F96F09E40395072306C7E8091FA9F802173C1307F748
:20E3440070166104D10F221AC3F81509A30F1FF87705D1072620C9F80207B10314F3771565
:20E36400C8031420C53A9803B1490800840788052C08A01110FC700859048A022316BEE4B9
:20E384000B1FA5FA07173C190A047D083C06D107CA13E80877079B032503991705F8791049
:20E3A400390A75076707750F39B67005FFB0770FBBCB7009E13372043C3D700389FB770996
:20E3C4000FFF230A081395072306C7E8091FA9F802173C1307F7701616049D500A099948BF
:1AE3E4001639213FE0CB99076507DAD393072308AC0507F7701607040CA05B
:20E400000A4C9B09281012F892065B09CF0F320817074D13E6F4790A92844C114610C378CD
:20E420001509A30F0F0729F6D1072E1022073A1777F57BF7925643054616C5BA0707B10798
:20E44000070F36F8BED80907A50F0D0729F8DB032503770692275951C53A0707B107070F28
:0AE4600036FCC8072A087E040E9857
:20E46C002304050594260300E30F56B4991816D5E1DC5CB257D7CC277E0F1B08430A160407
:02E48C00058306
:20E4900094030A0DE30924EC6AFA0A324C0903989B080A0DE7071FEC6A03FBF78508052569
:20E4B000464D170A480B160899101005DC0726EC9B100E35DC2A32E85932C51577029B10DD
:20E4D0000A07E1072AECDC0F190703100CFA9B100E05DC072AE8D90294160330E3322AF05F
:20E4F000E12A55F8853F1C8894080A05E30F22EC94081631DE2523FCF7F5461C9B0A08059C
:20E51000EF071CF4A1080335E32A1EF4E22AB31A0AF612030319052546110A9A0A50A708AD
:20E53000080DE9071BEC5E0745100E0A82177E048707055A70020CB89B0A0805EF0710F403
:20E55000E40737009B080A0DE7070BECA7040530DC380BE7DE32BA1CFCFAA708080DE90774
:20E570000BECDE079B100E35DC2A36E8DE250318803215909B0A0805EF0710F4A10803359B
:20E59000E32A2AF402FA94081601DE021BFA94030A3DE32C20EC6A37CA2F840794080A05D3
:20E5B000E30F26EC5707F5231A8394160300E30F6AF011071610262D10087008EA084A32AC
:20E5D000173703104D1375F3050A0547770F16988A1C184C750FC2AF94180A05E30F425233
:20E5F0000C078A0C7BFD03167003B45D0C39661DF03C0A047D097F310A0846219F180305DD
:20E61000EF03394D0C15770B000A0A0A7508AE550A3F6E1DDD3C0CFC77112E35058A52056B
:20E630000593055A43470C5477098207182A0A32122A3F090A989B100E05DC071EE89603FC
:20E650000343DC252AF4FEFC99081605E10F1CEC94080A35E3322EECF7FAA7040500DC15FB
:20E670001BE7E4107E0999081605E10F20EC94080A35E3322EEEF7FAA7040500DC1517E7B9
:20E690009B100A37E12A36EEFC02A1080305E30726F4E8087707A7040500DC1563E9E4104D
:20E6B0003E09089851080802A1080305E30722F462F8A51718F6410403A605529B100A072A
:20E6D000E10726ECDC0F268737079B080A0DE7071FEC6A034003431682124A109B0A0805FE
:20E6F000EF0724F4A1080335E32A26F46237C5278A0396030313DC021AF49B0A0835EF2A4C
:20E7100018F4E42AB31AFEFA9B100E05DC0726E8D90294160330E3322AF0E12A5608853F47
:20E730001B8894080A05E30F1EEC94081631DE2523FCF7F59B200A07E1074A52110F851089
:20E7500079020A0877100A5405377419DF38050A7004D8380A0A4419A718080DE907375206
:20E7700013077F18040203088304EF4F05456118E4450CFE7509883408A0A1080305E3078F
:20E7900022F46207F905A7040500DC1563E9E4103E098A0C184C750FE1AEA30C46419B10D6
:20E7B0000E05DC072EE896030343DC2522F45E39CA078A0799101005DC0716ECDE0F4EFC74
:20E7D00094081601DE0263FCDD043E0F9B0A0805EF0714F4A1080335E32A16F4E22AB31A88
:20E7F0000AF696030313DC0216F4DE0999081635E13230ECDC2A0A0A873F1988940816013C
:20E81000DE020FFA94030A3DE32C28EC0AFA48524C0B03980C500C69107743544C05961385
:20E830000313DC02827A9EFAE708110799201007DC0782728C20C2F894081001DE02E7D9DF
:20E85000929249103EFA99081605E10FF4CD190736F99B100E05DC07E8C739FB9416030006
:20E87000E30FE2CDE20A42F999101007DC07E2CB9B100E35DC2AF4C7ED1594160300E30F20
:20E89000ECCD99081655E154E8CD434C7707FE07102A37FAA1040500DC15E5C61E0FE919C7
:20E8B0003308A708080DE909E5CB1E079B200E05DC07444E15021715F9FC9B100A07E10763
:20E8D000F8CB1C04124E7009D3339B100E05DC07F097DF6577153E037B520C4E7509D24571
:20E8F00099201007DC078272E410C20785FA12262203991694030A0DE309E8CBF008BC0F09
:20E910004C88DD0289A716109F080305E903E8C6DD10370295791A9A0AA1521099101007E0
:20E93000DC07EDCB3E09901105A14B047645055A70049C4D9B0A0805EF07E0D3AA22370773
:20E950009B080A0DE707DBCBA1040530DC38E6C61E3F36FB99081605E10FE8CD94080A35F5
:20E97000E332EECB973763B334F313D8EB159B100A07E107F6CB99101037DC2AEACB9E3FD6
:20E99000D027B707A1040500DC15E5C69B100A57E14CEECB48547D0972FF0C2A3E029F08CA
:20E9B0000305E903E7C61715E21234109B0A0805EF07EAD3240994180A05E30F4252130755
:20E9D0002403FBFC94160300E30FECCD1CFC184C7511543594080A05E30FEE9BDD6B840331
:20E9F0004003745805477711414799181605E10F8874DD08BE078C02102A3F190F1D8882E4
:20EA10003E1674450C54770B2F45A718080DE9097B72E408BE0F900A052A4C050593235EE4
:20EA3000054B0C690C794854520999201007DC0782729E00ED08FE07A1140500DC157B6DB3
:20EA50008C20BEFA0A022C470A00EA4A55080C1349AB13083A115804070E031620038D1065
:20EA7000999447084AA8970A1FFB2FA98C080C104A149D2820B319D2371543D2BA2F4A065A
:20EA9000CA184D087010120A42B8FF879B100E05DC07E8C739FB94160300E30FE2CDA2336C
:20EAB00042F999101007DC07E2CB53B20E12EB1AA1040550DC5ADBC64A547709E5FE182A7D
:20EAD0000A3FEF1922889B080A0DE707DBCBEA0431F4DD1605FF4590484A0A4C8309C44C7A
:20EAF000D2263A1472C80CDC9F080355E948DDC6435A7002CB060C390A078CFBC7BCFD0985
:20EB1000E2172A089B200E05DC07444E15021706F9070C04770BAA32A708080DE909E39BA1
:20EB3000E46C7E0F4908744A12487204985294130A0DE3098072F008BC0F92FC052A462A93
:20EB5000ACC945115398129D47BD3A2073A30CBAE44A47011B08E25012053F0C411152C075
:20EB700010C3E2138F0340037458054777117E4699181605E10F8874DD08BE078C12102A4A
:20EB90003F0910940747056B4352E4880C02977D36680A54128F056E4AFC770F4B06052A3C
:20EBB00047066DF30515E212419013FA2010F04A6700210A0CF82210E45B6DF80F0819F4B2
:20EBD0001D0BDD6962F3111013FA2010F06067002F8A0CF82310E4414DF81D0819F41E0B98
:20EBF000DD4C42121F109B0A4835EF2AE47050FE058C0A0837120E08052A1833FBF7DD171A
:20EC100005034813E40A0A07160A4413EA0805050C0846349F080305EF03E5965715941451
:20EC30000C0DE3093C5226091C0F060394060C05E30FEE9B57074D136D43055A70051A3A12
:20EC50009B0A0805EF09E8A3EA6B770547087B52104C700917408702051505F648110A9ABB
:20EC70002810184E0A6FA1180303E50712EA62F8BEF815232B13051645F4C7000909CEF84D
:20EC9000CAAA8A354BE8FF6955AC0A1A104C055D186A45477015C8020E320C2C0A2A520B4D
:20ECB00008A03010054A4C579B200E35DC2A1EDE5932BE060213321F0C028A2D51EA04733E
:20ECD00059AC03100E4C0C65106E434C8303A9000538052615BFCA12C3F81519CE1FC4B79C
:0EECF0000CB5CC10AC9F4207052A52050593C7
:20ED0000C80331111E093F17F7FA7E04921A0528481ECF0F330917074D1366F5790A8516A6
:20ED20000E324617CD073B0B1C0F4717E4F982FC8C22102A3F0C980607253F1703940E5FE1
:20ED40008C124414188ACA286FF808868EFA0C324A14851C184872048A515FD70E32E90C53
:20ED6000FB07980C0A324C0903969D080A0DE707D9CB9B03C5C3BE160313321FA0CABC07E7
:20ED8000A70A080DE907D7C99107CAD0C90803173C139B04B715C8031011450A18F88A0968
:20EDA000CD0F14093E068CF87E0FD3070709510405F77715C803D0D0450A08FA8A09CD0F13
:20EDC000E0C8BE061400A51F16007707DB03D9C3BE160BFCA71F12027C07DB09CC908B08D6
:20EDE00003FE8007CF0FD2C894081631DE25D7D997339D100A37E12AEACD9C3092F9C916CD
:20EE00009B082B10B4177707DB0309047E160BF4800FCF09CCC8910A08028407851A0E4C29
:20EE200077113043C807DAC44003030877038E240C4E75092F45CD0F1409DD868007CF0FE3
:20EE4000D288BE0816FC7902C815C7C49D100A37E12AECCD9C3FA1080333E52AE0D3A228A5
:20EE600085F9DC1494032416A913800FCF090C09910A10008407C805D0C885100EFA770765
:20EE8000981807477017F33ED10FCECA430816FC7C0F921C054A7909F14AD3070709F08444
:20EEA0007902BE166D4CA7240A4A0A4C8309510F123779FB8E1A0C322B080008DB03C983E1
:20EEC0007E1603FC800FCF09CCC8A70A083DE92AD7C9A0379B100E35DC2AEAC79923850737
:20EEE000C9149B102B0AAE178A09CD0F14097E064CF87E0FD307C7C8910405F5771585188E
:20EF00000E54770BB942DB09CCD04B0803F880078C24104C7009BE3ECA0207173E044C00C4
:20EF20007E09CD07DA8AC31010007705D107CED09F080335EF26DBC6974594040C3DE32CDC
:20EF4000DECBAA2A8A01D61892062D08B01F8207C8071A05800343067703D10FCECA83085F
:20EF600016FC7C0F921C054A7909884AD307C7C8510405F5771585180E54770B7D42DB093B
:20EF80000C114B0843F68007C51078509E1C164407477015D9020E3F80FF8A2A182C2510E9
:20EFA0009A08C805D08885100E007707DB03C9C394160331E532DECD9C37A70A083DE92A83
:20EFC000D7C9A0288C01D41892083704AB127715C8031011850A08FA8A09CD0FD4C87E0626
:20EFE0000CFA7E0F901C054C8305433DC815C7C445100AFC7C07981C0A547D093842CF074B
:20F000000E11490803FA8A03CA02C796BE030A087E09CD07DAC899101035DC2AE0CB9E3F81
:20F020009F080335EF26DBC6973685F4D020990A2908BC177C0FD507070985080A028207C5
:20F04000C807DAC48003030877028C240C4E75092142CD0FD4C83E080AFA7E0F901C054C05
:20F060008305073DC815070445100AFC7C07D1087258AB1C03480C4C770F710605378CF834
:20F08000873505383F1ACF0FDACAC30818FAA31F12FA7707CF07DED0C90805FAB11307F55F
:20F0A0007715C802CE90850A08008A078A12122A3F090A98CF0F12097E0826F47902C815C1
:20F0C000070485108AFA7C07DB070C118B0803FC7E078C44104C7009DD3DCA0207173E0389
:20F0E0001A007E09CD071A09431090F87707CF070E11490803FC8A038737055A7004BE49B5
:20F100000A9A0A4CA718080DE90753B23EFCE9243B88C807F6E58A02E3F7BEF3091EA5FA9B
:20F1200007173C177C0FD507E7E98F07EEF149080309BC137902C815C7E48F0FCEEB4308E1
:20F140001609AE1F8407C807DAE98F0FDEE93E081605AB127715C802FEE18F09FCD9510828
:20F160000811B61777074670E9344188C807F6E58A02E3F73E030A11B0197C07DB07ECF118
:20F180009507E7E9C5F8091EA9F802173C137902C815C7E48F0FCEEBC3F81516A3000F170D
:20F1A00029177E07CF0FDEE98807E6E5C0F302249EF3091F30197C07DB07FCE19507F7D902
:20F1C000C5F8091EA9F802173C1379023F4BE2373E90CF09E8E99B07E8F1CBF80216A5F8BA
:20F1E000091F34177707DB03E9E48815E7E4C5000918A3F815172E1F8407C807CEE98F0F62
:20F20000D2E9BEF81512A0F3022529127E0FCF09D8E99B07D8F1CBF80216A5F8091F3417E5
:20F220007707DB03F9D48815F7D4C5000918A3F815172E1F840703989B180A0DE70753B260
:20F240002AF607253F1703934A540C5999081605E10FF8CB2FF99B080A0DE707EBCBFE1868
:20F2600096030363DC47F2D34A4E750723FB0A321237E2171F089B200E05DC074A4E150270
:20F280001706F9070C04770BF92EA708080DE907E39BE4477E0F90FA052A520887050538D2
:20F2A0003F040AA04A4E0A57A708080DE907EBCB36F99B100E05DC07FEC7ED179416035068
:20F2C000E354F2CD484C8307E702122A0537E9171F109F180305EF03394D131517F300140D
:20F2E0000CFE7509D92E99101005DC07EA9BE44E820785FA182641078518052546110A9AD7
:20F300000A4C185D0A76127F57B70CFB62111002C5ED1859041809168EC80A60A4FE0AFCB1
:20F3200051D81EC0124809E8454810205BC8E53723044506031603035524AA8AA8478118B9
:20F34000E89810080308060479921208100816070784A5263E03230057CAEA272308481334
:20F360001008030855FCAA90AE476EF8F68C05030316FFFF79910E0A1508160B0A9F52F890
:20F380003EF82018EC61E81450C8F8331203431903030A1055FBA888B6477300F090030867
:20F3A0000A08060C7D8A07082304050605A545F34C700DBE1208F0200B001A0FDD440DF8F4
:20F3C0001413E84406F820FEC0030B1A9EE39E17AC190A0715170B90EA0A05FA46090AA017
:20F3E0002E183F09A1140500DC157B6D9E0FE9190307A718080DE9097B72E409BE0F9F081F
:20F400000305E903EDC6DDB63702E41136B251AC1E128A24504E054C7707220F102AE2FA0D
:20F420002F8496130313DC02827AE40ABC07A708080DE909E39B5E07411F7648054C7D0545
:20F440001A2994160300E30FEA9DE2458A07C3000F399EFA09370C322B080509A10405007F
:20F46000DC15EBC6E4B13E0999081655E15400CDDD114A4C0C047B071A071226E4F5229600
:20F4800094130A0DE3098072F008BC0FA10A0305E307EAA362073A17784407477017E92887
:20F4A0009B100A07E107F69BE24D8409BEF80937A5020D37052A2D04D80394260300E30F90
:20F4C0008274E208CA0799101037DC2AFADB9B100E05DC0700C70D5219D689B2BE3F9B0A1D
:20F4E0000805EF07F8D31899190B9B080A0DE707F3DBA4F4430F94160300E30FFACD990802
:20F500001635E13200CD0F30CC2736089F080335E926F7D694160300E30FFACD10472C3874
:20F5200097DF4F0A3EA80A189B100E05DC0700C70D4219250613140FBE3999081605E10F20
:20F5400000CD0B4779872C109F080305E903F7D69706DD0F6900128A99081605E10F02DDCF
:20F56000DD08BE079B100E05DC0700C70D42318394030A0DE309FADBA708083DE92CF5DB2E
:20F580009E3795DF0EF8B707A10405D0DCE2F7D69B100A07E10706CB103F26FA92D74908BB
:20F5A00045B00E1894081001DE02F3D90B32201F0D1A12078AB799101007DC07FACB122F31
:20F5C00024F892D74F0440A3032694030A0DE309F8CB1E271E1F131A0D0782099B100E05DE
:20F5E000DC0700C70D923ED679034C009B0A0805EF07F8D31869191899D7492049A80328CC
:20F60000A1040500DC15F3C6126F20190B29206799101007DC07FACB125F243892D74F1420
:20F6200040A3033694030A0DE309F8CB1E571E1F132B0D779B080A0DE707F5DBA4FB0707B8
:20F64000056B05690C8777096506182A7CD2A10A0305E307FEE362FA052A4C050593231E8B
:20F6600005479B100A07E10712CB0A547D0A340A4A2AFE024A0994181001DE027B809702A2
:20F68000E91F050999181605E10F8874DD09BE079B100E05DC07F8C7DFA33715DD033EBFE6
:20F6A000E48A34A95FAC081A922E434C0C4C770FDB05052AEFF6218394260300E30F827468
:20F6C000E208CA0799101007DC07EA9B5E0F45176B4812487204CD3A94030A0DE309E89BD7
:20F6E000F0457C0F92FC052A2708FC119F080305E903C5D6DD1737029B100A07E107D6DB99
:20F70000E2103CFB94080A05E30FCEDB94081031DE25FFD9D7250A105E2AE21263C8EA2FEC
:20F720001D0A430B0A080A1059F8A329B03670F3F33803030A10063673F8E62A7791140A9A
:20F7400010080A0B0C32944A94081031DE25FFD9D7250A105E2AE21263C8EA2F1D0A430B5D
:20F760000A080A1059F8A349B03670F3F35A03030A10063673F8E64C7791140A10080A0B3E
:20F780000C65B45A2B2AA1040530DC38C3D69B100A07E10712CBDC0F100A4B2745A80A100F
:20F7A0005BC8E5271D04450603160303551FAA2BA8478108F832100A030806047510DE2AE8
:20F7C00072891A0412030319052692529B0A0805EF0904D3E4070306542745B00E0850C8BD
:20F7E000F8231203431903040C105519A849B6497310004C03060C08060C7908D34C858554
:20F800000903101603070E65B05C912A191299101035DC28CCDB9B100E05DC0712C7D90259
:20F8200003164B3347B00A0A55C8F8291510500B03060C08551FAE29A3478104F52503165E
:20F840000304080C750AD82A858B0C101D0803090E2A90529F080305EF0301C6D71503043A
:20F86000543F45AA080863CAEA2F1D0843090C080A105917A349B6437003F35A03040C10D9
:20F8800006067308E64E7791140810060C0B0C65B45A8C2A1A0C96030343DC26CCE39B0ACC
:20F8A0000805EF0904D3E4070306544745B00E0850C8F8231203431903040C105519A829CC
:20F8C000B6497310002A03060C08060C7908D32A85850903101603070E32904C99081607AF
:20F8E000E10F0CCBD7050C08524F49A8030863C4E722101643070C100A0A5317B64BA84F82
:20F900007B08F34A0C080A100A046E08E6487484071610040C130C5FAE5AA70A080DE907D6
:20F92000FFC9E0070A10566785087DF487123A2565F4371F2A198E68BC0C91321510940619
:20F940000C35E332CEDB94081601DE02FFD9D7030C1052799767360A99101005DC0508CBCC
:20F96000DE0F0E084B57A815DF0D50D6E53319104A0D0808160A5301B049A34577F8FA5459
:20F980000E080308120070F3D35A72861010170A080B184E8E54B64894060C05E30F0ACBA0
:20F9A000D70716044D529527DD0E59D0EC391508560D081010084EF7AC49AA4F79F8F34C28
:20F9C00016040503FF126EF4DC54798C0C08230A0813125DA956952810189F080305EF030D
:20F9E000C5D6DD162FFB9D100A07E107D6DDE2103C0094060C05E30FCEDB94081631DE259C
:20FA0000FFD9D7260C10562F3401A70A080DE907EBC9E6A83E0F9F080355EF48C5D6DD2028
:20FA200043480E0477091A04182CE7022B8894160C05E30F8672DD08CA0396030313DC03C6
:20FA4000ECA35E093F177E4A0A547D0912299D080A0DE707E39BF041790285080526484758
:20FA60009B0A0805EF09F0D3EAA83705E6083EBFE8082FA95FA8050D853A43480E54770953
:20FA8000ED03182CE7022B8894160C05E30F8672DD08CA0396030313DC03ECA35E093F1765
:20FAA0007E4A0A547D09E5289D080A0DE707E39BF041790285080526481A9B1A0805EF09E5
:20FAC000807AEA08B7058E0A0C324A0903981848C0031B0B9E230C0057CAEA17230A4813FA
:20FAE0001008030657FCAA30AE476EF8F62605030316FF007B900E0A1508160D0A32122947
:20FB0000BE0624FDA52F0EF850C8F8131203431903040C1055FEA828B6497300F02A0306B7
:20FB20000C08060C7D88070823040506054905379D100A07E107E2DD4310F1F850C6EE1713
:20FB400017104E0B0308160450F6A357A3367700FA4E0808160A043C7BF8D34A7B880E1007
:20FB60001B08030B185371F53E16E4F459D0EC191508560D081010084EF9AC29AA4F79F8F3
:20FB8000F32A16040503FF126EF4DC32798A0C08230A0813123B05399D080A0DE707CFDB67
:20FBA000F04052C3E52510044A130A0A080861FBA851B03A6EF8FA4C0A100E08FF3481F49E
:20FBC000D5477296070317100A0D0A5782F999101005DC07D6DBE44C5BC8E51723044506CA
:20FBE000031603035503AA2BA83A81F8F8321008030806347500DE2A72881A041203031911
:20FC000005367E039B0A0805EF07D4E3AA49857857C8EC3F1B08430B160405034E25A344A2
:20FC2000AA42750AF84C160808100C346E08DA4C799212081008160707626F0C94030A0D17
:20FC4000E309D4DB5E77D60CA1080305E307D6E39F080335EF26D1D64F3CC5827606C52A26
:20FC60008368520BCA26B209850871688C1F450E652841062505E2163883E47457CAEA1702
:20FC8000230848131008030855FEAA31AE476EF8062605030316FFFF7500DA2C77881A084B
:20FCA0001510100B053BE90B249049081C0863C4E732101643060A100A0A530EB649A84F73
:20FCC0007B08F34C0A080A100A046E08E6487485071610030A130C69FEFCD1E81E104C0B91
:20FCE000BED820080C108D09C28752469FF9050CDD03717F8C093F0E7808330030F8E21784
:20FD00003F88E4745BC8E51723044506031603035506AA2BA84781F8F83210080308060425
:20FD20007500DE2A72881A04120303190536E913248A43082FF855D0F21710084A0B0A10F1
:20FD40000E084EFEB625A5426E06F3250A100A0A040481F8D8327F88070817080A13104791
:20FD6000F9FCD1E41BF33F19BED320004CFBC709D58799101005DC07D6DB45D084F85DFE11
:20FD800082F996030313DC02D6E3727B8A08F0086F7F92073A0E6C2835022EFAE2174984A3
:20FDA000DF6750D6E53217104A0D080816085306B049A34775F8FA540E080308120070F387
:20FDC000D35A72850E10170A080B185DE7152A883E0823F857D0F037100856070503031645
:20FDE0004EF9AA51AA4973F8064C08101008FF0475F8DA547D8A0708230405060575F9F593
:20FE00008C205D8A29F8A718080DE90777B21A074A0FE8083F0E66F60E23C31EA504CC2F78
:20FE20005AFC1128D6108711088794080A05E30FDADB6FFCA7040500DC15CFD6A42176FDEB
:20FE400099081605E10FDCDB850776009B100E35DC2AE2D745253F1703932A284A5950678E
:20FE600051480E108F17080852670C004A0D4B67A1D31E0305164B427EBF5259CA278E099A
:20FE800091B018114B37820B522F860C57078E0996030363DC4702E39B0A0960EF5D7432DA
:20FEA000504C435D77076AB9102A94081631DE25FBE9432546110A9A28105657107F4BA897
:20FEC000030812790D1F18F93EC86B044712050A3E23850089FE0C88A14C0E5018473EA8E1
:20FEE0000A08125111170DF951042603A52505F81E00E414101919F812014B082408AC1775
:20FF00000C0616A73EA816040DA406250DF445102B0AAA1718FF10DF4BA8030812D90D1FCF
:20FF200018F93E083704A71205060B0245B00A1A11FA66100B2F1AFA3E082B18AC2F1007FB
:20FF400077A88E050747056B05690C877709E201182A0A32122A3F090A982A184E5717F833
:20FF60001E239492230645F30C1412390AFD1E470A06185705FF12670C00167705078AA413
:20FF80007D04055A05580C760C817507D1010A32122C052A46090AA02E18055050488EA7BD
:20FFA0008B1F055C0C7A0C8548645675488EE80E430713AA9E194E2A8CAAA40D0EA59B1F52
:20FFC000432593B2A21311B772100A0119AAE3100C148C101015DD4B6FFC0A03DD6862FB91
:20FFE00018909B0A0835EF2A1C84A10A0355E34CE62617573F518433410494160330E33294
:02000004801169
:20000000147EE208CA3799101037DC2A2E6C5EDF823794081031DE252B7A57E27E3F9B0ABD
:200020000835EF2A3474EA0A77379B080A3DE72A416CEA04B932DD16B7029B100A37E12AFC
:20004000526C11B498139757BE379B100E35DC2A1078B92CE21741839B100A37E12A3A2C14
:200060009990205294080A65E3650E7C97674B04F903E5068E038A02B5FA28079CD79910BD
:200080001067DC5D466C9E605017934C042896030343DC252A349B8A1B50A708086DE95F54
:2000A000037C9E6745100208E5F89B0485F5AE06230290DF9B0A0865EF5D4474A45A4517AF
:2000C0009A4CFE34E81805074B4414E305043F3F9B100A37E12A3A2C9990205294080A65EC
:2000E000E3650E7C97674B04F903E5068E038A02B5FA28079CD799101067DC5D466C9E6083
:200100005017934C042896030343DC252A349B8A1B50A708086DE95F037C9E674510020850
:20012000E5F89B0485F5AE06230290DF9B0A0865EF5D4474A45A45179A4CFE34E8180507ED
:200140004B4414E3050494030A3DE32C202CA708085DE94E232C5E487E309F080335E926FB
:20016000212794160350E3542E2E5C488A2899101037DC2A0DEC8C10422894081031DE257C
:2001800007FA85033E309B0A0835EF2A0DF4920A3728E92912139F080335E9263F679416FC
:2001A0000350E354466E9C48CA282510050C94080A35E3321A7C94081051DE473D7A9743AC
:2001C0000C01EC0B99081655E154107E97482DB81411B0A88E081C045003441777239B1062
:2001E0000A37E12A227C5C308B8A472455180B107D28CA0AA1040530DC3808E79B100A571F
:20020000E14C1AEC1C50442A94080A35E33212EC94081051DE4706FA17433E309B0A083517
:20022000EF2A0BF4242AE20807899B100E35DC2A34685923BE062B1FA561D91D531817083E
:200240007730320A94080A35E332326C57288B04F5164E2604037910210A99081635E132E6
:20026000127E94080A55E354326C5748842496030343DC2510849B0A0855EF4C3074644AD4
:20028000772846159B100E35DC2A127859C3773694030A3DE32C0E7C6AD87C30A10A0335D5
:2002A000E32A1084622877A88B0439078CB6070C9B100A37E12A227C5C35A10A0335E32ABA
:2002C0004474A22805F9F20590040F164E034B719B0A0835EF2A0A84643194080A55E35491
:2002E000326C94081061DE582B7A05870C650C700A7F564C48657D0A3D3F9B080A3DE72A29
:20030000276C6424C0A373339E34E423551A090885080C10922705E59B080A3DE72A276C86
:200320006424C0F32B329E54D923551A090885282D10A10A0335E32A2E7462287E08001714
:2003400050130416720324109B0A0835EF2A3074642ABEA87A25A541D01B4E181104742362
:20036000101694030A3DE32C306C6A2883D0301E4E180B087930160894081631DE2506FA75
:20038000851440309B0A0835EF2C30746428850757180B107D183C88A7040530DC383D681F
:2003A000A0309B0A0835EF2C4474A42962162F089B100E35DC2A3E68592394160331E53231
:2003C0001A7E5C29810B3950124C700587B90C328908FB0B61060603723610049D100A37E9
:2003E000E12A3E6E99101055DC4A1C7C5E5082283F13A7040530DC3813789D100A57E14C16
:200400003E6E5C50842894060C35E332326C5728980550130416721411919B0A0835EF2C8C
:2004200030746428850757180B107D18FE88F511FE8394160331E5322E6E5C28D1EA82245E
:20044000AB19E11957180B107D280C08A7040530DC3803E88E103E2A440FA70A083DE92A5A
:2004600003EA8E183E309F080335EF263F67973694040C3DE32C446CAA2B67201E889406D8
:200480000C35E33210EC94081651DE4703FA17444030270AC508A70A083DE92A276A6028FA
:2004A0009B100E35DC2A426859244E2604047B30470A99081637E1324E6C9726EB0840906E
:2004C0009F080335EF2629675736BEE48624A51BE61B611A09107F082C069D080A3DE72AB4
:2004E0003D6CAA24840F251694040C3DE32C406CA70A085DE94C3D6AA048BE309F08033574
:20050000EF26316794160351E5542E6E5C488A2A99101035DC28306C5E3082C894081631BA
:20052000DE252B7A572480E09B0A0835EF2C4674A428E20649889B100E35DC2A16E81923CE
:2005400094160331E5320BEE1C29751A3710A1080333E52A4474A22882143E04960303436B
:20056000DC264A748C1ABC28A70A083DE92A3B6A9D080A5DE74C3D6CAA44B92394160331F3
:20058000E5322E6E5C288ACA99101035DC28346C5E3082D894081631DE252F7A94040C5DC6
:2005A000E34E2C6C6A4A7C3010083F3747B80C108D983108A7040530DC3803E820309B0A37
:2005C0000835EF2C09F4242962162E089B100E35DC2A50689923B7F694040C3DE32C087C42
:2005E000AA2ABC00A1080333E52A3A749F080355EF482967575677249D100A37E12A4A6E10
:2006000099101055DC4A346C5E50822894081631DE2504FA94040C5DE34E08EC2A4A3C30C4
:20062000A1080333E52A2E746228BEA88621A034DD294E140D10792A4108A70A083DE92A45
:20064000276A6028C50036249E59FD1750130416720438109B0A0835EF2C0BF42428E206EC
:2006600031889B100E35DC2A3228D92594160351E5542E6E5C48D10A0824ABC96C1A57188E
:200680004B10822894081631DE251F3A94040C5DE34E242CEA4EB854042C94060C35E33230
:2006A000187C8518CA24412F94160331E532262EDC2A160A5C3092094E160D0879202408D7
:2006C00094081631DE251F3AD7268790560E7C28A70A083DE92A1F2A9D080A5DE74C1F2CE3
:2006E000EA48B547F73A3F109D100A37E12A322E99101055DC4A282CDE54BE4CF72CA70461
:200700000530DC381B28E0320A0A5C28980B53201108721637089B100E35DC2A1BE819237A
:20072000E21627849D100A37E12A2E2EDC32A1080353E54C3274624894081651DE47178A6A
:20074000574557204B0A8308161E5320510877269D080A3DE72A1B2CA7040550DC5A1B284C
:20076000DE54BA4EFC2C521499101035DC2A222C9B100E55DC4C2E28D947B35AF7279B10ED
:200780000A37E12A506C99101055DC4C446C9E50D018B728A7040530DC383D679E3049EA1D
:2007A0001085A708083DE92A276C5EC87E309F080335EF262D6757E677239B100A37E12AE0
:2007C000526C11B498119748BE289B100E35DC2A2E2896030363DC472A345E4A7C28A70863
:2007E000083DE92A1F2C9B080A5DE74C272C6A44792394160330E3320BEE99081655E15450
:2008000012EC17483E289B100E35DC2A19E88703373694030A3DE32C0CEC98083C30A1088F
:200820000335E32A0FF490083728A7040530DC383D679B100A57E14C526C9C50C4282008EA
:20084000270B9B100E35DC2A227896030363DC4744749E4A0AF9F80999101055DC4C0A7C56
:200860009E5031B80D09B8A490030F164E034B117E2A99081635E1321C7C572885884E2C85
:20088000591804088524F40594160330E3320FEE99081655E15414EC17483E289B100E3556
:2008A000DC2A1AE896030363DC470DF41E4A3C28A708083DE92A06EC1E28E910EE899408F6
:2008C0001631DE25277A5723C5003226A359E51B5320110872282C089B100E35DC2A3A68AA
:2008E00059237E16F31655200B0A77082D0899101035DC2A0C7C9B100E55DC4C3A685943B1
:20090000773694030A3DE32C0E7CA708085DE94C2B6C5E487E304A1594081631DE25058AAB
:2009200057C37E309B0A0835EF2A0E8464D877289B080A3DE72A097C6A2479A37E1637078B
:2009400093B00E1399081635E1321C7C572D9B080A3DE72A3D6CAA2407F4E5178E041610F7
:20096000550A4969A708083DE92A057C5E2F9B100E55DC4C3A6896030373DC5832740C8EF6
:200980000A5D186E0A87504C435D7708FA439F080335EF2629675736BEF3322CA55BD71BCF
:2009A000611809107F2828089B080A3DE72A276C6A248003F3294E130B10790A2208A7083B
:2009C000083DE92A2B6C5E28C5B07E259E39D81750130416722317109B0A0835EF2A3074EC
:2009E00064287EC82A1C55200F0872281E0496030343DC250DF48C1A3C28A708083DE92AA5
:200A00002B6C5E288C115918040885143E8394160330E332446E9C28A708083DE92A3F6C2B
:200A20009E296920310894081631DE252B7A57239B100A37E12A267C5C317B0934480C4CAA
:200A4000770F4EB6052A9104FD064E1804037930170A99081635E132386C94080A55E35439
:200A60001E7C57488A24410E94160330E3321A7E99081655E154386C57487E289B100E359E
:200A8000DC2A3A68592385174E130B10791AFF88A708083DE92A2B6C5E288C1159180408C2
:200AA0008514F28394160330E3322E6E5C28D1E88224AB19E11B55180B107D280C08A7040B
:200AC0000530DC3803E78C103E2A440FA708083DE92A03EC8C183E309F080335EF263F67EA
:200AE000973694030A3DE32C446CAA296720CD0894080A35E332326C5728A7040530DC385C
:200B00002F675E31551A090885284510A1080335E32A4874A228E2084C8496030343DC2520
:200B20002E745E2AC3E8901CA321EE1B4E180B087910370894081631DE253D7A9723891C2A
:200B40002C0A99081635E132486E94080A55E354486C9748C42496030343DC252E745E2AF3
:200B60007CC8A708083DE92C2B6C5E287EE09F080335E926316794160350E3542E6E5C48B3
:200B80008A2899101037DC2A486C9E30ED084088A1040530DC3803E71E309B0A0835EF2A4D
:200BA00009F4242B621839089B100E35DC2A4A68992382222B039B100A37E12A546C8A2099
:200BC000C42A94080A35E332466C94081051DE473D7A9743BE309B0A0835EF2A2C74642ABB
:200BE00077C89B080A3DE72A2B6C642479D394160330E332366E99081655E154346E574838
:200C00007E280A104A393EB812048493311694030A3DE32C08EC2A2899101037DC2A0BEC07
:200C20001E316D182508A1040530DC383D679E30BEEA99081635E132107E9728BEF89B10FE
:200C40000E35DC2A406896030363DC472E745E4A7C28A708083DE92C376C9B080A5DE74CAA
:200C60002B6C6444792394160330E3320BEE99081655E15410EE17483E289B100E35DC2AB6
:200C800034685923BEB67320A541E41D531817087730490A94080A35E332326C5728CBF4FE
:200CA0002D1F9E67EA1655200B0A7708420899101037DC2A0DEC1E30ED082888A1040530D4
:200CC000DC381F27DE329B0A0855EF4C2C74644ABE080A1CA5D1771C4E1851047923941629
:200CE0000330E332262E99081655E1542C2ED74CBACCFE349F080335E9260F778526B723E9
:200D000046819B0A0835EF2A3034A10A0355E34C2634E24CB34C042896030343DC2526348E
:200D2000DE2C08086A288A115B1A040879182D109F080335E9262D27D73803035E30858A29
:200D40005C1C611809107F2A19089B080A3DE72A1F2CE42680635C1A77239B100A37E12A85
:200D6000322C99101057DC4C262CDE54BECCF72C4C3D96030343DC252634DE2C08086A283D
:200D80008A115B1A0408791819909F080335E9262127D73803035E30856A611C6118091026
:200DA0007F1A19089B080A3DE72A1F2CE42680834F1A77239B100A37E12A322C99101057BE
:200DC000DC4C262CDE54BECCF72C4C1096030343DC2526349B0A0855EF4C2434E44EB3CCDE
:200DE000FE2C9B100E35DC2A2828D925031657238C11551A090885183310A10A0335E32A07
:200E00000FF42228E208348496030343DC252234DE2C99081655E154386E57489B080A5D13
:200E2000E74C177C6445501344167E030A24551A49088A2899101037DC2A222C9B100E5513
:200E4000DC4C2828D947B3DAF727461C9B0A0835EF2A2034A10A0355E34C2234E24CB3CC69
:200E6000042896030343DC2544749B0A0855EF4C4274A44AC5F8BE289B100E35DC2A4A6884
:200E800099230216E37F9B100A07E1074E6C9C0FE80CB7079B080A0DE707336C6403DD08CE
:200EA000431577029B100A07E1074A6C5C0FE81043077E079B100E05DC071A7899F50538D7
:200EC0003F040AA00C590A5D186E0A8764AA0508485C48734C7A810C920607253F1A8515BE
:200EE0000C32460B0898184CE2536FFE0808E45A6904688994181001DE025B5094030A3DEB
:200F0000E32CE41E1F370869A10A0335E32AE626172807617B043602BE164305A550A10EDF
:200F2000531767F8531F11FBB7079B180A0DE7075D42A7040530DC38DF1A153F0A63990806
:200F40001637E132EC1E0C26106175102F07BE085606A0439A1A4E135D00551909F9CA090F
:200F600099101005DC05DACE9B100E35DC2AF21A0E32172F94040C3DE32CE41E1F2A0869F8
:200F80007B0824059D080A3DE72ADF1E1F24095C6E163403C7104A0CA348AD0E531F61F8AA
:200FA000BE060C0CA5D0670C6E08470350120407B7038E349B0A0805EF09D6D619FDC30E87
:200FC0000E4C0C657B09CB3B182696030313DC03DCD69B0A0835EF2CE4261937171F9D080C
:200FE0000A3DE72ADF1E1F24055C6E1624039D100A37E12AF220113014616E062D07C5100F
:201000004E0A9E48AD0850125406BE040C14A5CA610C810A390F5B1704F7C0078C349F08F5
:201020000305EF03D5C90C0BC30C0E540C5F7509253E0A32A1180303E507604A9F08033514
:20104000EF26E1190C452F1D571F0BFBBC07A71A080DE90755409D080A3DE72ADF1E1F33FE
:20106000151C4E2504F5C00F9B1A0805EF095C4AA1080333E52AE62617370F21611306F4BE
:20108000B71594140C0DE3096C42A70A083DE92ADF1C15372E29820794181601DE026B509B
:2010A00094040C3DE32CE41E1F392829840794160C05E30F6A42DD088A0396030313DC03B1
:2010C00098C39B0A0835EF2CE42619372B1F80079B200E05DC07823E96030343DC26E8262D
:2010E000133934518A0999201005DC057C429B100E35DC2AF21A0E32335F77039D200A0705
:20110000E1078A4499101035DC28E81E133F42517707A7040500DC1593B79D100A37E12ADA
:20112000F220113F4C5177059D080A5DE74CF45BA7040560DC6BDF1A4C544A5F750782A36C
:201140004832A1080303E507E6261707C110F533210394160301E50FE6201107D412E74F57
:20116000240894060C05E30FEA1E0CF8D40CDF0F62060E049D100A07E107F2201100CE10AB
:20118000DD136BF813909F180305EF03664DDD17370348179B1A0805EF09695AEA083705BD
:2011A0000C0846119F080355EF48C66694160301E50FE62051FD2A144854505D700538A197
:2011C0004A329F180305EF03474D94160331E532E620113716237C0F1098054AE64B6904B2
:2011E0001308DD5A75F8118394160301E50F462E99081637E132EC1EF7F848099B100E057D
:20120000DC07A2EA96030343DC264834DE2C08081F391C29A1080333E52A4634E22A0308CC
:201220001F24055C6E1624039D100A37E12A522EDC3210080C26106175103F078C07522D40
:2012400096030313DC0398F69B0A0835EF2C4434E42A030615371E299F080335EF264127F7
:20126000D738030415300A637308370999101035DC28482CDE320E080C281A5D7003241508
:201280008C0344399B0A0805EF0994F6A1080333E52A96F617373F31D1F4680F9E96FE0860
:2012A00077103B09C3F87916A3900B0C4E155DF8930F124194081601DE028FFC94040C3D23
:2012C000E32C94EE1F394039CBF86612A788051479083407D1F4680F9E96FE08571F5BFA2C
:2012E0009107164399101005DC0598EE9B100E35DC2AA2EA0E323F3F7E040C14551949F849
:20130000A71A083DE92A7BC06028551F4FF88C07223D96030313DC0396F69B0A0835EF2A2F
:2013200094F619373B3185080A14591744F8A7140530DC387BBD5E30551949F89F07104998
:20134000A1080305E30796F68908FBFBA7040530DC383F27DE320A0A11284411531F61F808
:2013600077079B080A0DE7078FEEF00471F594160300E30F96F099081635E1329CEE0C377F
:2013800016419B100E35DC2A5228D92503160C230E49551949F882FB99101005DC0796EE9A
:2013A000E4107AFC94081601DE028FFC94030A3DE32C94EE1F371049A1080335E32A46341F
:2013C000E22A03081F24093C4E2544F376059B0A0805EF0794F6EA086FFE9B080A0DE70710
:2013E0008FEEA7040530DC388FE9133F164399081635E1324C2CD72A0A0813301A414E17CC
:2014000057F471FA94160300E30F96F0E208820099101005DC0796EE9B100E35DC2AA2EAE0
:201420000E320B4F94030A3DE32C442CEA2A081019280F4155174B007A0194081601DE0233
:201440002F3ADD037E0F9B0A0805EF073434A1080335E32A96F617370F4182F59603031368
:20146000DC0296F69B0A0835EF2A4434E42A0308132C66499F080335EF2631270C3C430CA5
:201480000C540C5F0A6E187F750FBEB1052A0C3B9302861194081601DE022F3ADD037E0F74
:2014A0009B0A0805EF073434A1080335E32A96F617370B4182F596030313DC0296F69B0AD3
:2014C0000835EF2A4434E42A0308132C66499F080335EF2631270C3C430C0C540C5F0A6E11
:2014E000187F750F91B1052A0C3B93024E2194081601DE028FFC94030A3DE32C94EE1F2841
:20150000801999F84B219B080A0DE7078FEEA7040530DC388FE913304A2391F8662199103B
:201520001005DC07362CE410820794081601DE022F3A94030A3DE32C94EE1F371449A1080D
:201540000335E32A4634E22A03081F24193C4E2544F376019B0A0805EF073C34EA08770774
:201560009B080A0DE707372CA7040530DC383F27DE320A0A11372E4199101035DC2A96EEB3
:2015800013301A414E1757F471F494160300E30F96F083080EFB0A04920D94080A35E33242
:2015A0003A2C0C2E560D0747056B05690C8777093DB1182C0A45A1080335E32A3E34172EC3
:2015C000431118480758057C057A770FEFB20A2A183B9102782194080A05E30F3A2CDD0836
:2015E0008A0396030313DC0236349B0A0835EF2A94F619370B419B080A3DE72A3F2CEA26D0
:2016000005030C36173C551F4BFA74F9A708080DE907372CE4087E0F9F080305EF03392776
:2016200094160330E332462EDC2A1608113F284194080A35E3329AEE0C281E3D50124406B4
:201640006FF49B100A07E107A2EE831008FB05FC8C0D9B100E35DC2A42280E29431F054780
:201660000C650C700A7F8307E1B8122C053D9B080A3DE72A372C1F2A450C055A05580C761B
:201680000C8175079FB00A32123B8CFA7A219B100E05DC074228DF03771594030A0DE30935
:2016A000342CA708083DE92A8FEE133716499F080335EF264127D738030313303E435317FE
:2016C00057F87401A1080305E3073E34E8087707A7040500DC1537279B100A37E12A522C57
:2016E000DC3210080C371A419B100E35DC2AA2EA0E230F4F4E124B0076FB99081605E10F4F
:201700009CF07E0802FB0C04900D94081031DE252F3A0C294A190C4E0A5D186E0A877D09CE
:2017200080B00C2C0C459F080335E92639270C3C430C0C540C5F0A6E187F750F3DB2052A8F
:201740000C3B9302563194081001DE022F3ADD037E0F9B0A0805EF073434A10A0335E32AC3
:2017600096F617370B41A1040530DC383F27DE320A0A11284A41531F51FA6FF99B080A0D28
:20178000E707372CEA04790294160300E30F3E2E99081635E1324C2ED72A0A08133F1E4147
:2017A00094081031DE258FFC0C231249551949F882F999101007DC0796EE851006FB05FC4C
:2017C000920996030343DC25363413304811184C0A651270057F77072BB8102C053DA1042B
:2017E0000530DC38372713364A130A4C185D0A7612817007DBAF0C32103B8CFA602D960388
:2018000003E3DCCF96F69B0A0805EF0794F619FE5B119B080A0DE7073F2CE40305030C15D3
:201820000F3C0C068C110A4C185D0A7612817007E5AF0C34103D94081001DE023F3AD70259
:201840000A1013090C4118FE8A17124E055D0C6E0C877B07E6AF122607368CD86B0C9B106D
:201860000AD7E1D4A2EE99101007DC0796EE13046E1194081001DE023F3AD7020A10130970
:20188000144118FE8A17124E055D0C6E0C877B07AEAF1228073894160300E30F462EDC071F
:2018A0001608110F144305FE8C0F0C54105D056E127B7202B6BD05250C4393CC7811A70831
:2018C000080DE9098FEE9B080A3DE72A8FEE19286D1C7E1603F70C068C110A4C185D0A76BA
:2018E000128170078BAF0C32103B8CFA881D96030313DC0296F69B0A0835EF2A94F6192E0B
:20190000732185080A0410FE850F12480758057C057A770F73B10A2A183B9102503394085A
:201920000A05E30F9AEE94081031DE253F3AD7250A1013393441A708083DE92C3F2CDE2A72
:201940000A1017283B415B1346F394160330E332462EDC2A16081130484394080A35E332C5
:201960004A2CD72A10040E242F4F6E042B10551959F882F999101007DC07362CE4108207C3
:2019800094081001DE022F3A94030A3DE32C442CEA2A081019390B319B080A3DE72A8FEEC2
:2019A0001924093C94160330E332462EDC2A1608113114336E176BF976019F080305E90397
:2019C000392794160330E332362E112C56110A54125F70076DAF0C32103B8CFA500D960346
:2019E00003E3DCCF96F69B0A0805EF074434E409030813070A399F080305E90391E90C062E
:201A0000073C9B100A07E107522CDC0F100A0CF94621751F6FF905FC920996030313DC02CB
:201A20003E3413004811184C0A651270057F7707E5B6102A053B99C65D2C94160300E30FD5
:201A4000362EE2088A0799101007DC07362C9B100E35DC2A4C28D92503160C3222399B0AE5
:201A60000835EF2A94F6192A07419B080A3DE72A3F2CE42605030C37172C751F6BFB74F996
:201A8000A708080DE909372C9B080A3DE72A2F2C1928450C055A0558770F0AB10A2A183BC1
:201AA0009102501394080AD5E3DC9AEE94081001DE023F3AD7020A1013091831A708080D4C
:201AC000E9098FEE13F80E499F080305E9034127D715030313011633731777F90A04920F3A
:201AE00094080A05E30F422C0CFE560D0747056B056A0E87770980AE182C0A4399CA6B2F70
:201B00009D080A0DE7072F2CF004790294160301E50F362E99081637E1324C2CD7280C08BF
:201B2000133F163194081631DE258FFC0C240C499B0A0835EF2C4434E42A030615290E3905
:201B4000791764F982F596030313DC0340349B0A0835EF2C3434192C430F0E4C0C657B07D6
:201B6000A0AE182607368C08430D9D100AD7E1D4A2F099101005DC05482CDE0F0E080C07BA
:201B8000162D96030313DC0398F613FA0841A70A080DE9073F2AE0070A1017F93F2181136C
:201BA00066F4050A85099D100A07E1074A2E11065011054A0E5D0C76107F70072BAA072555
:201BC00005498CC66C399B0A0805EF093434EA0877059D080A0DE7072F2CA7040530DC3847
:201BE0003F28E0320A0A11372E3399101035DC2898EE13300E4194081631DE253F3AD72649
:201C00000C10132B1C31811969017CF994060C05E30F422C94081631DE252F3A0C284C19B1
:201C20000C4E0A5D830942B6122A053995FA4A199F0803D5EFD091E994160301E50F462E25
:201C4000DC07160A110F203194060C05E30F9AEE0CF8163D96030313DC034834DE09080893
:201C60001FFB14397B1764F70EFC8C159F080305EF0339270C0C430D0E540C5F0A6E18811E
:201C8000750FC2AD05280E3B93D27E310398360C454F94160301E50F027050B718FA991080
:201CA0001005DC05046E52CF50F894081601DE02FB7C4BD34E009B0A0805EF09007658E77E
:201CC00045F69D080A0DE707FB6E5EF347F394160301E50F0270500758FA99101005DC05CF
:201CE000046E130F0E2145F8A7040500DC15FB6A150F0E23AAF8A70A080DE907FB6C1507AE
:201D00001229B0F894081601DE02FB7C0C031829ACFA99081607E10F086E0C051C21AC00C2
:201D20009F080305EF03FD690C15171DAE009B0A0805EF09007619071B1FAEF89B100E05BB
:201D4000DC070E6A0E021F2FA5F49D100A07E1070E70110F3021A5F69D080A0DE707FB6EEE
:201D60001F03291CA50694040C0DE309006E1F093429B2F894060C05E30F066E0C07461D90
:201D800047F394160301E50F027011074A234A00A1080303E507027617073B2158F49603B4
:201DA0000313DC0304761309442158FA99101005DC05046E130F0E3145F8A7040500DC1591
:201DC000FB6A150F0E334AF8A70A080DE907FB6C1507123950F894081601DE02FB7C0C0312
:201DE00018394CFA99081607E10F086E0C051C314C009F080305EF03FD690C15172D4E00C4
:201E00009B0A0805EF09007619071B2F4EF89B100E05DC070E6A0E021F3F45F49D100A0774
:201E2000E1070E70110F303145F69D080A0DE707FB6E1F03292C450694040C0DE309006EA0
:201E40001F09303952F894060C05E30F066E0C07422D47F394160301E50F02701107463335
:201E60004A00A1080303E507027617073731B8F496030313DC03047613094031B8FA9910E3
:201E80001005DC05046E130F4A31A5F8A7040500DC15FB6A150F0A43AAF8A70A080DE907D1
:201EA000FB6C15070E49B0F894081601DE02FB7C0C031449ACFA99081607E10F086E0C054F
:201EC0001841AC009F080305EF03FD690C15133DAC009B0A0805EF07007619071741ACF89F
:201EE0009B100E05DC070E6A0E021B4FA5F39B100A07E1070E6E110F3041A5F89B080A0DAF
:201F0000E707FB6E1F032D3C450694030A0DE309006E1F07344952F894080A05E30F066E8E
:201F20000C07463D47F394160300E30F027011074A414A00A1080305E307027617073B4126
:201F400058F496030313DC0202761309444158F899101005DC07026E130F0E5145F8A704C5
:201F60000500DC15FB69130F0E534AF8A708080DE907FB6E1307125950F894081601DE02C5
:201F8000FB7C0C021659ACFA99081605E10F086E0C071A51AC009F080305EF03FD690C1533
:201FA000174CAC009B0A0805EF07007619071B51ACF89B100E05DC070E6A0E021F5FA5F385
:201FC0009B100A07E1070E6E110F3051A5F89B080A0DE707FB6E1F03294CA50694030A0DA2
:201FE000E309006E1F073059B2F894080A05E30F066E0C07424DA7F394160300E30F0270D0
:20200000110746514A00A1080305E30702761707375158F496030313DC0202761309405110
:2020200058F899101005DC07026E130F4A5145F8A7040500DC15FB69130F0A634AF89FC808
:202040001269A1080305E3070276170707615114321350D6E53217104A0D08081608532F57
:20206000B049A3477518FA540E08030812007013D35A72850E10170A080B184C4A50A108CF
:202080000305E30702761707274175F40B03853805252710831099081605E10F086E0C07F3
:2020A0000E61E91F218894081601DE02D9790CF30A18E46267F82088E2A812FC7009E017A5
:2020C0008C42102A2008760A96030313DC02027653FF1C1256CC48657D07A1994A2A53D4A3
:2020E000221294081661DE58FB7C43474A6577099B99562A51BF1412F7B79B080A0DE707F3
:20210000FB6E5603B5829416045BE365563C48FC565D750F55A0052A620993DFB810940803
:202120001601DE02FB7CDD03360753B90C120AB799101005DC07026E4A0FBE679408175C8B
:20214000DE584F4843F74A65770932A0182A601199D7AB109B080A0DE707FB6E5EB3501215
:20216000440794030B08E30924BB6AF8531F61F86FD59B080A0DE707FB6E5EC358B22306C9
:202180004E124B119B0A0900EF0724C358274EF85BF8551F0FF98CD7CE0C96030313DC029A
:2021A000027652D95317570999101100DC0726BB523F59F854F89FD33F0C94160300E30FAA
:2021C000027050E761174911A1080400E30726C356474EF867F48ED2032F94030A0DE3099A
:2021E000006E5EF791DF266194080A05E30F066E4B079FD3C30B94160300E30F0270110759
:20220000162191DF142194080A05E30F066E0C071A1D5012440794030B08E30940BB6AF8E7
:20222000531F61F88CD70E419B100E05DC070E6A0E020B2F4E124B119B0A0900EF0740C35B
:2022400058274EF85BF893DF164194081601DE02FB7C0C02162955194909A7080908E907D6
:202260003BBB523755005FF88CD7223D96030313DC0202761309182161174911A108040098
:20228000E30742C356474EF867F48ED2134F94030A0DE309006E1F071C295B1744099B087A
:2022A0000B08E7073BBB5E5350F354068CD21E499B0A0805EF07007619091B2155174B11D0
:2022C0009F080400E9033DB64B754EF35B0093D92041A708080DE909FB6E13072629591753
:2022E0004409A10406FBDC153BB6527F55FA59F89FD72449A10A0305E3070276170723213E
:2023000042635012441794030B08E30940BB5E87530061FA8CD72A4113D06A418CC8743DD6
:2023200096030313DC02027613092C2161174911A10A0400E30742C356974EF861F48ED2D7
:202340002F4F94030A0DE309006E1F0730295B1944099B080B08E7073BBB58A350F3540685
:202360008CD23A4913D938419FD73C49A10A0305E307027617072F215B134604941604FB38
:20238000E30F42BD50B761F8590099D93B419B080A0DE707FB6E1903351C4E2544F49B10D1
:2023A0000B02E1073ACB5C005B1954F893D746499F080305E903FD690C15371C551F4B0BCF
:2023C00099081700E10F34CD4B2755F85B0097D70351A1040500DC15FB69130F4223531788
:2023E000570999101102DC072ECB523F59F854F899D3094C94160300E30F0270110752215A
:20240000531F510B94080B00E30F32CB4B475BF456F38CE50B4C9B100A07E1070E6E110F26
:2024200010334E174B099B100F00DC0734C74D524E0654F393DF165399081605E10F0870CF
:202440000C070E31551F4F09940811FCDE0227D94B6255005BFA91D7365199101007DC07EC
:20246000026E130F16314E1751059603040EDC022ED3527953F867F891DF345394080A0527
:20248000E30F066E0C071C2D5012441794030B08E3092CCB5E87530061FA8CD732519B100C
:2024A0000E05DC07086A0E02133F3562551F4B0B99081700E10F34CD4B9755F85B0097D750
:2024C0002F51A1040500DC15FB69130F1E335317570999101102DC072ECB52AF59F854F80A
:2024E00099D33D4C94160300E30F027011072E31531F510B94080B00E30F32CB4BB75BF4AA
:2025000056F38CE5134C9B100A07E1070E6E110F2C334E174B099B100F00DC0734C74DC2A3
:202520004E0654F393DF1E5399081605E10F08700C072A31551F4F09940811FCDE0227D936
:202540004BD255005BFA91D72E5199101007DC07026E130F32314E1751059603040EDC02F1
:202560002ED352E953F867F891DF2C5394080A05E30F066E0C07382D5012441794030B0896
:20258000E3092CCB5EF7530061FA8CD73A519B100E05DC07086A0E022F3F4E124B119B0A75
:2025A0000900EF072CD358094EF85BF893DF425194081001DE02FB7C0C023A39551949F9E9
:2025C000A7080908E90927CB13F80A29591754F899D3414C94160300E30F027011074A31C0
:2025E000531F51FB94080B00E30F36DB57F85B1356F38CE5331C9B100A07E1070E6E110F6D
:2026000048334E174B099B100F00DC0738D74D224E0654F393DF3E2399081605E10F0870D9
:202620000C074631551F4F09940811FCDE022BE94B3255005BFA91D74E2199101007DC0706
:20264000026E130F0E414E1751059603040EDC0232E3524953F867F891DF182394080A05A5
:20266000E30F066E0C07143D5012441794030B08E30930DB5E57530061FA8CD716219B108A
:202680000E05DC07086A0E020B4F4E124B119B0A0900EF0730E358694EF85BF893DF1E21EA
:2026A00094081601DE02FB7C0C03184955194909A70A0908E9072BD9547755005FF88CD750
:2026C0002E1D96030313DC0304761309184161194911A10804FEE50732E356874EF867F434
:2026E0008ED21F2F94040C0DE309006E1F091C495B1744079D080B08E7072BDB5E9350F3F7
:2027000054068CD32C299B0A0805EF09007619071B3F57174B119F080400EF032DD64BB5A7
:202720004EF45D0093D92C21A70A080DE907FB6C1507264959174409A70406FBDC152BD73D
:2027400054BF55FA59F89FD93029A1080303E50702761707234161134604941604FCE50F04
:2027600032DD50C761FA590099D72F1F9D080A0DE707FB6E1F032D3C4E2544F59D100B02BD
:20278000E1072EED5C005B1754F695D738199F080305EF03FD690C152F3D571F4B0B990860
:2027A0001702E10F28EB4B2557F85B0097D73F21A7040500DC15FB6A150F3A435317570BA2
:2027C00099101100DC0524EB523F59F854F89FD3052C94160301E50F027011074A43531F53
:2027E000510994060D00E30F26EB4B4761F456F38CE5072D9D100A07E1070E70110F484133
:202800004E154D099B100F00DC072EE74D524E0654F495DF123399081607E10F086E0C0524
:202820004841551F4F09940817FCDE021BF94B6357005BFA91D7223399101005DC05046E78
:20284000130F0E514E1757059603040EDC0324F3527953F867FA91DF203194060C05E30FC0
:20286000066E0C071A4D5012441794040D08E30920EB5E89530061F88CD520319B100E0506
:20288000DC070E6A0E020B5F4E134D119B0A0900EF0920F358974EF65DF893DF26319408FE
:2028A0001601DE02FB7C0C031859551949F9A70A0908E9073FE960F8551F5FF88CD7322DBB
:2028C00096030313DC0304761309185161194911A10804FEE50746F356274EF867F48ED249
:2028E000233F94040C0DE309006E1F091C5942674E154D099B100F00DC0752E74D324E06C3
:2029000054F495DF2E3399081607E10F086E0C0524513C6F59174409A70406FBDC153FE7C5
:20292000544F55FA59F89FD93039A1080303E507027617071F5161134604941604FCE50F76
:2029400046ED505761FA590099D72F2F9D080A0DE707FB6E1F03254C35754E134D119B0A67
:202960000900EF0944F358674EF65DF893DF3E310CD7422D8ED2373F94040C0DE309006EB3
:202980001F092C5942674E154D099B100F00DC0752E74D724E0654F495DF42339908160750
:2029A000E10F086E0C053451551F4F09940817FCDE023FF94B8357005BFA91D75233991078
:2029C0001005DC05046E130F3A514E1757059603040EDC0348F3529953F867FA91DF104104
:2029E00094060C05E30F066E0C07464D5012440794040D08E30928FB6AFA531F61F88CD527
:202A000020219B100E05DC070E6A0E02375F3563571F4B0B99081702E10F30FB4B2557F8BE
:202A20005B0097D70361A7040500DC15FB6A150F42535317570B99101100DC052CFB523F8B
:202A400059F854F89FD3095C94160301E50F02701107525391DF1E6194060C05E30F066E31
:202A60000C07165D8ED2156F94040C0DE309006E1F090C69EF1788079D080A0DE707FB6E9C
:202A80001F03393C856694040A0DE309006E1FF90849923A94080A05E30F066E0CFB161D2B
:202AA0008B2694160300E30F027011FC4E318E24524B0629141B0D1F18F98E9731F49603FB
:202AC0000313DC02027613FA0821A708080DE907FB6E13F90A299F080305EF03FD690C08DD
:202AE0003B2C5D422A2A0B18200A99101005DC07026E13010E418919581496030313DC0220
:202B0000027613FB3C41B81899101005DC07026E130146414518A194238394160300E30F5F
:202B2000027011F8162143C0101826181410457038180E18969443958198C5229B100A076D
:202B4000E1070E6E1101405185EA9B080A0DE707FB6E1FF7051C94160300E30F027011FC99
:202B60004E314A53A1080305E307027617F8034158075876231694030A0DE309006E1FFB4B
:202B80003C49925C064B14080D3118088E7831A496030313DC02027613FF3851988E9910AD
:202BA0001005DC07026E130742418573A7040500DC15FB6913000A438A39A708080DE9073C
:202BC000FB6E13FA0A29613A2328A7040500DC15FB6913030A2399081605E10F086E0CFCF4
:202BE00042315D742E48063A202808130D1806BA14100D6F1208A1B80FC04C0AC5627EB303
:202C00000CB410FD059E188B720261070525E9120189440AD8337CBA12BC05FD0C9E0C976A
:202C20007B0755F91826E405FA9594030A0DE309DE6B1FF80818121494080A05E30F066EBD
:202C40000CF81A5D831194160300E30FDF6DE2084A07E2511204850C0C4C77105B403F6844
:202C6000A7140500DC150BDD5E0FC5FA07173C174310040982175F889B100E05DC070E6A25
:202C80000E02076F62FC19909B0A0805EF07DD73EA083707E44A0C0C900C054C8304313B59
:202CA0003F5594030A0DE309006E1F070C696F0012889B080A0DE707D86BF0053902DD5983
:202CC00005FF8C140C4E75082D40443AA1080305E30702761707076175FE1483941603003E
:202CE000E30FDF6DE2084A07E2541204851C0C4C771010403F1DA7040500DC15FB69130FBC
:202D00000E636703248899101005DC07DF6BE4114207DD4D18008717055A7003F7479B0A6E
:202D20000805EF0790C31907C31068209B200E05DC0756CEDFA737153F0A9B200A07E1071E
:202D400056D2E2B6440794080A05E30FE46B0C07160C64FF191694130A0DE30948D22AFCCB
:202D60000A5412CD700790E70C32103779FC981607253F1F94030A0DE309DE6B4A048A1229
:202D8000122A3F090A984A5C9F080335EF26FD694C3A170D4A544ACF750754934832A10826
:202DA0000355E34C027657CD1712564845587015368E4A329B0A0805EF0700765CD59408DC
:202DC0000B30E3322ABB5728611346F34E2504F4760A9B0A0805EF07007619D7BB10551762
:202DE0004B119F080430EF2621B64F374EF34B00850A1A0C611759005B1704F976039B1085
:202E00000E05DC070E6A0EC33D1F94030B38E32C24BB622A530051F84E170BF9760C9F0895
:202E20000305EF03FD690CD6031C9B100B32E12A32BB54335BF844F855170B017A059408A8
:202E40001601DE02FB7C0CD22069760899081605E10F086E0CD7C810760F9F080305EF031C
:202E6000FD690CE5071C930F0A2399081605E10F08700CD70E419B100F30DC2A48B7592348
:202E80004E2544F3551F0BFB91071A2199101037DC2A026E13D01641940811FCDE023BC90E
:202EA0004B2255004BFA531717F9913F182394080A35E332066E0CC81C3D9603040EDC026C
:202EC00042C3523953F857F8531F11FB8C3716219B100E35DC2A086A0EC3134F94030B080D
:202EE000E30940BB5E47530051FA4E170BF9933F1E2194081031DE25FB7C0CC31E499B0AFC
:202F00000900EF0740C358594EF84BF8551F0FF98C37241D96030343DC25027613CA20415F
:202F2000A7080908E9093BBB526755004FF84E1711F58E321B2F94030A3DE32C006E1FC8DD
:202F40002449A10A0400E30742C356774EF851F4501204078C3226299B0A0835EF2A007623
:202F600019CA23419B080B08E7073BBB588350F344066A02C90F551909F99F372829A10A82
:202F80000335E32A027617C82F41A10406FBDC153BB6529F55FA49F8611709019939272180
:202FA0009B080A3DE72AFB6E19C4353C941604FBE30F42BD50A761F849005B1904F99337F1
:202FC00032299F080335E926FD690CD63B3C9B100B02E1074EBB50BF5BFA44F855170B0128
:202FE00097372F21A1040500DC15FB6913DF464399081730E13234CD572855174B00591797
:2030000004F99903351C94160330E332027011C8165199101102DC072ECB522F59F844F87C
:203020005B1306F48C45371C9B100A37E12A0E6E11D0145394080B00E30F32CB4B375BF4E2
:2030400046F34E2504F4933F422399081635E13208700CC812519B100F00DC0734C74D42C0
:203060004E0644F3551F0BFB9137522199101037DC2A026E13D01A51940811FCDE0227D9D3
:203080004B5255004BFA531717F9913F103394080A35E332066E0CC8304D9603040EDC022E
:2030A0002ED3526953F857F8531F11FB8C370E319B100E35DC2A086A0EC3275F94030B08D3
:2030C000E3092CCB5E77530051FA4E170BF9933F163194081031DE25FB7C0CC332599B0AC2
:2030E0000900EF072CD358894EF84BF8551F0FF98C371C2D96030343DC25027613CA345126
:20310000A7080908E90927CB529755004FF86A07CF03501204078C321A399B0A0835EF2ACA
:20312000007619CA3B519B080B08E70727CB58A350F344064E120B0193391C31A708083D13
:20314000E92CFB6E13C81A599F080400E90329C64BC54EF34B00551909F99F372039A10A37
:203160000335E32A027617C81751A10406FBDC1527C652CF55FA49F86117090199391F3172
:203180009B080A3DE72AFB6E19C41D4C941604FBE30F2ECD50D761F849005B1904F99337EB
:2031A0002A399F080335E926FD690CD61F4C9B100B02E1073ACB50EF5BFA44F855170B011E
:2031C00097372731A1040530DC38FB6913D03A5399081700E10F34CD4BF755F84B00591714
:2031E00004F999332D2C94160330E332027011C84A5199101102DC072ECB520F59F844F84F
:203200005B1306F48C452F2C9B100A07E1070E6E11DF4C5394080B30E33232CB0C28101D21
:20322000501244064E120B0193093831A708080DE909FB6E13D73A299F080430E9262DD618
:2032400057364E124B00551909F99F073C39A10A0335E32A027617C83721A70406FBDC156F
:203260002BD7542F55FA49F86119090199373B2F9D080A3DE72AFB6E1FC43D1C941604FC2F
:20328000E50F32DD503761FA49005B1704F7953746399F080335EF26FD690CD60B1D9D1037
:2032A0000B02E1073EDD504F5BF844F657170B0197370341A7040530DC38FB6A15D01623CF
:2032C00099081702E10F38DB4B5557F84B00591704F99F33093C94160331E532027011C833
:2032E000262399101100DC0534DB526F59F844F8611306F48C450B3D9D100A37E12A0E708F
:2033000011D0282194060D00E30F36DB4B7761F446F34E2504F5953F164399081637E132EF
:20332000086E0CC628219B100F00DC073ED74D824E0644F4571F0BFB913726439910103554
:20334000DC28046E13D02E21940817FCDE022BE94B9357004BFA531717FB913F244194065D
:203360000C35E332066E0CC83A1D9603040EDC0334E352A953F857FA531F11F98C3524417E
:203380009B100E35DC2A0E6A0EC32B2F94040D08E30930DB5EB9530051F84E150DF9933F04
:2033A0002A4194081631DE25FB7C0CC438299B0A0900EF0930E358C74EF64DF8551F0FF937
:2033C0008C37363D96030313DC03047613D912619F092C49A1080303E507027617D73111F0
:2033E000A704062BDC381BE76030551949F86119090199072B3F9D080A3DE72AFB6E1FC4C5
:20340000411C941604FCE50F22ED502761FA49005B1704F7953736499F080335EF26FD6975
:203420000CD6032D9D100B02E1072EED503F5BF844F657170B0197373341A7040530DC38F1
:20344000FB6A15D00E3399081702E10F28EB4B4557F84B00591704F99F33393C9416033168
:20346000E532027011C81E3399101100DC0524EB525F59F844F8611306F48C453B3D9D104D
:203480000A37E12A0E7011D01C3194060D00E30F26EB4B6761F446F34E2504F5953F464381
:2034A00099081637E132086E0CC61C319B100F00DC072EE74D724E0644F4571F0BFB913735
:2034C000165399101035DC28046E13D02231940817FCDE021BF94B8357004BFA531717FB60
:2034E000913F145194060C35E332066E0CC82E2D9603040EDC0324F3529953F857FA531F6A
:2035000011F98C3514519B100E05DC070E6A0ED21F3F94040D38E32C44EB6A2A531F51F8BA
:203520004E150DF9930F1A5194081631DE25FB7C0CC42C399B0A0900EF0944F358274EF6E3
:203540004DF8551F0FF98C37264D96030343DC26047613CA2C31A70A0908E9073FE954377A
:2035600055004FF86A07D503501204078C3320599B0A0835EF2C007619C82B2F9D080B085B
:20358000E7073FEB5E4350F344066A03CB0F551909F99F392059A1080333E52A027617C898
:2035A0002F31A70406FBDC153FE7545F55FA49F86119090199371F4F9D080A3DE72AFB6E7D
:2035C0001FC4352C941604FCE50F46ED506761FA49007707C20557170B0197372351A704CF
:2035E0000530DC38FB6A15D0423399081702E10F4CEB4B7557F84B007507C207611306F4D5
:203600008C45274D9D100A37E12A0E7011D04C3194060D00E30F4AEB4B8761F446F34E25EF
:2036200004F5953F325399081637E132086E0CC60C419B100F00DC0752E74D924E0644F461
:20364000551F0BFB9137425199101005DC07026E13DF22219408172CDE2523095723551F53
:203660004BFA531717F9910F405194080A35E332066E0CC8165D9603040EDC022A0352297E
:2036800053F857F86F0FCF074E170BF9933F425194081631DE25FB7C0CC30E699B0A09001D
:2036A000EF07280358374EF84BF8551F0FF98C374E4D96030313DC02027613D916619F07E9
:2036C0004459A1080305E307027617D715619F03055C94160300E30F0270E2089F070C69BD
:2036E0001098054C9B080A0DE707E39BF0047902DD5962F70F10E45C67FC1B899910100589
:20370000DC07227CE41AC2072008080496030313DC0224849B1A0835EF2A80CA64377E0882
:203720000A0C551F4FF894081631DE251B8A972355104B0B531757F899101035DC2AE61E07
:2037400013303A314E175744074770153C9A0C327EFC99081605E10F2E7C94080A35E33214
:20376000267C9737611346F494160330E332E62011284631531F5148054C77072FA7102A99
:2037800077FAA7040500DC1525779B100A37E12A307C5C3FA1080335E32A288462284E17B4
:2037A00057F496030343DC25E626132A2C3161174900840794080A05E30F287C94181631B8
:2037C000DE257BD0573285100A0E531757F899101035DC2A227C9E3059084409611346F3F1
:2037E00094160330E332E62011284A31531F5148054C7707EFA6102A77FAA7040500DC1562
:2038000021779B100A37E12A2E7C9C3F5B1744F99B080A3DE72ADF1E1F243D2C4E25444347
:203820000C547709D99E182A7C02A1080305E30730849F080335EF261F77574594030A3D1E
:20384000E32C267C6A28531F51F894080A35E332EA1E0C283E2D5012440677029B100A07F2
:20386000E1072E7C9C0FA1084305E307EED09E0794081631DE25DF2C0C322A399B0A083559
:20388000EF2A2084A4284E084B099B100E35DC2AF21A0E241F3F6E126B019B0A0835EF2A7E
:2038A0002A8464286E082B079B100E35DC2A3C7859236E1624029B100A37E12AF21E113010
:2038C0004C314E174BF87E0F9F080305EF03E596571579F546259B0A0805EF072084A108E0
:2038E0000335E32A2284A237C527CA0396030313DC0222849E0943481609471F19870308B6
:2039000046090AA0104C055DA7040500DC153D778510FAFD731747FD531F11F9B7079B0864
:203920000A0DE707357CA7040530DC383D779E3F551949F9811739058407DD4B69FC0F108F
:20394000E85A62FC3B8496030313DC0234849B0A0835EF2A4284A43794084A35E332F2C83D
:20396000932A6A33790294160300E30F387E99081635E1324A7C9737AA4A9A329F0843558B
:20398000EF48E9C3335857327E0F460B99081605E10F467C94080A35E332407C5737A704FF
:2039A0000530DC3831775E309B0A0835EF2A328464296E093B089B100E35DC2A4078592467
:2039C0006E2564F47E0F9B0A0805EF073E8464FA052A46090AA09F080305EF03D7C9171512
:2039E000E2223F939B1A0805EF0749DAEA0937079B080A0DE707033CF01531F5701693C4F6
:203A00000C32E91C260BA708080DE907D5CEE4083E0F9F180305EF03712D9715E2127492AD
:203A20009B0A0805EF07D0D61909C31009B764929F080305E9030BE794260330E33278B4D2
:203A40001C374A0799201007DC0778B2E4144207DD9512F872040D1985670C54770AD6C920
:203A6000983C0A547D0952E39B080A0DE7073F7CA1140530DC3813CD133FCA12BC07A70878
:203A8000080DE909417C9B180A3DE72A0BD21933C50BB71594130A0DE30910D2F008BC0F43
:203AA000A11A0305E30710DAE808B707A1140500DC1507CDE410BE0999181605E10F26D4D1
:203AC000DD08BE079B200E05DC0720CEDF03B71594130A0DE30922D2F008BC0FA10A0407D8
:203AE0009B080B3F17371B51CBF414039E060212301F450A8808BC17910F2853850C0C4C8C
:203B00007711B60C94081001DE028BC90C02CA18682299181605E10F50D4DDAC3E074617F5
:203B20009F180305E90345CDDDBC37029B100A07E107168C99201037DC2A4AD21E3449C82B
:203B40001858A1040530DC38CBC9133FCA1243C82B08EA00470A73689B080A5DE74CDF1EB7
:203B600012480758057C4347770F68E00A2ACAFA99101007DC070C8C9B104E35DC2AEC64FC
:203B800096030363DC47E62645CA1D48564C0A54100A300A0A080C32C2FA94081001DE0296
:203BA000039A9702E91F1F8A99081605E10F128E970700069B200E05DC07444E0E02812E2C
:203BC00079F8E48E0CFE7508B10608104C15DD860CFC7711590A94081001DE02034ADD0B33
:203BE00036039B0A0805EF070894A409E21717899B100E05DC0712889902E22509849B10ED
:203C00000A07E107D76BE210440994080A05E30F98BBDD07C403DFA9853B3E030B749B0AE2
:203C20000855EF4C92C312FE055D0C6E4A547B0703DF12268717055A7003C4FF9B1A08057C
:203C4000EF077A0A4B8A3BF97E079B200E05DC07911EDF043715700233900C2CE70A2988BE
:203C600099201007DC078B22E410420794081001DE020AFADD550C04770A0309182A3C02C7
:203C80004C1794180A05E30F8F22DD08440396030313DC0211F4E40B3C07A708080DE909BD
:203CA0000AEC1E07E91FA88894081001DE028DC994030A3DE32CD0CE1F37C818C409DDAEB5
:203CC0008C2D45100F6C94081051DE478DC905F70C650C70484C8307B4E6122C94080A5509
:203CE000E354CF6B94081001DE02DF2C4CF81E1A4A4E485D83079893502C700813C80C3240
:203D0000ED1A2908A1140500DC15494D9B100A37E12AF21E113FC812B7079B180A3DE72A30
:203D20008142A1040500DC15DF1952EF7E3999181605E10F585494080A35E332EA1E0C3792
:203D40004A0D80832F1A4E124B007E0999081605E10F103EDD1836FA9B100E05DC07103886
:203D6000DF032F0994130A0DE3093C521F07602886FFDD600CFC7710D10594181001DE027F
:203D800037600C02653880FFE2A318FC7510C80794180A05E30F42520C078A1C7BF8DD909B
:203DA00005F77710B70799181605E10F44540C0785208005E88305FC7D04A70094260300E0
:203DC000E30F3E54110792207E05EA8605FC7708A10D7B079EA34C1A96030313DC020A4470
:203DE000E41034FBF0A30A047D0B43099B180A0DE707375219035D1BF90BDD5B0C04770B88
:203E00003D091608441BEA8805FC770939119F080305EF030537DD1E2FF7791089BF8A2C1D
:203E2000184E7510FBC794160C05E30F16D294081631DE25418A0C33CC18BE0999181607D7
:203E4000E10F16D2DD07C0079B200E05DC071ACEDF04B71594140C0DE3091ED2F00BBC0F34
:203E6000A1180303E5071ADA9F080335EF2641770C45C30CC00F9B1A0805EF0976BAA10875
:203E80000333E52A10F422373707A7140500DC15374E200F000199181607E10F44520B2558
:203EA00082FECF0FD208DD108A034109C815C70487900AFA7C07A71A080DE9071DD0E6091E
:203EC000BE0F902C054C830323DC94260301E50F78B4E2094A09E29C12FC7007D30846172C
:203EE0009F080305EF030537DD182FF70C10463999081607E10F103CDD1840079B100E053B
:203F0000DC071638DF032F07DD040E0F9B0A0805EF0908443CFD94060C05E30F0E3C2FFC19
:203F2000F004070294160301E50F0A3E34FFA70A080DE907033A38FE9B100E55DC4C1638BA
:203F4000DF0C435A05F87910DBC90A2A830AE8CE122AE2087A089B100E05DC071638DF15AD
:203F6000371594040C0DE309083CF06E3401EA0805059D080A0DE707033C42F996030313B2
:203F8000DC030C4436FEE208180999101005DC050C3C36079F080305EF0305372F0C9414CF
:203FA0000C0DE3094AD22A09662EA1080353E54C0A44E811434C18F872039BD5052679106A
:203FC0009CF6443EA70A080DE907058A9D084A3DE72ADF68A7040550DC5A33454710304A85
:203FE000484C184E08103D0A03060E2ABE024A0994181601DE0243E017F88E3545CA046BFE
:20400000A70A085DE94C058A0E4C0C65106E434C830314D80538E206F90F9B0A0855EF4E10
:204020000844EA11434A0EFC77106EC7052AA704064BDC5A52364C5477098A90182C9920C6
:204040001005DC054DD2E410420703981848DF02620A068448169B0A0805EF09D0D6C4FCCE
:2040600094060C05E30FE0CEDD094A030593233E054C8E190CA38A12F00A8A1099A81F0F83
:204080008E0893B02E11A3149838074770153EDC7910A4020A8C8309AAF8128C700531EF6E
:2040A0000C947B07230351340903621E090447300F0A67102A8A99201005DC0562429E09E5
:2040C00010A194081601DE0293C957FE0EBA9B0A0805EF09C8D650043F079D881A58900C0E
:2040E0007E081D544547055A0559790F659B482AA70A080DE9070B8AC7F8321CA958E20B40
:204100008AF4C0C315D694040C0DE309148C611669115BA8540680F89B100E05DC071E8869
:2041200059F894160301E50F168E5CFEA70A085DE94C079A9D080A6DE75D0B9C188807589C
:20414000057C43484C65770A6817A1560ED04B883B074B141090902A052A33041B0A9416CA
:204160000301E50F129E5CF8A70A080DE907079A60F975113F084E08170537233ED62E14A4
:204180004B20CD8999081607E10F189C57F687083E247909340891041D174E265404571004
:2041A0002BBB3A4318C593DC29C805D29D080A0DE707139CA7040530DC380B9860309B0A63
:2041C0000835EF2C0CA464296E073D0855100F09352851C43013A5268E048C22B5FA280973
:2041E0009CCABC00A1080303E50718A49F080335EF260D9757364E040B113C2A93082A0880
:204200009310901AAEF82A0990D0C2F894081601DE020FAA94030A3DE32C169CAA28BC00E5
:20422000A1080305E3071AA4A2F8D10FA7040500DC1513978C10BEFA99081605E10F229CA2
:204240008508BEF89B100E05DC072A988703B70694030A0DE309249C51884011C4F87008B9
:204260000BF50C32102ABE08160CA0F3411A3EA30F20AC2B53095719532061084E082BD907
:204280003C4D10E5851618F296030313DC0210949B0A0835EF2A18A4A428B7F827080B114D
:2042A0009F080305EF031997F7C594030A0DE309348C0E0999101005DC073A8C021290086D
:2042C0008CA8220C8EAE931E94030A5DE34E149CA708080DE907098C9EFD45D039683E08D0
:2042E000177496030373DC5812949B0A0875EF6E1494A1080385E37F1CA4108C434C185934
:204300000769058D43584A764A8175075DE60A32A1080305E3071094A2F894081601DE020E
:2043200013AA97F469202A8A99081605E10F288C94080A35E3321A9C9728CAF496030313C6
:20434000DC021A949B0A0835EF2A1094642877F89B080A0DE707178CA7040530DC380F8762
:204360005E307EFA99081605E10F249C97F8C9183B109F080305EF031D979706E203349075
:204380009B0A0805EF071EA4A1080335E32A1CA4A228B7F8A7040500DC151B979B100A374D
:2043A000E12A2A9C9C30C4F894080A05E30F428C94081631DE252F9A57237E009B0A0805E0
:2043C000EF074094A1080335E32A3A94622877F8A7040500DC1509879E00E90A2888A7083D
:2043E000080DE9072D8C9B080A3DE72A0F9CAA24B9F394160300E30F248E99081635E1328F
:20440000188C57287EF89B100E05DC07348896030343DC2516945E2A7CF8D8263F1E80E85D
:2044200005F657C8EC3F1B08430B160405034EF4A304AA4F75DAF808160808100C046ED8E7
:20444000DA0879921208100816070714F92B85F70C54770AB5F3830863CC122A792C0A082F
:20446000771046F194081601DE02D5DC17F3E920178A08088308C806922C054C77074DE65D
:20448000902A052A3304860894160300E30F108E99081635E132168C9728CC18BE009F0888
:2044A0000305EF030B8797063EB31920491A0286A708080DE9070F9C9B080A3DE72A119CB7
:2044C000AA24B9F394160300E30F1A9E99081635E132209C9728CCF8BE009F080305EF036E
:2044E000119794160330E332228E9C28CAF899101005DC07128C9B100E35DC2A268859238F
:20450000770694030A0DE309148CA708083DE92A178C5E287E009F080305EF030B87941659
:204520000330E3321A9E9C28CAF82510EC0894080A05E30F229CF7B7A7040500DC152F876C
:2045400002119B0A0805EF073894080A850893A8161897B39310A7040550DC5A0F979B1058
:204560000A07E1071C8C9C054BC82E6845080B809F080365EF590D8794160370E376168E73
:2045800099081685E187229C058C4A4C0C65106E057F56594569438D70020AED0C2C9908B0
:2045A0001605E10F249C97F8C91840109F080305EF031997970694030A0DE309249CAAF985
:2045C00087203A0894080A05E30F289C94081631DE2515AA9723BE009B0A0805EF0724A404
:2045E000A10A0335E32A1EA4A228B7F8A1040500DC153F879B100A37E12A428C5C3084FA60
:2046000094080A05E30F0E9C94081031DE25339A57237E009B0A0805EF070E94A4FAE208DC
:204620002A889B100E05DC073A8896030343DC2516A49E2ABCF8A708080DE9091D8C9B084D
:204640000A3DE72A0B8C642479F394160300E30F288E99081635E1321C8E57287EF8CC2E8A
:20466000451673E812F252C3E54510034A130A0A080861E6A811B0496ED8FA080A100E083C
:20468000FF047BD4D5037298070317100A0D0A190C1D8A04124E700895F2771047C3052AA5
:2046A00086280503701619EB9B100A07E107E8CE1C00EF1A10880A087710ACFD852C124856
:2046C000720224EB85250C32270A670CA708080DE909098C9B080A3DE72A098CA424C7F36E
:2046E000B70694030A0DE3090E8CAAF8071031893E380E08691814083E281504640B0C969D
:20470000DD0385300A0A0A089FA824194C0B94881A5085300E5805FC504807587015777EF0
:204720000C32802F8A1A182A25103F0E94881D5085300E580CAC2C0D0747435A0558770FC1
:204740006D850A2A8C2D8A22122C2008280C9B901E50850C8B040C53435A05470C65770942
:204760002996562A99101007DC071A9C45501208B7F8A1040500DC150F979B100A37E12A0B
:20478000408C9C30C4FA94080A05E30F168C94081031DE251D9A57237E009B0A0805EF074D
:2047A0001494A10A0335E32A2894622877F8A1040500DC1509879B100A37E12A269C9C30FC
:2047C000C4FA3F839B080A0DE707179C04B396030313DC023694020B99081605E10F408E69
:2047E000FB0A8C1893B01A108CB3A00C96030363DC4716A49B0A0805EF070E94A4FF3E08A9
:20480000F17745100F7894081061DE580B9A94030A7DE370148CA708088DE981159C0C8C64
:204820004A54105D056E127B4558437C437A770FBFE50A2AD8263F1E80EA05F657C8EC3FEC
:204840001B08430B100405034EF4A304AA4F75DAF808160808100C066ED8DA087992120805
:20486000100810070714F92B85F70C54770AA8F1830856CA122C792C0A08771039EF9408E9
:204880001001DE02D5DC17F3E920178A08088308BB04922E054C770740E4902A052A2D049B
:2048A000790694160300E30F108E99081635E132168E9728CCF8BE009F080305E9030B872B
:2048C000970602038B8F9B0A0805EF0714945B16640955A85B10C9A89C21AB95FE164E2690
:2048E00054037E009B0A0805EF070CA48BAA4A0C7EF89B100E05DC0716888703B7062003E1
:204900003E119B0A0805EF071094A10A0335E32A1094A2284E08510580A34A2A4E135B108F
:20492000C5AA7825B139E2237B0B24087EF89B100E05DC0718389683193E94030A5DE34EC4
:204940000E8CAA484390BF1AE50995098A12B9F9230896C40623053CF7F59B100A07E107C6
:204960001A8C8A10C4FA2008A0089B100E05DC071C8859F377B64E0C4B11850A1F1C6118B2
:2049800049108B0A151C55185B108908231C7B0526038CB6070C9B100A07E1071A9C5C0597
:2049A000A10A0305E3070E94A2F889489B0411034E1644649B100A07E1071E8C5C07A10A32
:2049C0000355E34C2C949F080365EF592B87059A05590E760C81484C565F7510D81B94061E
:2049E0000C05E30F348C57F8980550130416722440109B0A0805EF092E9464F87E26411CDC
:204A000055200F0872083F0496030313DC031444DE0999081637E132368C572657A84B10E6
:204A20008908031C61144603770694040C0DE309103CA70A083DE92A0B3AE02ABA5202FA42
:204A400094081601DE020F9A94040C3DE32C2E8C6A2A7C004C1C94060C05E30F163CD7072B
:204A60009104FD06770694040C0DE309103CA70A083DE92A0B3AE02ABA5202FA9408160125
:204A8000DE02079A94040C3DE32C0C8CAA2ACA20C4F894060C05E30F128C97FC69FD250337
:204AA0003EB6032459D0EC491508560D081010084E26AC09AA4F7928F30816040503FF12DC
:204AC0006E24DC10798D0C08230A081312088E06200895108E1AAEF836058BC3C5368244E3
:204AE000528FCC283F1686EA0AFE5DC8E53519084A130E08030861E2A504A3556ED4FC1004
:204B00000A0A0808120673E0E0087288100817100E0B05190C1987F7055A700455F8770A6A
:204B2000FFC0182C7E3410087006E0ED9B100E05DC07E8CA19F3E22610840C10770A64FB6E
:204B4000982E0A547D07E2D88E2A0C322B08200AA7040500DC1509889D100A37E12A1C8ECB
:204B60009C30D218B7F69D080A0DE707098CAAF4500344177E043E24551A0908850ACB0E7B
:204B80004B3807066B10101049280808750C15837E5603F40E0F850A0908180A91B02C1128
:204BA0007EC60D080C1097A8231152059683135E7E440C600CFE484C185F750F3581052882
:204BC000822D8C22102A2008F6059683165E7E440C6013AE2411184E4854125D70052081E3
:204BE0000C32842D851A18262203D21794842258C50A08601FAE2819124C434A0E5D770F28
:204C00001181052A8C29871505382004CA119B8A1850980E83101758434A0E4C0C657B0737
:204C2000C493562607877016B81D15D0D01211C9D812AA2096488E068C1AB5202E0989F8BE
:204C400051A4051350D6E53319104A0D0808160A5320B049A3457718FA540E0803081200F5
:204C60007013D35A72861010170A080B184E3F148008050F8E080C1C17C8C5109C4440034E
:204C8000EA35451443105A0A0A15A70A080DE907098A15C8D01817C9C510B8148B438E16C5
:204CA0008316B7202A0B8EF8CAFA2510BE0894060C05E30F1A9C0CC8DA0CB9F30CDAC70C98
:204CC0009D100A07E1071C8E9C009B088318B7782A1194D80CC9D80C471394160351E5548A
:204CE000168E99081667E165188C852C0E4C0C154E4C435D186A078A7016B41C9D100A077B
:204D0000E107228E99101035DC28188C5E308908031C611E46134E26540480009B0A080551
:204D2000EF091094A1080333E52A12946228BE081618A0C46C2A4E145D107EFA99081607C6
:204D4000E10F249CF7B59D080A0DE7072F8C0E0596030313DC033C94020C8A289FAA1418EC
:204D600099B3930E9D080A5DE74C0F9CA7040500DC150988A0058C3199081667E165188CC0
:204D800094060C75E3761A8C94081681DE7A15AA05884C540C5F0ADE18814865506E437D6B
:204DA000790706E8102AC5244D1075C305E250C4EC3F170A480B160808105BA4A309AA4761
:204DC00075A0FE080308160401FF6EA6D30379920E0A1508160B0A21061D85FC0C4C77109A
:204DE000F5EE7008ABBB0725793A030377107CEE99081605E10F168C94080A35E332148C3E
:204E00009728D8F4B9F394160300E30F108E9CF81508578F4B3807086910101049280808DB
:204E2000750C10837E9603F30C0F854A0908180891B02C113F099B881A588948035818F8A2
:204E40004547056B7002EA870C397EFD981A0A322D089E089B881D58894803581FA8210C32
:204E6000055A43470C657709D77F18377E05921A052A27089410E84B62001B04DF55620E2A
:204E8000138385104A040A07D1E8071FABF804080C08C5000D279EF91714071B3F247E0325
:204EA000520A0C09C3E81517A30013080508C5F8092FA9F90618181C96130313DC0212EA5D
:204EC0005EFBC3F815372E3199A91B1153AC221A901D050C564807587015997A0C32802E2B
:204EE0008A1A182A4461A1080305E30728A49F084335EF26E163630ABEE3095FA5FE0F48D8
:204F0000564C0A541008300A0A080C32C2FA94081601DE0221AA97F3C50009292E18A50861
:204F2000291099A8171113A81E19C9C80227B1F50C13450763221E01998B2818BC1891B0F5
:204F400024110CA81E11C5E00D279EF91D14472263151702B00093AA1C115FAC1C1A921D94
:204F6000058C4A4C0C657B07527F18337BF785280525461A770A48F9982C0A547D07C6D84C
:204F80008C0A0C324A09039818480758057C057A8C100C0CA80AB60CA815B00EA30FAA147D
:204FA000AA1DAE16850818078703051E94030A0DE30908AC98087C00EA4B62FF0F08E462B0
:204FC0006DFF2688A70445FD430894834A0A4AFE990857024805A10847024AFE9B10550249
:204FE00043FFA70447FD431294034F0A4A0799181605E10F664297F80C0A9B100E05DC0740
:20500000D6CA45013F176E073B1585FA4A1C611809107F080E88E4180C019F080305EF0351
:205020001BA7DD0AB7024619E41A0AF9A708080DE90719ACE4FCBE0F9F080305EF030DA733
:205040004E1A04F4BE0F9B0A0805EF0712B45B0D04F9BE079B100E05DC071EA899023E1635
:20506000D1128900C61199081605E10F1AAC97F8E4C8891FC20F94081601DE020DBA9702D4
:20508000893F130A99081605E10F18AC97070927D9149F080305EF030FA7971594030A0D4F
:2050A000E30910ACAAF8AA1F4BC82E0849175410901B053BA7040500DC1511A79B100A6770
:2050C000E15D20AC9C6F9B1717F895178A12B90723F89CD3B90294160300E30F469E990889
:2050E0001665E1651EAC97679057551F4FF96E1747F98003371A6E033B0F7E0999081605ED
:20510000E10F22ACDD18BE079B100E05DC072AA8DFFEB71594030A0DE30918AC51C8330051
:20512000C407E21E12889B100E05DC072238F9F53F1C94030A0DE309143C0AFC08104C4F23
:2051400085200C909B100E05DC0724A896030353DC3614B49E4993172AF8931F900AAE0724
:205160002AF890DFC20794081601DE023FAA94030A4DE33D16ACAA478E5F5B1744F9751770
:205180003B058908370C81043602771594030A0DE3091AACF018BC0FA10A0305E3071EB410
:2051A000E84CB707A1040500DC1513A74510F109BC07F51E1090A10A0305E307164402FDED
:2051C0003F0EA1040500DC150F37FE069B0A0805EF0716B4A409C217E10B9B100E05DC0718
:2051E0001EA8990294160300E30F20AE9CF89517D313A10A0305E30716B49F080365E95903
:205200000FA7977594030A6DE35F10ACAA58AA1FA10A0365E35D1AB4A258A517C4039603BE
:205220000313DC0216B49B0A0865EF5D14B4A46994080A65E36520AC97585DC4E7821016BF
:2052400043060A100A0A5317B6A9A8457B0AF3B20A080A100A646E08E0AE748A071610032B
:205260000A130CB4BC02A708080DE9093B9C750C3B059F080365E95915A797664E034B118E
:20528000750A3907A708086DE95F0FAC9E589B100E65DC5D22A8995AE51D4E0A4B11750AE9
:2052A00039078A0799101007DC0718AC9E0F17E8C3104F13A40394160300E30F18AE9C0726
:2052C0001FE8CC188F1999089B080A0DE7070FACA4030EE3C51E421297109B0A0805EF0719
:2052E00014B4A4090CE8D010891F9208E20B9284870B059E94030A0DE3091AACF00ABC0FC6
:20530000A10A0305E3071EB4496825F8C40396030313DC021AB413F9CA109C574310F719F2
:205320004517BE079B100E05DC071CA896030373DC5814B49E6999081665E16518AE9758BE
:20534000AC179B100E65DC5D20A89953A525B7029B100A07E10722AC99101067DC5D16AC6F
:205360009E6F9F080365E95917A7976650C3EC8F170A480B160808105B19A3A9AA3D7510B0
:20538000FEB203081004015F6E16D3AD79970E0A1508160B0ABAC40494080A05E30F469C69
:2053A0006E0C41F996030373DC581AB49E5A530857097310410994080A65E3651AAC9758A0
:2053C000A1040560DC6B15A79E64EC0E530C5709731041097707E91E12909F080305E90376
:2053E0001137F7123F099B100A07E107223CFC0DA10A0305E30716B4A207C217CC069603B5
:205400000313DC0216B49E0999081605E10F24AE97F849F8BA12ED2E9389A1040500DC153B
:205420000F379B100A37E12A223CDC32A10A0365E35D16B4A26794081061DE5819BA97539D
:205440009B100A67E15D24AC9C6413190DFC9A2AFE029F080305E903259794160330E332E0
:20546000163EDC2A16085C3F840994080A05E30F1A3C94081031DE250F4AD725BA52FEFC5E
:2054800099081605E10F349E94080A35E3321A3CD72A10045932771594030A0DE309289CBE
:2054A0006A078A105B1904F8B8239B100E05DC073498590285164E120B0079291C08A70853
:2054C000080DE909339C9B080A3DE72A239C643396030343DC252EA45E2A730837077C0F27
:2054E0004C2E94080A05E30F3E9C94081031DE2523AA57329B100A37E12A529C5C30A10A69
:205500000335E32A2EA4622C94081031DE2523AA572A75173B4E534857085311514B4E4813
:205520005B0875102F077707A1040500DC150FA79E0F9B0A0805EF071CB4A4FA62174008FA
:205540009B100E05DC071C3896030343DC251644DE2C99081655E15426AE97579A2AFE024B
:205560009F080305E903319794160330E332163EDC2A16085C3F840994080A05E30F1A3C43
:2055800094081631DE250F4AD726BCD2FEFC99081607E10F389C94060C35E3321A3CD72A7E
:2055A0001604593277153F34EB23198A99081607E10F389CDD0680079B100E05DC0742982F
:2055C000DF0377153F259D100A07E1073E9E99101035DC281AAC9E3F9E4A57378A03960346
:2055E0000343DC2638A49B0A0805EF0916B4A407935554277E3FED200B88A7040500DC1507
:2056000015A8E61CBE0999081607E10F389C57058E08551F0FF8B123A7040500DC152F98D9
:20562000600F8C0A531717FA772F240894060C05E30F429C94081631DE252BAA57339D10AB
:205640000A37E12A429E5C307B082405800746349F080305EF03399794160331E532329EAF
:205660005C37A70A083DE92A3F9A60289B100E35DC2A4298592694160331E532329E5C2C93
:20568000810E39435B38440657094B215918540881042602771594040C0DE309389C6A096C
:2056A0008A105B1704F6BA239B100E05DC074A98590285164E130D0079291C08A70A080D94
:2056C000E90703AA9D080A3DE72A339C6A3396030343DC2640A45E2A730837097C0F4C31B4
:2056E00094060C05E30F0EAC94081631DE2533AA57339D100A37E12A4E9E5C30A1080333B6
:20570000E52A3EA4622994081631DE2533AA572777133B1B5318570A99101035DC281EAC64
:205720009E3159094419611456036E162403800F0A0A2508340B99101005DC05183C9B10B5
:205740000E55DC4C2238D94794160361E56516AE9C67A70A086DE95D19AAA0589B100E65E0
:20576000DC5D24A8995706250DF89C54FEFE99081607E10F309C94060C55E3541A3CD74CF3
:2057800016045952771594040C0DE309143CA70A085DE94C0F3AE04CBA5402FC940816014C
:2057A000DE0227AA94040C5DE34E143CEA4E0810645777059D080A0DE707339CA7040550B6
:2057C000DC5A2398605F9B0A0855EF4E44A4644894060C55E354329C574CA7040550DC5A6D
:2057E000239860577511394C614A49105B09444757485B10790824078A0396030313DC0368
:2058000018B49E0999081607E10F24AC97F66B1740109F080305EF03113794160331E5325A
:20582000163EDC2AA70A085DE94C19AAA0579A3202FA94081601DE022FAA94040C3DE32CE5
:20584000143CEA2C0810643777059D080A0DE7070F3CA7040530DC380F38E032BACCFCFAF5
:20586000A70A080DE9072B9A9D080A3DE72A0F3CEA260503574577034840E91D1788A70A59
:20588000080DE9072B9AE6087E0F9F080305EF033197DD16770348319B0A0805EF0930A4F6
:2058A000A1080353E54C18B4A257932C6A53790294160351E554369E99081607E10F1EAC79
:2058C00097059C37522F8257E2201E8496030313DC031EB4E416BC07A70A080DE907379AB7
:2058E0009D080A3DE72A2B9C6A3396030343DC2648A45E2A99081637E1323C9C57299D08F4
:205900000A3DE72A2B9C6A28700734494E344D10550B4919611A59107B08240580079B107F
:205920000E05DC0716A896030343DC263CA45E3999081637E132489C57269D080A3DE72AFC
:20594000379C6A2596030343DC263CA45E2D730B471B5320510894060C35E33220AC972971
:20596000610546144E26540475102B097C0716084418A1080305E3070AB48908FB038A0370
:2059800005033F1E94030A0DE30908AC9108000B8407E21E57889B100E05DC0716A859028C
:2059A0007E964F07551F0BFA77173D8899101005DC070AAC5E0FC908030CB1C45E074E25C0
:2059C00004F3793F248A99181605E10F8CC294180A35E3328AC2573791643107941603307C
:2059E000E3320AAE5C29811769018B882F0C55175B0082073F24A7040500DC1503A75E0F9A
:205A0000858A540C611709003E1194080A05E30F0EAC7E8862F879023F2094030A0DE3091C
:205A200008ACD1080804ABD75CFC7E079B100E05DC0720A899F356082313E41A57CAEA4795
:205A4000230848131008030855F9AA91AE476EF8068C05030316FFFF7500DA92778B1A0803
:205A60001510100B05908988C2129F080305EF030DA79715C222BB129B0A0805EF070CB452
:205A8000A1080335E32A0AB462377707F52A1C8594160300E30F1CAEE209CA0799101005A0
:205AA000DC071EACE4B0C20794081601DE0213BADD53BE0F9B0A0805EF071EB4EAB7B707A6
:205AC0009B080A0DE7070F3C0AFB96030313DC0218B49B0A0835EF2A12B4A4378E171EF81E
:205AE000951F8E0AAE0736F48BD2B71594030A0DE309449CA708083DE92A11AC9E37905F50
:205B0000591744F9811336F87E16370775103B097C07A708080DE90711AC9E07C91FC6092B
:205B200094081601DE0211BA97029B100A07E1072CAC9C008F17AF099B080A0DE7070FAC95
:205B4000A7140530DC387FBD5E3F850A220C611759008B082D0C75083B0F591704F948335F
:205B6000B90294160300E30F429E99181635E1328CC2573785082414591754F8A70405309F
:205B8000DC380FA79E30550A49098108390F8B082D0C75083B0F820794081601DE020FBA73
:205BA0009702D80E9B0A0805EF0714B4EA08B7079B080A0DE7073B9CF00479023F2F940353
:205BC0000A0DE30914ACAA07531F51F97E083C0C551F0FF8B115A7040500DC150FA7E4B09B
:205BE000BE0999081605E10F489CDD087E079B100E05DC07223896030343DC251644DE2CA5
:205C000099081655E1541CAC97574588B910F0F88E0896F6B0F3231589D29B100A57E14C7E
:205C200024AC9C505217932AFEFA9B100E05DC07369896030343DC251644DE2C08086A3726
:205C40007C0FA1080305E30716449F080335EF261137D738B345FE029B0A0805EF072CA409
:205C6000A1080335E32A1644E22A03086A33790294160300E30F2A9E5C079808531F11F8C8
:205C8000B1239B080A0DE707279C6A0387034E2504F3792F1E0A99081605E10F409C940870
:205CA0000A35E3322E9C5737A7040530DC3827975E30750A29078A074434A1080305E307A5
:205CC0003AA49F080335EF262597574594030A3DE32C449C6A2899101035DC2A2E9C5E31EE
:205CE0009F080335EF26259757396E063B21551A4908910820245B18540875082B0F8207E8
:205D000094081601DE020F4A94030A3DE32C143CEA2AE1324CA8F7FA9B080A0DE7072F9CDB
:205D2000A7040530DC380F37DE320A0A5C378A0799101005DC07163C9B100E35DC2A2238A0
:205D4000D925B3D8F7F59B100A07E1073E9C99101037DC2A163CDE320E0857378403960334
:205D60000313DC0232A45E098A0861170900BE2594080A05E30F3A9C570792045012040629
:205D800072221E109B0A0805EF073CA4A10A0335E32A32A4623794081031DE252FAA572327
:205DA00075102B097C07522C99101007DC073E9C9B100E35DC2A3898593294160330E3326B
:205DC000469E5C28A708083DE92C2F9C5E299B100E35DC2A389859266E19341455204B0A24
:205DE00083082E1C5320610A6E082B077E0F9F080305E903359757158503551F0BFAB6230E
:205E0000A708080DE909379C5E078C10591704F87F23190394160300E30F0AAE990816358B
:205E2000E132409E57379B080A3DE72A379C642470032415770246399B0A0805EF0708B485
:205E4000A10A0335E32A3AA4623794081031DE253BAA57239B100A37E12A4A9C5C31A10A87
:205E60000335E32A3AA4622B6E0B41155013441694030A3DE32C1AACAA295311511B4E182A
:205E80005B0875102F0777071004410A94160300E30F0AAEE2088A0799101007DC070AACDC
:205EA0005E0F90084E1711F4330A94160300E30F0AAEE2088A0708104C1594080A05E30F4E
:205EC0000EAC94181031DE257FD057327E0F9B0A0805EF0712B4A409423789089B100E05D0
:205EE000DC0714A8590285164E120B0079397D08A708080DE9091BAC5DFA2A10E81250C84B
:205F0000F2231203431903030A1055FAA849B63A7300004E03080A08063C79F8D34C7F85F7
:205F20000903101603060C5FAC39531757F97C0FA10A0305E30726B49F080335E9261DA768
:205F4000574594030A3DE32C12ACAA28AA305B0A440975083B0F9F080335E9261DA7573696
:205F60004E125B007E09E71E2D8899101007DC070EAC5E0F89884F0C5B1306F3313294038E
:205F80000A0DE30908ACA718083DE92C7FC25E377E0F4A2A94081001DE0203BA94030A3D32
:205FA000E32C08AC6A3799101037DC2A26AC5E30591744F8A1040530DC3807A75E30850AC2
:205FC000001BA708083DE92C1FAC5E2A75123F196E187103790203163F08851002350A2A96
:205FE000521A99201007DC074DD21E0F6C1D7E08082F07253F1E94030A0DE30908AC6AFAB5
:206000000A324C0B03980C500C65106E43545061DF46620E0803E46269021488A708080D0E
:20602000E909236C9B080A3DE72ADF1E04F6410494160300E30F42AE8D0726887C0FA10AA1
:206040000305E3072AB49F080335E9262567D7380303133F2E53731747FD7C0FA10A030502
:20606000E3072A74E2070CF8CE0CDF0D420615039B100A07E1073AAC99101037DC2A2A6C6F
:20608000DE320E080C37384D7012340C770246229B0A0805EF072CB47B6074FE9B080A3DB0
:2060A000E72A236CE42605030C362B4C75103B097C07A708080DE909236CDE071300CC1010
:2060C000DD124FF45D0394160300E30F2AAE99081635E132306ED72A0A08133F12519408B6
:2060E0001031DE2523BA57239B100A37E12A366CDC32100A0C290A51751F6FF994081031DB
:20610000DE2523BA5723551F4BFA7C07A708083DE92C27AC9B080A0DE707236CE4030503E7
:206120000C150B4C9B100A07E1073AAC5C005B1944F89B080A0DE70727AC6AF496030313C9
:20614000DC0330B45EFB731777FB99101005DC052C6CDE0F0E080CF8224D96030313DC03EC
:206160002CB45EFB83080E2D7320710A4E154DF87E3F9F080305EF03153794160331E532CB
:206180002A6EDC2A160A113F20517E06040B9B100E35DC2A3AA859246E173404571F4BFA22
:2061A0000AF8980B9100501194060CF5E3FE1E3C94081601DE02134A0CF84C199B0A080567
:2061C000EF092874E407030615071E599F080305EF0329A757064E134D00850A000BA70ADD
:2061E000080DE90723AA60F975113F084E1757F407F9851D05480E650C700A7F8309D4929E
:20620000122A053995EA4A199F0803F5EFF2153794160301E50F2A6EDC07160A110468514B
:2062200094060C05E30F2EAC570718FA870A055A05590E760C817507ED8C0A34123D9406FC
:206240000C05E30F32AC570718FA870A055A05590E760C817507DE8C0A34123D94060C0570
:20626000E30F1E3C0CFE560D0747056B056A0E8777099A8A182C0A4399EA430F9D080AFDED
:20628000E7F61B3CA7040500DC15133815044A1399081607E10F203C0CFC4C110C54105D2C
:2062A000056E187B7202A39805260E4393EC4811A70A080DE907236AE0070A1017072351FF
:2062C000910409074E2504F47B2F260A990816F7E1FE283C94060C05E30F263C0CFC560D79
:2062E00096030313DC031C4413004811184E0A65126E057D79078292102A053B9FE6450C89
:20630000941603F1E5FE323E99081607E10F306CD7050C08130F3A4105FC98099603031364
:20632000DC03244413004811184E0A65126E057D7907649210320543A7040500DC152368A7
:20634000E00F0A0A11074E530A04920D94060C05E30F263C0CFE560D0747056B056A0E87A6
:2063600077094A8A182E0A458B08FBF90EFE8C17104C055D186A077A701511860E360C4190
:206380000AAC18BF0A76127F7005548A0C32103B8CEA560D96030303DCF22C449B0A08051B
:2063A000EF092874E40703061507424910FC850DA7040500DC152B3815064A130A4C185FC7
:2063C0000A76127F70051C8A0C3A104394081601DE02237AD7030C101309404118FE8A1580
:2063E000A1080303E507324417FE431118480758057C057B790FDA8B0A2E18410AB412BD58
:20640000056C0E7F770F188A052C183996030313DC0398F652290AFE98110A54125D056C4E
:206420000E7F770FDB89052A18378EE5431F94040C0DE309286CEA0899101005DC052C6C38
:20644000DE0F0E080CFC723D96030313DC032C4413004811184E0A65126E057D7907A6918A
:20646000102A053B9FE6693C94160301E50F46AE8D07268A7C0FA1080303E5071A44E8082A
:206480007707A7040500DC1513389D100A37E12AA2F0113F1C416FF79D080AFDE7F6034C1C
:2064A000A7040500DC152368E00F0A0A11FC7A4399101005DC051C3C13064E11054C1859B2
:2064C0000769058D70039C910C2C0A3B9FEC4819A10803F3E5F63A449F080305EF0391E99E
:2064E0000C0A4B0D9D100A07E107164E11065011054A0E5D0C76107F70078C850727054BDB
:206500007E0404030C008A0F184E0A65126E057D79074C91102A053B9FE6450C941603F12B
:20652000E3FE1A4E83080EFB0A0A92137E080A000C04900D94081601DE028FFC0CF97219DA
:206540000C4E0A5D186E0A877D073D890C2C0C459F080305EF0335370C0C430C0C540C5F51
:206560000A6E187F750F5089052C0C3D9B100E05DC07A2EA0EF97B2F05470C650C700A7F95
:2065800083071291122E053F0CAC0CC5106E057F830349840538053693F24A13990816F566
:2065A000E1FE304C7E0802FB0C0A901394081601DE028FFC0CF782299B0A0805EF0794F646
:2065C00019FE4B310C4C0C65106E057F8303E983053C053A0CB40CBF0A6E187F750F2E8916
:2065E000052A0C3B93F24E11940816F1DEF1335A94030A0DE309184C1FFC4819A108030517
:20660000E3072A5417FE431118480758057C057A770FCC8A0A2A183B91F2501194080AF508
:20662000E3FE0E5C94081601DE02135A0CF74A199B0A0805EF07285419FE43110C4C0C6551
:20664000106E057F8303C1830538053693F24A13990816F5E1FE205C94080A05E30F3E4CE6
:206660000CFC560D96030313DC0296F65E090AFE980F0A54125D056E0C7F770F9B880532D5
:20668000183F96030313DC023A5413FE4811A708080DE9078FEE5E070C06900F054C185915
:2066A0000769058D700282900C300A3F18AC0AC5126E057F7707A29010320543A70405004E
:2066C000DC15035713044A1399081605E10F105C0CFE4A110C54105D056E187B720287961A
:2066E00005290C470CAE0ABD186E0A877D076B880C2A0C4397EA4311A70405F0DC042357B6
:206700009B100A07E107A2EE5C0F12FC850D9B080A0DE707334C1FFA450C055A05580C766B
:206720000C81750763880A3A124394080A05E30F9AEE570718F8870894160300E30F3A4E83
:2067400011FE56110A54125D056E0C7F770F3288052E183B07A705CB05690C8777094C885F
:2067600018320A4BA1080305E3070A6417FC4311A7040500DC15035713064A130A4C185DCE
:206780000A76127F70073A880C36103F05AC18B90769058D70020A900C2E0A3DA708080D49
:2067A000E907135C13FE4A19104C055D186A077A701537830C320C3D91EA5611991010F5EF
:2067C000DCF63A5C9B100E05DC0716580EF7431F94030A0DE30994EE6A070A06920F054C4C
:2067E0000C5D0C76107F700715830727054B7E030A0C0C008A0F184C0A65126E057F770701
:20680000FD8F102C053DA7040500DC15135713064A130A4C185D0A76127F700709870C32CC
:20682000103B8CEA560D96030313DC020AC48F0918888A0799101005DC071A3CE41082079C
:2068400094081601DE02134A94030A3DE32C94EE1F3710497CF994080AF5E3FE164C94083B
:206860001601DE02237AD7020A1013FE6C41A708080DE907133C13FE4A19104C055D186A1C
:20688000077A7015B4820C320C3D91EA5611991010F5DCF6423C9B100E05DC07A2EA0EF723
:2068A000531F94030A0DE309104C1FFE4819124C055D0C6E0C877B079A87182807387E166F
:2068C000FBF60C068C110A4C185D0A76127F70076D870C32103B8CEA560D96030303DCF103
:2068E0002254850A00FB18028A1B8B0803000CFC8C159F080305EF0391E90C0C730C0C5488
:206900000C5F0A6E187F750F6B89052C0C3D9B100E05DC0748380EF9431F05470C650C7048
:206920000A7F8307698F122E053D9B080A0DE7078FEE19FA452C055A05580C760C817507DA
:2069400041870A36124105AC0CBD0C76107F70077583072505498CE54A199B0A08F5EFF60D
:2069600030548B0AFBFB0C028C1B9F080305E90391E90C0A432C9B100A07E107A2EE11066E
:206980006033054C0C5D0C76107F700715830729054D05A70CC50C700A7F8307478F122CE8
:2069A000053B93EA4A199F0803F5E9F23D4794160300E30F224E11FC561199101007DC0793
:2069C000324C13064E11054C12590769058D7002ED8E0C2C0A3B9FEA4819A10A03F5E3F633
:2069E00012649F080305E9031D470C0A430C9B100A07E1073E4C11065013054C0C5D0C76D9
:206A0000107F7007ED82072505498CE54A199B0A08F5EFF62064A10A0305E307425417FC62
:206A20004311A1040500DC158FE95E0F0C008A0F184C0A651270057F7707B88E10320543B6
:206A4000A1040500DC153B4713044A1399081605E10F9CF057070CFE8C17104C055D126A28
:206A6000077A70159C810C360C410AAC18BD0A7612817007C3860C3A104394081001DE02E0
:206A80000B6A0CF74A199B0A0805EF071064190043110C4C0C65106E057F7D03AA81053CDB
:206AA000053A0CB40CBF0A6E187F750F9988052A0C3B93F24E11940810F1DEF12B6A940366
:206AC0000A0DE30994EE6A070A04920F94080A05E30F464C0CFE500D0747056B05690C87BC
:206AE0007709768618320A4BA10A0305E30796F6620705FC920996030313DC024254130017
:206B00004811184C0A651270057F77074F8E102E053F12A807B8057C057A770F6F880A3234
:206B2000184399101007DC07125C13044E1194081001DE020B6A0CF94A190C4E0A5D186EC2
:206B40000A877D0954860C2E0C4710AC05BD126A077A701524810C340C3F99081605E10FDB
:206B6000285E0CFE4A110C54105D056E127B7202589405250C4393EC4811A70808FDE9F817
:206B80003B5C9B080A0DE7070B5C19F8450C94160300E30F96F05C0718FE8A17124E055DEC
:206BA0000C6E0C877B072386122807387E1603FF0C068C110A4C185D0A76128170071E86E6
:206BC0000C34103D94081001DE021B6A0CF94A190C4E0A5D186E0A877D0923860C2A0C4322
:206BE00097EA4311A1040500DC1507B78F0F1A8A7C07A70808FDE9F8036C9B080A0DE707F6
:206C0000335C19FE450C94160300E30F2A5E11FC561199101007DC072A5C13064E11054CF0
:206C200012590769058D7002E98D0C360A45A708080DE909335C13FC4A199F080305E9031C
:206C400035570C0C430C0C540C5F0A6E187F750FDB87052E0C3F0CD410DD056E127B7202C2
:206C6000B29305270C459B0A0805EF0794F619006B310C4C0C65106E057F7D03BA8005429F
:206C80000540851002FD0A06F00899101007DC072A5C13044E1194081001DE028FFC0CF957
:206CA00062390C4E0A5D186E0A877D09A0850C2E0C4710EC05FD126A077A701584800C3663
:206CC0000C410ACC18DD0A76128170076F850C36103F05AC12B90769058D7002A98D0C2C2F
:206CE0000A3B9FEA4819A10A03F5E3F61A749F080305EF032567D7150304150F4223990811
:206D00001607E10F9CEE0CF610419B100E05DC073668D90203160CF54029751969F9A70A4B
:206D2000080DE9078FEC15F80E499F080305EF032567D715030415013A23731777FB0A04D2
:206D4000920D94060C05E30F0E6C0CFE560D0747056B056A0E8777094F85182C0A4399EAE6
:206D6000430F9D080AFDE7F62BACA7040500DC15136815044A130A4C185F750FB785052815
:206D80009D080A0DE707236CEA0305030C15033D57024BFA7CF7A70A080DE90717BA910734
:206DA0001A908207940816F1DEF10B7A94040C0DE309405C1F044819A1080303E5073264BB
:206DC00017FC4311A7040500DC152B5815064A130A4C185F0A76127F700512850C3C104529
:206DE00094081601DE023B6A0CF84C199B0A0805EF09406419FE430F0E4C0C65106E057F6E
:206E00008303F77F053C053B0ED40CDF0A6E1881750FE684052A0E3D9B100E05DC07A2EA82
:206E20000EF9733F05480E650C700A7F8309E48C12340543870802031006DD08A70405000B
:206E4000DC152B5815044A1399081607E10F9CEE0CFC6C310C54105D056E187B7202C792CB
:206E6000052A0E470CEE0AFD18700A877D07AB820E2E0C4710CC05DD186A077A70158F80DF
:206E80000E360C410AAC18BF0A76127F7005D2840C32103B8CEA560D96030303DCF2247491
:206EA0009B0A0805EF092874E4070306150742299F080305EF0391E90C06033D9D100A07E6
:206EC000E107366EDC0F10080CF74021751F6FF994081601DE028FFC0CF40C499B0A08059E
:206EE000EF092874E407030615F93A29791764F918F8870894160301E50F126E11FE561373
:206F00000A54125D056C0E7F770F7C84052A18378EE5431F94040CFDE3F834ACA70A080DAB
:206F2000E9071B6A15FC4A19104C055D8303D37F053894040C0DE309286CEA090810190739
:206F4000033F57FA4B0082F794081601DE0213CA88031C907E0999081607E10F40AC940678
:206F60000C35E33236AC572D188807587015CFE80E327EFC99081607E10F44AC94060C35E7
:206F8000E3323AAC572D188807587015C0E80E327EFC99081607E10F44AC57059D080A0DD6
:206FA000E70733AC6AF4700324157E040C14551959F8A70A080DE907236AE0070A1017F846
:206FC0000341611356F377F594040C0DE3093CAC6A0999101005DC053CAC5E0079083407AB
:206FE000A7040500DC152368E00F0A0A11F81E23531F51F894060C05E30F2E6CD70716042E
:207000000EF3034F4E135D007ED999081607E10F18BC88051C887E0F9F080305EF031DB753
:2070200094160331E53246AE5C37A70A083DE92A3BAA6028AC1F591744F9D1A4450A9EB6CE
:20704000D007571F4BFA7C07A70A080DE9071FBA9D080A3DE72A03BC6A3396030343DC2652
:2070600048B45E2AAA1761194901CBA8430DA7A8D713591744F88A0396030313DC032CC454
:207080009B0A0835EF2C18C4643794060C35E33212BC5728B81350124407BEA44C17A5AAB3
:2070A000D50B61194900840794060C05E30F32BC94081631DE250BCA57339D100A37E12AD9
:2070C00026BE5C30B2174E154DF9C5B04E0F9EA8E3075012440677039B100A07E1073EBC08
:2070E00099101035DC2A12BC5E3F9F080335EF263DA75736A512551F4BFBC3A8560FA3B038
:20710000DD0B4E174BF87E0F9F080305EF0331B794160330E3320EBE5C37A708083DE92A71
:207120000FBC5E28AC1F591744F9D1A4450A9EB6D006551F4BFA7C07A708080DE90733BCB9
:207140009B080A3DE72A13BC6A3396030343DC251EC45E2AAA1761174901CBA8430FA5A8E9
:20716000D713591744F88A030593232E054B0C650C700A816E0E0A00680F05074A544A6DDD
:207180009F080305EF0319D7880713837E019B0A0805EF073CC4CB08031CA5C96B2482F9A8
:2071A00094081601DE023BEA77F89B100A07E10752DC7C06A1080305E30742C48201940894
:2071C0001601DE023FCA77F39B100A07E1072EDC8D00208877F89B080A0DE7073FDC6AF4D2
:2071E00050F304067212D9939B0A0805EF071AE4A407E22734889B100E05DC074ED859021A
:2072000077C594030A0DE30944DC6A078011A1080450E34C5E424E4C7007A87307259416A8
:207220000300E30F42BE5C078AB799101005DC0746BC5E0F86099408174CDE475E484347C2
:20724000770F88790A2AA708080DE90713DCE409BE0F2B08750BA7040500DC153BB75E056D
:207260009B0A0805EF0744C464FE94080A55E3540ECC94081661DE5807DA05870C650C704D
:20728000484C565D750FD1FE94080A05E30F0ECC5707D10405059EC65F07551F0BFA7737AF
:2072A0003A8899101005DC070ACC5E0F7507C207911453074E2504F3793F218A990816055B
:2072C000E10F14CC5707C5080A12A9B85F0C611306F3B14094030A0DE3090CCC6A078A10F0
:2072E0005B1704F838179B100E05DC074EB8DF03771594030A0DE30944BCF0087C0F2D086A
:20730000270B9B080A0DE70713DCAA03631B94160300E30F26DE8D0726887C0FA108030558
:20732000E30742C4620794181601DE0257C057F375102B6999081605E10F4CBC57FE9B082B
:207340000A5DE74C0BCCA7040560DC6B0FC70C940C5F0A6E564C48657D075AFE9B080A0D27
:20736000E7073BBC6AF996030313DC0246C45E0999181605E10F68B257F875082B7F9F08D4
:207380000355EF4815C794160360E3651ECE0A8C185D0A76504C435D770741069F08030506
:2073A000EF031DC794160330E33216CE5C37A708083DE92A07CC5E2875103F079418163170
:2073C000DE2557C05723551F5BFA7C07A708080DE9071FCC9B080A3DE72A17CC6A3396031A
:2073E0000343DC250ED45E2A7308470799201035DC2A62B25E30591754F88A039603031375
:20740000DC022AD49B0A0835EF2A10D4643794080A35E3320ECC5728810436029426033023
:20742000E3325EB45C2861175900840794080A05E30F32CC94081631DE2513DA57329B10A3
:207440000A37E12A16CC5C307B0834079B180A3DE72A5BB26A245012540677029B100A071D
:20746000E1074ECC99101035DC2A22CC5E3F9F080335EF2629C757364E124B009B0A08358D
:20748000EF2A28D4642894080A35E3322ACC572981147602771594030A0DE30940CC6A0735
:2074A0008A105B1704F838279B100E05DC074EB8DF03771594030A0DE30944BCF0087C0F33
:2074C0002D0A460A9B080A0DE7072BCCA1040530DC3827C75E3F9B0A0835EF2A40D4642A70
:2074E0004E175BF87E0F9F080305E90331C794160330E33226CE5C377D07C70FA10A0335FE
:20750000E32A42D462284E1761F4790294160300E30F3ACE99081635E13230CE57377107DF
:20752000C90F9F080335E9263DC757364E125B007E0999081605E10F44CE94080A35E33204
:2075400026CC5737A1040530DC383BC75E30551959F88A0799101007DC071ADC9E0F9457AC
:207560008E172FF496030313DC02B6C61A0999081635E13210CE57377E079B100E05DC0786
:2075800020D89902896594030A0DE309B4BE260799101037DC2A0ECC5E3F97073701A10449
:2075A0000500DC1513D79E0F905999081605E10FBCC013079B080A3DE72A3BBC64338E02FA
:2075C0003B0F94030A0DE30918DCAA078E5FA10A0305E307B6C61E0794081031DE253FCA0E
:2075E0005732930F460399081605E10F1CDE94080A35E3324ADC5737A1040530DC3807C711
:207600005E30750A39078A0799101007DC0712DC9B100E35DC2A48D8593294160330E3326A
:207620000ACE5C288108390F840994080A05E30F12DC7E0808F7790294160300E30F1ADE6E
:207640009C07D5673310A10A0305E3071AE4A20785788FF40F0394160300E30F0EDE83081C
:207660000EFB7C0F4C2294080A05E30F12DC7E0808F7C03336199E33FD139B0A0835EF2ADA
:2076800018E4A42BC5C955094B21591854087B04360277150303462B9B0A0805EF0718E49C
:2076A000A409C24716089B100E05DC0714D8C0D3CF129ED2EE037E094412A708080DE90901
:2076C00007DCC5D8D60CA9D7DFFB840396030313DC0242C49B0A0835EF2A0CE464399408B0
:2076E0000A35E33236CC5728A1040530DC380FD75E31551A4908A708083DE92C2FCC5E2907
:207700009B100E35DC2A18D859256E3764039B100A37E12A4EBC5C317B1964F97E079B104C
:207720000E05DC074CB896030343DC250EE45E3999081635E13240CE57289B080A3DE72A5F
:207740000FDC64255013441694030A3DE32C3CCC6A2999101037DC2A12DC5E3279296408EE
:20776000A1040530DC383FB75E31751969F98A0799101007DC071CDC9E0FED278F88A104FD
:207780000500DC1513D79E0F7EB999081605E10F10CE570782099B100E05DC0714C85902DA
:2077A0007B1894030B58E34E6B3A564C750FD876052A9B080A0DE70713DCA4038B529416FE
:2077C0000300E30FB6C018071F07400984B994080A05E30F1EDC9707965396030313DC02C8
:2077E000B6C61A09110752018011A10A0450E34C5E424E4C7007B470072594160300E30F20
:2078000022CE5C078AB799101007DC0726CC5E0F860994081001DE0223DA570282129B0A27
:207820000805EF072CD464097B0B9B080A0DE7073BCC64037D079416044BE3547C3C484C3C
:207840008307867C122C94080A05E30F16DC570784B396030313DC0216E45E098009A70814
:20786000080DE9093BBC5E0782129F080305E90341B757157B069B100A07E1071ADC5C0F8C
:20788000880E94080B50E3545A4A434C7D035D6F053894030A0DE30944BC6A0783D0300ECC
:2078A0004E170BF8B83D9F080305EF0341B75715BEA47C1DA53ACA0B611909003E1094064C
:2078C0000C05E30F4ABCDD088A03414194160301E50F42BE5C07910AF8135B1704F6BA35A5
:2078E0009B100E05DC074EB85902BE062B10A760D90D531717FA3618A1080303E50742C430
:20790000E8087707522596030313DC031CE49E096620A70A080DE90723DA91071A90820749
:2079200094081601DE0213EA94040C3DE32C18DCAA39CA2FC40794060C05E30F1EDC97F806
:20794000F00E84128D9294040C0DE3091ADCAA09E72F268894060C05E30F46BC57078AB330
:2079600096030313DC0348C45E098009A70A0958E94C5E384C4C770FF173052A16042203B0
:20798000071794040C0DE30918DCF00BBC0F2D08F7069D080A0DE7073BBC8AFD9603031369
:2079A000DC0344C45EFF99081607E10F4CBC57FC9D080A5DE74C03CCA7040560DC6B07C846
:2079C0000E940C5F0A6E564E48657D0721F99D080A0DE7073BBC6AF996030313DC0348C495
:2079E0005E0999181607E10F68B257F677082B7F9F080355EF4815C794160361E5651ECE7C
:207A00000A8C185F0A76504C435B790708029F080305EF0341C794160331E5321ECE5C37F8
:207A2000A70A083DE92A07CA602875103F0794181631DE255BC05724571F5BFA7C07A70A8E
:207A4000080DE90703DA870802039F080335EF2641C757364E135D007E0999081607E10F34
:207A60001CDC94060C35E3324ADC5737A7040530DC3807C86030750A39078A099910100507
:207A8000DC0548BC9B100E35DC2A16D8593294160331E53216DE5C28A70A083DE92A3FBA25
:207AA0006029751F6FF97707A7040500DC1513D8A00F9059931735FA99101005DC05B8BEB1
:207AC0001A0F9F080335EF2605C7574577039D100A07E10726DE9C0F965794060C05E30FC8
:207AE000BABE1307A7040530DC3807C8603F93093C01A70A080DE90713DAA007905F9F08D9
:207B00000305EF03B1B9131594040C3DE32C40BC6A39910F480194060C05E30F1EDC97072C
:207B20009C5396030313DC03B8C61A0999081637E1324CBC5735950746099F080305EF0306
:207B400041B75715BEA47C1DA53ACA0B611909003E1094060C05E30F4ABCDD088A034117D4
:207B600094160301E50F1ADE99081637E13220DC9735CE27BE0F9F080305EF0315D79706B6
:207B8000DD0E8B1F128999081607E10F48BC570580D79B100E05DC0752B8590277F5940446
:207BA0000C0DE3092CDC9B091890840794060C05E30F36DC94081631DE251BEA57339D1010
:207BC0000A37E12A2ADE5C30B2174E154DF9C5B04E0F9EA8E3075012440677039D100A076D
:207BE000E10742DE99101035DC2828DC5E3F9F080335EF261DD75736A513571F4BFBC3A896
:207C00005611A3B0DD0B4E154DF87E0F9F080305EF0335D794160331E5322ADE5C37A70A9F
:207C2000083DE92A1BDA6028AC1F591744F9D1A4450A9EB6D007571F4BFA7C07A70A080D04
:207C4000E90737DA9D080A3DE72A27DC6A3396030343DC2620E45E2AAA1761194901CBA821
:207C6000430DA7A8D713591744F88A030593231E4350E6100C02E2081803751044D6DD064B
:207C80000EF84639618826F8A7040500DC1567E51A0F13092B101FC908186F271E885D88C2
:207CA0002D009F080305EF0369E413150C022E1813CB091094265B9033F894080A05E30FC9
:207CC00072E913071F03130B612A050B8C290CA3CA181808C7B0E807E2111B889B200E0524
:207CE000DC074A4E0E025D3EF9F8E4AA0CFE7508D3E98A22122A2008A7089B200E05DC072C
:207D00004A4E0E025D3E79F8E4AA0CFE75080EE599201005DC074BD21E0F6C1E058C83030B
:207D20009CE42016870345D01FFA0A07A718080DE90743D21EFC9B100E05DC07A0B70EF3D8
:207D4000C31E05F4EC11410B7868A708085DE94CDF1E0C4C0C05106E434C83036AB805387F
:207D600005259B104A07E107F26899101055DC4CE61E4A5410FC03084313050305380525E7
:207D8000803C9B1A0805EF073C5A1907812000FDE48E10FC700880E596130313DC023E5A8B
:207DA000130986208CFDE28E12FC7008B3E513DF0E1094081601DE02DF2C0CF31E18691985
:207DC0003B881FD70918A1080305E307E62617F8181075132E8394260300E30F3E54110759
:207DE0006E20E71F3188DD1A3EB7E4743AA9DD1842A6DF032FB9DD0336B4E40A34ADF008D7
:207E000034B6EA082FAF77088DAF102AE21A20844EA70320DD0C4A540CFE75087DA80A328C
:207E200010083F0C0C8C770F21E9850A1826410403A605479B200A07E10759D23C041098E9
:207E4000054C9B180A0DE7077FC2610846F47E963707551F4BFA7C0716980A54125D434C9D
:207E60004A5D0C76107F851875641203853662633A108C3A676867088A506F6869082708A0
:207E80009210E85A62FF1B04DF46620D0C839B904A044807A708483A502A3F0F9B88520A1B
:207EA0004E0794085E2E45253E16F703EC6010CA4A4817F80A0664F877484508FE10F058F8
:207EC00009C858440623050C57027E6F466BE25A75FF0D10EA4B62FF13889B1052024307BD
:207EE000A704462D43383F0A9B1056044807A708513A502A3E08FEF8EC6F14D74557A603D1
:207F0000590277653E03FE00EC690ED75857983F640777674645E4626DFF0808F04764FA00
:207F200009969403510A4A09440CA708570A50073E88B9F8EC6F14D74557A603590277656D
:207F4000DD037E6F462FE25A75FF0D10EA4B62FF13889B1053024307A704472D43383F0AB4
:207F60009B1057044807A708523A502A3E08FEF8EC6F14D74557A603590277653E03FE00BA
:207F8000EC690ED75857983F6407776746090AA02E100551B613DF55620F0803E45369032F
:207FA0000F88A708080DE907C3CE4A078C1010123F279804070B3F2D4CA70A1A53AF0C121F
:207FC000982E0AB4128D434C4A5D0C76109F70075C0359A385174E130B10791A0B885213A2
:207FE000CA281290DD4C4900F38FD02205B2F0F844FDE495B7FDE4100C0244265FAC081A61
:2080000059AD07128C2E0CB4108D434C5659076905AD70022E0FE44D670019884427680906
:208020007EA8610C551F0F0872081984410B9D2E3A127A000C02E24C5500EA8FD2223A12E4
:208040007AA80CBAE8FC4202EE83AD2DAB4EDD47B6011309C81018004437EA080507462402
:2080600053B40E124CAD1A0E8729059A05F84A544A5F0A6E189F750F020857A88C0955205F
:208080000F08721818840EF3C51E82120E90B6FB440FD8270A0F4B4A07084917ED8FD02001
:2080A0003A108084078B0C15C70B899FE209080816980A54EA0A414CE40948594A179408B2
:2080C0001001DE02D6DCDD053E0F461499081605E10FE3D0DD183E0746130E083F09A1047F
:2080E0000500DC15D7C93E049B0A0805EF07D2D64BCA47F89B080A3DE72AD6CE242452C308
:20810000E53510034A130A0A08086117A831B03C6E08FA2A0A100E08FF347B04D5257297F5
:20812000070317100A0D0A2A8AFA08A0A10A0305E307DED622FA052A4C0505939426030055
:20814000E30F76B41CFA182A4411109A94180A05E30F7BB217FA1226410403A694030A0DED
:20816000E309360C6A0799201007DC0728D25E008D172E08A1040500DC151B07E4749B1AB1
:208180000835EF2A26DA642A94080A35E3323C0C5729B21440E3312650C3EC3F170A480B51
:2081A000160808105B1AA349AA3A7520FE4C03081004012F6E26D34779920E0A1508160B07
:2081C0000A54B259B7079B080A0DE707310CA1140530DC3821CD5E3F7E0908983618751010
:2081E0001BE2BE183E558C15104C055D7D049DDB88152303C5F00919A3F815172E1F12FE03
:2082000070070AB9CF0F1E18C8FA2014193285263A128B023E098D0736089E1112FE7007FC
:20822000FBB89B100E05DC0714089603043EDC257C52FEFC75071FBA4310814C054C7708E5
:208240001D017B07CCB57D0400DF94260300E30F0AD4E208CA0799201007DC0710D2E410CC
:20826000C20794181001DE020DE0DD03BE0F9B1A0805EF0718DAEA0AB7079B180A0DE707EA
:2082800015D2EA04B902852A0547770F436399181605E10F1CD4DD09BE07770F1BBFBE882A
:2082A0009B4C07477016E3F3770F10C17507B0C00A32122E054C770879009F180305E9037A
:2082C00013CDDD17B7029B100A07E107292C99101132DC2A0A885E3F420794081001DE0221
:2082E000163A94030B38E32C0C886A373C0FA10A0305E3071D349307E7089F5324F33715F9
:2083000094030A0DE3091B2C2A07C73F1E8AC807CE084510CEF87707D503DD03BE1605F5D9
:20832000A51F16067C07A708080DE909291CE4083E0F9F180305E90373ADDD1737029B20F3
:208340000A07E1071E16110FD01261209B180A0DE7075FB2EA05B9023F1D94130A0DE309F4
:2083600064B2F008BC0FA11A0305E30766BAA2077901A104064BDC5A4E554A547709E86EF1
:20838000182A7510D5ED700829DF9B100E05DC0746088A021F9677029B100A07E107480C33
:2083A00099101037DC2A400C5E3F82073F10A1040500DC1539078F0F268A7C07A708080D96
:2083C000E909390C5E079B100E05DC07420859F3A525BE637A1D4919F487160875101CE1CB
:2083E000BE785C568C15104C055D7D049EDA94160300E30F1C0E75083BFF0A32C4FC940825
:208400000A05E30F200C9707EF131B0394260300E30F66B49C078C0799101007DC071C0CA7
:208420009E0F82B79408114CDE475F684347770F91700A2A51884650124E70081FF8C5B059
:20844000EF56850D1248075870166DDA9B100A07E107260CE2B4921F3EA8066B9B100E553D
:20846000DC4C3F1807F7056B056A4C547709E4B9182CBC02A1080303E5071A14A207E21776
:208480004F0496030313DC0394C3E40ABC07A71A080DE9075FB0A00780099F080450EF48BC
:2084A0004765435A700358760C2CE22918FE751037E2DD7D0EFC7710E7E594081601DE02F1
:2084C0002B2ADDAA400F9B0A0805EF091814EAAE851B47A806739F080355EF482E17050A71
:2084E00005590E764A4E7507B5BB0A32C4FA3F139D080A0DE7078BBBF005B902941603017C
:20850000E50F321EE2AC4A0999101005DC05351C13040E10054C8304775594160301E50FCB
:208520001A0EE2AE982F4310116C94060C55E35498BB05FC18590769435A700381C10C2CFB
:20854000BCFAA70A080DE9072C1A15F80A18E84A4217070696030313DC0396C313FAC810D6
:20856000F028471F188894060C05E30F1E0C970774FB96030313DC0396C3E40DBC07A71AAD
:20858000080DE90771B02007E92FE08A94081601DE02111A94040C3DE32C92BB1F39C818D9
:2085A0009687B705C7183E5D900D054C18597203BAEC94040C0DE3092E1CF00A3C0F2D088D
:2085C000A8069D080A0DE7072A1CA7040530DC382B1820349B0A0835EF2C2E24242D940638
:2085E0000C55E354DAEB054C185945477015D7B60E323EFC99081607E10F371C0C050C1016
:20860000E90F790894181601DE020BF057F49D100A07E107E2ED506F6FF852869D080A0DC9
:20862000E707291C2A035892260694040C0DE3096CE9260999101035DC28331C133F0E10F2
:208640002F06A7040500DC152A18150F0A12E727488A99101005DC05321C1E0F619726F8B2
:20866000A7040500DC1567E51C0F53FE1712A70A086DE95DCFE94C4C4A657B07D0665626C9
:2086800096030313DC0332241E095B9739FA99101005DC0570E91A0F57FC2612A70405004E
:2086A000DC15CFE755052214484C565F750FC46643280C08461F9F080305EF032B17171599
:2086C00056932F009B0A0805EF096CF12007DD0638060A104A1794081601DE02292A1703B8
:2086E0005F9F2DFA99081607E10F74E91305E608360E9F080305EF032B1794160331E53228
:20870000301E1C37D8293C0FA1080303E50730242207C2776E0396030313DC033224E410D2
:208720003C07330AAD10A1080303E50731249F080335EF262D17173A94040C3DE32C2E1C49
:208740002A2F99101055DC4AD8EB0C54105D434C830327B5053837F69D100A07E1073D1EA0
:20876000110F1010E20577089B200E05DC071EDE59F394160301E50FD6ED506775FA5790E8
:20878000A1080303E50730242207569739F496030313DC0370F11A0999081637E132371C41
:2087A0000C350C10360E9F080305EF032C170C15030CEB2F3C8A99081607E10F361C170508
:2087C0005F972D009F080305EF0369E413154CF81B1A9B0A0865EF5FD4F3504C435B790706
:2087E000256E4E2A94081601DE02292A17035F9F2DFA99081607E10F74E9130555FC2D1A8E
:208800009F080305EF03D1E64C0B1B0E4C544A5F75071868483210083F159D080A0DE707AB
:20882000291C2A035892260694040C0DE3096CE92609E2103C06030648179B100E05DC0752
:208840003C18190256A526F49B100A07E1077AE9180FEA082F069B080A0DE707291CA704A7
:208860000530DC3829171E3FCC293C07A708080DE907291C1E07C9DF660794081601DE0214
:20888000292ADD1B3E0F270AAD08A708080DE9072A1C9B080A3DE72A2B1C2A2896030343ED
:2088A000DC2530241E2F99081655E154DCEB054C0C5D4A547B0773B9182639F594160300EF
:2088C000E30F311E11071610E70F7B0894180A05E30F16E257F8A7040500DC15CFE6526F95
:2088E00069FA5788A708080DE907291C1E075D9F31F894081601DE0267F713029B100A3701
:20890000E12A3D1C113F10102F069B080A0DE7072A1C1F03050BE23535839B100A07E107BB
:208920003C1C1C0F639726F89B080A0DE70767E926034EF7122094030A6DE35FD4EB564C53
:2089400048657D076C654A2A9B100E05DC073C18190256A526F39B100A07E1077AE9180F4F
:2089600059FC26129B080A0DE707CFEB5FF91D0D435A4358770F5A67482A1608441FA1086B
:208980000305E30730242207569739F496030313DC026EF11A09E208420608104C179408F6
:2089A0000A05E30F341C1707699328F394160300E30F6EEB1807F008340EA1080305E30745
:2089C00030249F080335EF262B171745C5223E0F9B0A0805EF072E2424F8DD2649F8610FB3
:2089E000C918375598090747056B7003A3E49B0A0805EF071814A1080335E32A3224222C4B
:208A0000DD80A7040530DC3811079E30410A7868A708085DE94C970E0C4C0C05106E434C90
:208A2000830307B20538B7F59B100A07E107220C99105035DC2AE6689B100E55DC4CAA0AD0
:208A4000DF7B435A05F70A10370C0808182ABC02A1080305E3071A14A207F906A704050095
:208A6000DC150F079E0F000299081605E10FA40E4B6780FA4663E88605FC8304FCDD942684
:208A80000300E30F66B49C078C0199101150DC4C6D6A4A547B07576B182696030313DC02E1
:208AA0009E165269C3F81517A3000F1762171B089B100E05DC07AA0A0E02AD2E21FC9B10F3
:208AC0000A07E107AA0E110FBC20E20732889B100E05DC075008DF0377153F1B9B100A07C9
:208AE000E107500C5C0FA1080305E3079E161E07DD084A0396030313DC0244149B0A08355A
:208B0000EF2A42146437C5277E079B100E05DC07500859F3DD8E42F3ED0F9B0A0855EF4CBC
:208B20009C16921C434C0C4C770FEE7E030833044F0694160300E30F331E11071610934F55
:208B400054FA94080A05E30F98BB0C07D60CC4C21D9694030A0DE30992BBF008BC0FEA868F
:208B600005FC77088DEA9F180305EF0361AD971579FC9B100B52E14C796A48547D07E36A99
:208B80000C2AC5204255850D184807587016CBD69B100A07E1073C1CE2104407200817092A
:208BA0009B100E05DC07260896030343DC2532241E2E43C82B5899101035DC2A301C1E3F39
:208BC00049C81868F8FA96030363DC47E6260C4E0A5D186E48547D072AB60C2ABE029F0800
:208BE0000305EF03110794164330E332E66A99081655E154EC1E3EC81F484A54104C030824
:208C0000430605030538B7F59B100A07E107260C9C0FEF17BC889B080A0DE7070F0CAA03DF
:208C2000E412B59694130A0DE30910E26A07C3000F1929179B080A0DE707DF1E19F4091CE4
:208C40006225A5839B100A07E1073C1C1C0F639926F89B080A0DE70767E92003DF042F14E3
:208C600094030A0DE3092E1C2A075B9F33FA94080A05E30F72E91307A1040530DC38DF19C0
:208C8000133FC812B4FAA708080DE909291C1E075D9F31F894081001DE0267F713029B100A
:208CA0000A37E12AF21E543D5B1904F9B6FB9B100E05DC073618190256A526F39B100A07CB
:208CC000E1077AE9180FA10A0335E32AE6261737BB10BCF896030313DC0230241E095B975F
:208CE00039F899101007DC076EE91A0F9F080335E926E1190C453D0C930F14139908160519
:208D0000E10F361E17075D972D009F080305E90369E4131594030A3DE32CE41E1F370C2946
:208D2000840994080A05E30F341C1707639328F394160300E30F6EEB18075FFC2B1AA10A28
:208D40000305E307E62657FD1712504845587015665E4A329B0A0805EF072E24240956978A
:208D60002DF89B100E05DC0774E515024C0A120D9B100A67E15DF21E4854505F7007566363
:208D80004A324A1794081001DE02292A17025D9F2DFA99081605E10F74EB1307E408360E85
:208DA0009F080305E9032B1794160330E332301E1C37D8273C0FA10A0305E30730242207DF
:208DC000C2B7000296030313DC0294C31309C81015C71190A10A0305E3071A14A207E20766
:208DE0003484DF81050A70034BE9E4620AFC830845E9A11A0305E30766BAA207E21722040B
:208E00009603045EDC476D724A4E7507AF690A32A10A0450E34C83724E4C7007A165072587
:208E200003162003DA11C5AAE956980D0A54125F700880DAC5204255850D124807587016CA
:208E400072D59B100A07E107A0BB110FD01256972DF89B100E05DC0774E515020C15110B6A
:208E600000079B0A0805EF0792C3EA0AB7079B080A0DE707410C4BC41AF3B71594030ADDE1
:208E8000E3D6180CA708080DE9092B1C1EFC9B100E05DC074E0899F894160300E30F94BD66
:208EA0001107D61099101007DC07480C9E00F0F83A08806496030363DC47E6260C4E0A5D22
:208EC000186E48547D09B3B40C2ABED29F080305E903110794164330E332E66A990816557C
:208EE000E154EC2094080A65E3654C0C975C50480747031630050A100C2CBCFAA718080D83
:208F0000E9090BE25E07C5000D172917A1040500DC15DF1913000E23671751089910100776
:208F2000DC0794BB130FCE10569733F496030313DC026EF11A0911072410E71F3A0A9408AA
:208F40000A05E30FE46BDD4A440396030313DC0232241EFE99081605E10FE66D0CFD0A1032
:208F60000C54105D700796B20725DDAF05F7771087E299181605E10F6CB4970780019B101B
:208F80000F50DC4C577645477015DD630C329B0A0805EF071814A409E21756889B100E05D8
:208FA000DC071C089902E22548839B100A07E107F21E110F1423E21747089B100E05DC0749
:208FC0009AB70E02C31E56922D009B0A0805EF076CF120090C071810E91F380894181001CC
:208FE000DE02496094030A3DE32CE41E1F37C018C40994180A35E3328C4294081001DE02A3
:20900000DF2C4BE27E3F9B1A0805EF07505AA10A0335E32AE62617373D11918431074E25A1
:2090200044F4800FE45C0AFC830967CF10083F19E6860C047B081DE0A7140500DC155FAE37
:20904000A00F800399081752E154736A434A79078170102A94081601DE02DF2C0C031029A4
:20906000C5FA0717B1FA071F6F1714069D080A0DE707DF1E1F03AD0B210F94040C0DE30954
:20908000E41E1F09B218EF072D869D080A0DE7073D0CF00479023F2E94040C0DE309420C79
:2090A0006A0999101005DC05E81E1A0FE8083707A7040500DC153D089D100A37E12A500E04
:2090C0005C3FD22777059D080A0DE7073D0C6A0340C318164213EE0F0A0A75088BDA9910FE
:2090E0001005DC05180C9B104E35DC2AF264960343607E0414504A4E0A4C160A351210083D
:209100000528C0FA9B100E05DC071E08C08302159E03530A7E0999081607E10F101C94064E
:209120000C35E332160CD72AAA33B902701667D49D100A07E107220E9C0FEF1715869D0896
:209140000A0DE7070B0CEA03990294260301E50F12E45CF8D1FA072F361862153C08E46819
:2091600010FC700899DB96030313DC0396C3E41EBC07A70A080DE907130AE6AE8C354908D2
:20918000046CA7040550DC5A8DB70E040C5F0A6E564E750F5EB40528C0FA9B200E05DC071E
:2091A00072AE9902790F94040D58E34E816A564E750FD66705280C084615E85A05FC830389
:2091C000EEF994160301E50F1A0E99081637E132381C172A9D080A5DE74CD96B18484547D9
:2091E00070156CB10E32BEFC99081607E10F200C9705EB171E109F180305EF0361AD9715C2
:2092000079FD9D100B52E14C7F7C48547D079B650E2AE47310FC70083FDB96030313DC03CB
:209220001C149E09E717A28A99201005DC0514E25E0FC9F802173C13C422859694040C0D40
:20924000E309DE6B1FFA0818EA4962151E08E4526D171F08F04764122916DD486B1F3A0A10
:20926000E24D75194210EA606215500846599F080305EF03DA66DD1637039D200A07E10763
:2092800082B4E21044073F5F9D080A0DE707D86BF004390294260301E50F76B4E2084A0988
:2092A000445CA1080303E507DF73E8093707A7140500DC156FAEE6103E094447A70A080D96
:2092C000E907D869E6083E0F9F180305EF0371ADDD17370348429B0A0805EF09DD73EA09AE
:2092E00037059D180A0DE7076FB2F00539023F3B94140C0DE30974B2F00A3C0F4C26941679
:209300000C05E30F7AB2DD084A0396030313DC03E273E4623C07A70A080DE9072B1A20FC69
:209320009B100E05DC07EC670EF8031E05480E657709A8B4182C441110083F139D180A0DA7
:20934000E7076FB2F004390294160301E50FE06DE2604A0999201005DC0514E25E0FC9F878
:2093600002173C134003F717421314909B0A0805EF09DD73EA083705790864F77B0821E4AF
:20938000D1E4A94F851B05480E65770AD1D7A70A080DE907130AE6120C047B08DAE0182641
:2093A000B9F594160301E50F1A0E9C07F5192D10A1180303E50766BAA207E2173404960309
:2093C0000313DC031C149E097CB7A70A080DE907E3996007909F860994081601DE02E3A918
:2093E0005703220F820C99081752E154628A434A7907B06E102A700809D87202A88994042E
:209400000A0DE309B89BF008BC0FA1080305E30790B3E808B7078304C888853A0547770F3F
:209420007CB899081605E10F240C7008FBEC0C3282FA94181601DE020DE0DD04BE0F9B1A10
:209440000805EF0720DAEA09B7079B180A0DE7070BD2F005B90294260300E30F10D4E2099B
:20946000CA0799201005DC0712E25E0FC9F802173C137BFA94260300E30F0CD4E209CA0720
:2094800099201005DC070ED2E411C20794181601DE021DE0DD04BE0F9B0A0805EF071A3439
:2094A000A1080335E32A1C342237C5274A03059394160300E30F0C1E7508C0EC0A3284FA98
:2094C000700814CA2710EC0B94181601DE0221E094130A3DE32C26D26A37CA2F8407C8077B
:2094E0004E09E412A93703F88A0396130313DC0278BA1E09E727C18899101005DC07161C97
:209500008F0F2A887707A7040500DC150F175E0F9B0A0805EF07102464F85508E411490076
:20952000A4088807268496030313DC02A0B35EFAAA1751E836104FF88D880A087710FE9B40
:20954000052AF516208394160300E30F221E8A2C184C750F4578052AC508CA0FA9076AFC09
:2095600061F646F3BE160307A5D0630E531767F8531F11F9770746239B100E05DC072E1884
:209580008727853B05470C6577095678182AC310D0079E0771FC55024FF8BE081608A0C36F
:2095A0005C1A4E125B00551909F98A0799101005DC071A1C77103AEC052A8AF64104941657
:2095C0000402130F3253975735F81E11EF17FC079B080B0F17072B51A55324F31917E21201
:2095E00040909B0A0907A708093F19371B51C5F81910A9F802173C1340030317A912930F8A
:20960000225399081605E10F281C570741177A0049F8020B3C1307F770161FDA9B100A07DF
:20962000E1071E1C99101035DC2A161C5E3F820794081601DE0299B994030A3DE32C9EABA1
:209640006A3743904E08A5177E079B200E05DC07906E9902E225E8830A10770AE9518308E3
:20966000C7E3A1180305E30730DA22076124160472035BFB94130A0DE3092ED2F0083C0F0B
:209680002D08D2089B180A0DE7072BD22A03E422699603037710CEFC99181605E10F38D2B7
:2096A000DD083E0777104A9B052AF5165B8394160300E30F78DD9C072C0743001F08811334
:2096C0009B080A0DE70773DBAA031B023E061203691F2C0A99081605E10F161C94080A35FA
:2096E000E332141C9737D823B90294160300E30F101E9CF8F0D0871F1D0894180A05E30F08
:2097000042520C07951CFBF8DD9505F77710B8DE0808521A99201005DC073E52130F8D20E7
:2097200079FDF08307F77016EED39B100A07E1071C1CE210C40794080A05E30F7EDBDD0887
:20974000CA0396030313DC0278E39B0A0835EF2A78E3A437B7070A0846739F180305EF03E9
:209760002CCD1715611E0A10770A76E2A718080DE9072AD2E4083E0F4A5B94181601DE0211
:209780002CE01702682B0A0A7508420B99201005DC0733D2E41042073F4BA7140500DC1505
:2097A0002DCD1E0FE92945889B071890A1080305E307A0B362F8A51751E4330382061183CE
:2097C0000A10770A2DEB183799101005DC071E0C5E00B017C2373B8496130313DC0234DA34
:2097E000E40A3C07A718080DE90977F29EFC0C547B081DE8A1040500DC151707771012ED48
:209800000A2A8AFA99101007DC07A0AB9B100E35DC2AA6A759323E964103AC1F7E097508EF
:209820006FC7E21A12FE700829EE9B200E05DC077EAE1902E2354D830A10770AF1EA1837B3
:2098400099101007DC070C1C5E00B017C2C74E8496030313DC022C245E0999081605E10FCD
:20986000A2AD57F869171F909F180305E903394D0C15552B000B9B1A0805EF0770CA24091F
:20988000F9FDE49A0C047B08F4DB1004410F94260300E30F3E54110768307E05EA9C05FC93
:2098A000770838E09F080305E90307177016B3E50C327EFC99081605E10F321E94080A35AB
:2098C000E332A0AB573784037203691A94130A0DE3098072AA07E71F6C8B030877082AA27B
:2098E000102AE21A660596130313DC0226BA9E09E717650999101007DC07281C9E0F90080B
:2099000062F823048713620672038C3069FA960898386700DE0A854869F8F510905862F8FE
:209920002B0522033717DD780C04770AA7DBA708080DE9091F1C8C0C0C547B0882DF122617
:20994000B9F594160300E30F261E9C07F5072290A10A0305E307EAA3620794181001DE02F5
:20996000376013021E0F000599081605E10FF09D570741177250104C700888D705033F34AA
:2099800094130A0DE3090ED2F008BC0FA11A0305E3070CDAE808B707A1040500DC15231764
:2099A0009B100A37E12A9EBB113FD012B7079B080A0DE7078BBBEA04B90294160300E30F31
:2099C0001E1E75083BEA0A3284FC94080A05E30F2C1C94081031DE25212A9732CC2FBE0952
:2099E0002508ED08751024EC05379B080A0DE707171C64F45703DD5282121F909B0A0805C3
:209A0000EF072624A10A0335E32A2824A237C527C40396030313DC021E24770A01E9182AC2
:209A20007C02100A2008BF089B100E05DC072C188717055A70030CE70C2CBCFAA708080DA5
:209A4000E909171C7708EEF1102A77FAA1040500DC151F179E0FE9092088A708080DE9090A
:209A6000E39B5E079B200E05DC07444E15021715F9FE9B100A07E107F69B5C0F47196B48D3
:209A80000C4C771001DA94081001DE02172A7003C9F10C2C7CFAA708080DE909211C9B08CD
:209AA0000A3DE72A211CA433C722B7153F747710B9EB0A37A708080DE909171C5EF8AC1F5C
:209AC000CD371888A1040500DC1521179B100A37E12A341C9C3FD229B7079B080A0DE7078C
:209AE000171C7D049AE4053877F50A10465B7508BFF30A32EA1505FC770832E5102A9418E9
:209B00001001DE0209E0DD04BE0F9B1A0805EF070ADAEA0BB7079B080A0DE7078BBBA104DB
:209B20000530DC382317133FCA12BC07A708080DE909171C770876F1102A77FAA10405008D
:209B4000DC1521179B100A37E12A341C9C3FD229B707462677106AE90537A1040500DC15E4
:209B600017175E00AC1943C8280887001E8A94080A05E30F2C1CDD08C40396130313DC02FC
:209B800026BAE40ABC0716084413100A3F099B180A0DE70776B22403E4122D960303770F11
:209BA00057B50A2AF52A2C90A11A0305E30782FAA2078E179006B00232168983E43349FA1D
:209BC0001F08983C0A547D09A1B2E4120C047B084EEC8303D1AB053894140C0DE3097BB277
:209BE000F00B3C0F922C054A790797BA7B082A9A8303F8D17016AB8779109C9A0A2AF51CEF
:209C00004990A1180303E50776BA2207E227508496130313DC038A4A5E0999181607E10FF3
:209C2000565297F657084B118908151C611456034E2554F48710220E531717FA771F238866
:209C4000851A0E4C770F05F894181601DE0237600C036A3800FFE2A618FE751017DA030681
:209C600048188C14104C7007FCF496130313DC03405A130966308CFFE2AE12FC70064CD676
:209C8000E4112B07260416941203031883B79D200A07E10722187C03A1180303E5071A1E0D
:209CA00093072F088A0396130313DC03201E9B1A08D5EFD61C1E64D7C5258007CF0F3A080D
:209CC00017074D1366F4E22515049D200A07E1072F18E2114407C805D04885100E0077074B
:129CE00091040743055A700433DB170A480A160A089087
:0E9CF400054A9D180A0DE7076FB24AF805935E
:0E9D040094140C0DE30975B2F00B3C0F10988F
:1E9D140019080A12E8D105FC8304ABD47E1605440E54770A0FD3230A4812100803866A
:209D34004A5F7B0712591826073285269E140C10480E8A5A182C445A7D07F9560E2A0C3224
:209D5400E8079E0725F42BF5DD949EF3130069FC0D08986C0A324C427005AA570C321037CA
:209D740079FB18F64136DD2105FC483A3E0277101E0AC36065FD9E6561FD0C0F4A0EBEA8A7
:209D9400C0FEA0B2AD1005038E20198A1808180E0A057D07AC560E2A0C3F84FB05FA521A41
:209DB4008707055A7003C4600C39C3F81519A3000F17410A8E7A0C324A11C520188CDF18A8
:209DD40082A5D9038E120C2C4409169A99101005DC05340C8F0FF2483A1786F44003F316C9
:209DF4002913C00F9B0A0805EF092E14A1080333E52A32141737C310A7140530DC386DAEE4
:209E14001530CA12CE17CA0999201005DC0576B29B100E35DC2A3E080E32C31EB7039D10BC
:209E34000A07E1073C0E110FD01072B525089B100E05DC073C080E02C31E94040C0DE30904
:209E5400300C1FFAC818361731ACE6480C047B0806D95209DF43050A700454DD9B0A08050C
:209E7400EF092E141907C30E7BC723109F080305EF032B070C15C30C9D100A07E1073E0E79
:209E94001100D01029153ABEE45110FC7008FAD44108DD5705F8791033D799081607E10F45
:209EB400360C0C05CC10799F290894081601DE02291A0C03CC189B0A0805EF09301419F84E
:209ED400C30E8EF9D0203417318EF04607F77016C6D44815E44C0AFC830A10DDA10803030C
:209EF400E50730141707C31085A3200394160301E50F300E1107D61299101005DC05340C23
:209F14001300CE1085F9DC142B1231ACDD480E04770AAAD8520FE25412FC7006F3D49B20DD
:209F34000E05DC0784AE1902E2352D850C10770983B1182CE7323489853A0E4C770FE7B0E1
:209F540094181601DE021DE0DD04C00FE46E0AFC830A88F2A10804059D080B3F17371B51E3
:209F7400D1F414039E060213321F450A8808BC19910F28513E8644490C547B0864DA514413
:209F94002443055A700472F29B0A0805EF09321495072787C0079B100E05DC0740080E0215
:209FB400C31E19A44510120A6717B6889910110794080B37133F2651BEF82504A0F30225C1
:209FD400291245108A0AAE179F0720594B48FD490C4C771043DA3E483544074770163DE59B
:209FF4009B100A07E107400C8D0F3489B7079B080A0DE7072D0C1F03C50B19B6E2127890A8
:20A014009B0A0907A708093F19371B51C5F81910A9F802173C1340038316A912930F225327
:20A0340043C8E44A0A547D080EDA45482950104C700826E696030313DC0234148F092C8900
:20A05400CA0799101005DC07340C130FCE1019A8F5134183941604029B100B3911372E5147
:20A07400C3001F089EF80917301F49088308BC138E021B5F3EC3A0530C4E7508F7D94350FA
:20A094002F48054C7708F0F19F080305EF032F0788152784BE0F9B0A0805EF07321419078A
:20A0B400C31020A8451010088110A7040500DC152F07E410BE09440FA708080DE9072F0C1F
:20A0D400E409BE0F0E083F0FA7040500DC152F07E411BE090808520F99101005DC07360C67
:20A0F400E411C2070308520B96030313DC023614E40BBC07A708080DE9072F0C1307CA18B2
:20A11400ED171888A7140500DC151DCDE411BE0999181605E10F44520C075A308005E8983C
:20A1340005FC8304E8CE03163F0F9B200A07E1074A52110F6030F9FDE4980C047B088FD7FB
:20A15400A704060294160432133F2253C3F82508A3000F17291745088A10B4178C072E4DE0
:1EA174008707055A700376E19B1A0805EF0722DAEA09B7078C2C0C547B07BEAF169400
:20A194007016BF900C32E91C1588A718080DE907375213075B3884FDDD9918F87203A9E1F6
:20A1B4007003BE9D0C2CE70A898C99201005DC077CB21E0FED273808982807477015556DCA
:20A1D4000C3F9B1A0805EF076C4A64F84E080B093C30B01705FC83038C630538DD67890237
:20A1F4004C0E8A3C184C750F4D7205379B180A0DE7076B426AF4500304173523AC1F0CFEEA
:20A21400750788680A32EA6C82FA370C9B100E05DC07EC670EF3031EDD5B69002E8E990859
:20A234001605E10F2E0C880726887E0F9F080305EF032307571594030A0DE3092A0C6AF892
:20A25400AA1FCBE8351389F816149F080305EF032307571594130A0DE3096EB26AF8AA1F4F
:20A274004BC8790889F807139F180305EF0369AD9706DD03691F290AE20975174F10EA0AD2
:20A2940062178C08E4136D173209F00864127317DD08691FF30BE20E75172C12EA0F621758
:20A2B400A70AE4186D17DB0AF00D641254192003E0139B1A0805EF076ABAEA08B7079B183F
:20A2D4000A0DE70763B2F004B90294160300E30F260EE208CA0799101005DC071E2CE41034
:20A2F400420794181601DE0261C0DD04BE0F9B1A0805EF076CBAA1180335E32A6EBAA237B2
:20A31400C527CA032203B01994130A0DE3096EB29B072490840794180A05E30F72B294185A
:20A334001631DE2567C09732CC2FBE0999081707991011370C372251C5001D089EF81513FF
:20A354002B123E164303B01F93092051A708080DE9071F0C9E074590A70A45174D137543B8
:20A37400055A700377E09B1A0805EF0734EAA1080335E32A2614A2373E88AF064712B71529
:20A39400200379138F09A489D1F8071F361994080A05E30F280C88F8A485C0F30235291357
:20A3B400AC00BEFA99081605E10F2A0E0C07CA10C5307B1282F8340496030313DC02261459
:20A3D4009B0A0835EF2A2414A439C507BE079B200E05DC0774AE96130343DC256EBA9E3906
:20A3F400CA07CA0799201007DC076AB29B200E35DC2A70AE9932C535B70246629B0A0805DE
:20A41400EF0722141909C310C5E8751A8D172708A1040500DC151F079B100A37E12A320C02
:20A434009C3FD229B7079B180A0DE70767B2A1140530DC3867AD9E3FCC09BC07A718080D48
:20A45400E90963B29B180A3DE72A63B2A433C722B7153F299B200A07E10778B29C0F12FA38
:20A4740094180A05E30F70B294181031DE2565C09732CC2FBE09E21255F81B10A11A03052A
:20A49400E3076EBA9F180335E92669AD9745C522BE0F9B1A0805EF076ABAEA0AB7079B18B1
:20A4B4000A0DE70763B2A4F4DFCB420617039B100A07E1072A2CE211440994180A05E30FE3
:20A4D40072B2DD0BC40396130313DC026CBAE40ABC07A718080DE90969B28F07269082076B
:20A4F4002008CF0696130313DC0270BA8F0924888A0799201007DC076EB29B200E35DC2AD8
:20A5140074AE9932C535B7029B200A07E10776B2E210C40994080B079B100F370C37284D95
:20A53400C0F312169EF3091F301943085608AE1F99091B519B080A0DE7071F0CA40340F3F9
:20A5540002174512411F7A4A0A4C830881DFA11A0305E30736EA9F080335E9262107974553
:20A574003EF309114C19BC073308831295099F89C5F8091F341794081001DE021D1A88F34F
:20A594009E91C5FA07273C18AA00C4FA94080A05E30F280C0C07D00C40330E1D42F3169096
:20A5B4009B0A0805EF0722141909C3104538FC168D172388A1140500DC1563AD9E0FC9792C
:20A5D4001508A708080DE909172C9B080A3DE72A172C24339B04371594130A0DE30968B20D
:20A5F400A718083DE92C63B29E37CC2FC2073F0FA1140500DC1563ADE410BE0999181605F0
:20A61400E10F72B497F8E4124900280894181001DE0267C094130A3DE32C6CB2AA37CA2F59
:20A63400C40994180A05E30F70B2DD08C40396130313DC026ABAE40ABC0752149920100716
:20A65400DC076CB29B200E35DC2A72AE9932C535B7029B200A07E1077CB28D0F2C8A770791
:20A67400270809119F180305E9036BAD88151F837E0F9B1A0805EF076CBAA11A0335E32A10
:20A694006EBAA237C527C4039603041594030B3F13392051D1F81710ABFA02173017451058
:20A6B4004E08A91799031D4C94160300E30F260E9C0751686E1152193A177A480C547B085C
:20A6D400C2D6A1140500DC152FDD9B100A37E12A320C9C3F4B6A69094C17BE0F2B08C409B0
:20A6F4009503A184BE060212301F9B0A0805EF07221495FA9789C5F8092F3418A5F8C4F43F
:20A7140096030313DC0224141309C81051D858154FFA0F889B080A0DE7071D0C1903C50B39
:20A734003EE63A08891F2A8A99181605E10F70B49707C97717109F080305E90319279416D9
:20A754000330E3321E2E1C37AC093C0FA11A0305E3076ABA9F180335E92665AD9745C5225A
:20A77400BE0F461199181605E10F70B4DD08BE079B200E05DC0778AE99F3DD2042F426104B
:20A794009B1A0805EF096CBAA1180333E52A6EBAA237C527CA0396130313DC036EBAE40A59
:20A7B400BC07A71A080DE90763B0E608BE0F4A1494181601DE0265C094140C3DE32C6AB2EC
:20A7D400AA39CA2FC40794160C05E30F74B2880732847902201648059D200A07E1077CB4C2
:20A7F4008D0F2C8877059D180A0DE70767B2A7140530DC3867AEA03FCC29BC07A70A090F2D
:20A81400A108043515372259C9F81208B1F4041229253E044C10B01991072E539910100559
:20A83400DC05280C9E0F49F8020858133C127356054879100FD899181607E10F3CE2940642
:20A854000C35E3322A0C973751F404034525B7032910110B8D07B28BC3000F1729159D0828
:20A874000A0DE7071D0C9BF49984BE0602233220ACFABCF8A70A080DE9071D0A1507CA187A
:20A894004938960C55F4118394160301E50F240E1107D61243408A0C82152C889B200E059E
:20A8B400DC0776AE9902C28510049D100A07E1072A2E99101035DC28202C1E3FA409370703
:20A8D400A7140500DC1563AE9D200A37E12A76B49C3FD227B705480F9B200E05DC0776AEB3
:20A8F400DF03B71594140C0DE3096AB2AAFAE21A4FF81D069D180A0DE70767B2A714053000
:20A91400DC3867AEA03FCC29BC07A71A080DE90765B0E608BE0F9F180305EF0365ADDD1617
:20A93400B703481C9B1A0805EF096ABAA1180333E52A6CBAA237C527CA0396130313DC03B3
:20A9540072BA8F0924888A0925109B0894060C05E30F222C1707F5233E8303167004DA9926
:20A974000C2CE71A258A99201005DC054052130F7620F9FDF06C07F7701671CF0C10461C4E
:20A9940099181607E10F44520C055D30000B9F180305EF036DBD1715F9F9E6A10CFE75089F
:20A9B40071D599101005DC05E26B13000E10DD6075F40F039416044CE5546E4C484C83095B
:20A9D400BD63122A0306483A9B100E05DC07B0A796030343DC2628149E39BC07A71A080DF7
:20A9F400E90737501507722884FDDD7018F8720380DD94140C0DE3093C521F09593886FDEF
:20AA1400DD970EFC771080CF94081601DE02D9790CF40C18E46267F8200A99101150DC4AC6
:20AA3400774A4A547B07855B182696130313DC0370BA9B1A0835EF2C6CBAA437C525C0077C
:20AA54009B200E05DC0774AEDF03B71594140C0DE3097AB2F00A3C0F4C0B030648090A1078
:20AA74004A1C94081601DE02251A880328907E0999181607E10F74B2DD06C0079B200E0564
:20AA9400DC0774AEDF03B7150304482F9B0A0805EF092A1495071F8680079B200E05DC0710
:20AAB4007AAEDF03B71594140C0DE30966B2F00ABC0FA1180303E5073E5A17076B208CF9B1
:0AAAD400DF6B050A70041ED70A9A12
:20AAE000366299101005DC0594BB130FCE106120A7040500DC15930AE6B43E09440FA70A2C
:20AB0000080DE907930CE6AE3E0F9F180305EF0373AD1715E2532D929B1A0805EF0976CAC5
:20AB200019F8C30EE652691F6C09DD5375137704DD656213F111E45B6717F80BE2626F1788
:20AB40003106E65B691F5008DD5C75135B03DD6B62137610E4606717940AE26A6F1795066E
:20AB6000E663691FB408DD647513BF03DD736213D810E46967170508E2716F171309E46AF5
:20AB8000691F6D09DD6C75137E04DD7C62129611E4716717B5092510EB0994080A05E30F99
:20ABA000A20E0C07221D79B29416044BE354E20C484C8307CD62122A94180A05E30F7EC2D4
:20ABC000DD08CA032203C91794030A0DE3099C0E1F070C2984B794080B50E354F20A434C2B
:20ABE0008303B355053894130A0DE30978C2F008BC0F2D08B2099B080A0DE707970E1F0384
:20AC0000151C77C594030B58E34EF70A564C750FA75A052A9B180A0DE70773C2F004B902A9
:20AC200020169B049B100A07E107AA0E110F182177B79B080B58E74CFE0A5648720283681E
:20AC400005259B200A07E10786C2E210C40720088B099B100E05DC07AA0A0E021F2F77B279
:20AC60009B100B52E14CDD1A48547D076C5A0C2A9B200E05DC0786BEDF03B7152003741141
:20AC80009B0A0805EF079C161907AB207EB79B100F50DC4CE9164547701555550C329B1A5B
:20ACA0000805EF0778CAEA08B70727085D119F080305EF0399090C15A71B7EBF9B0A0950A1
:20ACC000EF4CE422504C7007455A0C329F180305EF0375BDDD16B7022710460B9908160570
:20ACE000E10FA40E0C07B0207EBF9F080450EF48EA15435A70022E620C2C99181605E10FCE
:20AD000080C2DD08BE072710330994081601DE02933C57027EBF9B0A0805EF0798366407FB
:20AD200094080A05E30FA20E4C07360E950257157B049B100B52E14C041A48547D07035ADD
:20AD40000C2A9B200E05DC0786BEDF03B71520030B119B0A0805EF079836640777B79B0829
:20AD60000A0DE707932E6A0396030313DC029E1653093412A6075C0F880994080B50E354E6
:20AD8000091A434C8303E154053894130A0DE30978C2F008BC0F2D08E0089B080A0DE7079D
:20ADA000932E6A0379B294160300E30F9A305C07A708080DE907970E5307421A9E0757075C
:20ADC0008E059603045EDC47D2324A4E7507CE590A32A1180305E3077ACAE808B707330473
:20ADE000BE0394160300E30F9E101107C0207CBFA1080450E34CDF324E4C7007B75507258C
:20AE000094260300E30F7AC4E208CA072510B20894080A05E30FA20E0C07C21C79B2941688
:20AE2000044BE354E82C484C83079261122A94180A05E30F7EC2DD08CA0322038E1694032C
:20AE40000A0DE3099C0E1F07282984B794080A05E30FA20E0C07881C7D049416044BE354DE
:20AE6000F12C484C83077461122A94180A05E30F7EC2DD08CA03417094160300E30F9E10E9
:20AE800051072E12FCBFA1080450E34CFF324E4C70076C55072594260300E30F7AC4E2082D
:20AEA000CA074467A1080305E3079E1617071B218AB39603045EDC4708324A4E7507565915
:20AEC0000A32A1180305E3077ACAE808B707524596030313DC029E1613091C218AB799107E
:20AEE0001150DC4CD43A4A547B072D59182696130313DC027ACAE40ABC0752337510964560
:20AF0000052AE44B69021E8894081601DE02F469F7B29B100B52E14CEC3A48547D07135942
:20AF20000C2A461E9F080305EF039909F7C594030B58E34EDE3A564C750F1259052A9B18C2
:20AF40000A0DE70773C2F004B9023F19030346110A0A25080E0999201007DC0778B21E0FF1
:20AF6000ED27F489A1140500DC1571BD1300CA12E25075172D10EA5362174508E45A6D17B8
:20AF80005408EA4F64126716DD4F691F910BE2557517A111EA586217B509E45F6D17C0095B
:20AFA000EA556412BD17DD8B691F720AE2917517C810EA94621722092710D10994181001D5
:20AFC000DE0267505702551F0BFB3A378AB799101152DC4CE93A4A547B07B55812269613F0
:20AFE0000313DC027ACAE40ABC073308B411A11A0305E307724A62074E1711F5373277C586
:20B0000094030B58E34EF03A564C750FA95A052A9B180A0DE70773C2EA04B902201696041D
:20B020009B200A07E1076E429C0F84B994080B50E354E32A434C7D038853053894130A0DA4
:20B04000E30978C2F008BC0F2D0A80099B180A0DE7075D42A40379B29416044BE354E82CDA
:20B06000484C83077560122C94180A05E30F7EC2DD08C40322036A17DD807EBF9B0A0950C8
:20B08000EF4CF942504E700765580C3290103F45100441047015139E0C32E41447FA128767
:20B0A00099101007DC074CEB0B080FFE97F89B0485F5CD2689F37EB09B0A0950EF4C0442D2
:20B0C000504E700747580C32A8203EA8100452C3E53510034A130A0A08086117A830B049B0
:20B0E0006E08EA2A0A100E08FF047F850903101603060C4F000399081750E154D24C434C0C
:20B1000077072860102AC520EA8144FBC61594030B58E34ECA4A564C750F225A052A9B18C2
:20B120000A0DE70773C2EA04B90220160F04E48D7EB999081750E154D54C434C77070A6066
:20B14000102A85104C4105033F177002BFAA0C2CE21255FA048FA10A0305E307C0630F007D
:20B1600004FEA4F490038308CD1390007EAA99081750E1540C3C434C7707EC5F102A9D20AB
:20B180004BA4050350D6E52217104A0D08081608531FB02AA3477508EA320E0803080C00E3
:20B1A0007484071610030A130C49FE01A7080958E94EC54A4A4C770FD157052AD21CDF80E0
:20B1C000420EC6029B100B52E14CD84A48547D09BA570C2A9B200E05DC0780BEDF03B715FA
:20B1E0002003BB10E4877CB7A7080958E94ED34A4A4C770FB357052A920C414003163F048F
:20B20000770F64A40A2AF01247020C8994080A05E30FCA1B040011FA99F38E1683F5D4205F
:20B2200090FA7CA8A7080958E94EFF3A4A4C770F9557052AAA1C40A3031650C3EC2F170A98
:20B24000480B160808105B19A328AA477510EE2A0308100401FF7297070317100A0D0A47D7
:20B260000C0199101152DC4CCC4A4A547B076B571226C71BDD9342FBCD0F9B0A0950EF4CB9
:20B28000CA52504E700766570C329F180305E90375BDDD16B70246669B1A0805EF075A4AF1
:20B2A000A40977B79B080B58E74CDE4A504872024A6505259B200A07E10786C2E210C409B2
:20B2C0003F499B180A0DE7075742A40379B29416044BE354EE4C484C83073A5F122C9418B8
:20B2E0000A05E30F7EC2DD08C403412F94260300E30F60449C078AB799101152DC4CF74A45
:20B300004A547B072057122696130313DC027ACAE40ABC07521F99101007DC07FB5BFEBFA5
:20B320009F080450E948DB35435A7002135F0C2C99181605E10F80C4DD08BE0746130E08FF
:20B340003F09A7140500DC1571BE1500CA12E20A75192A10EA0C62154408E4166D177D0864
:20B36000F00B64129416DD0D6B1FB20AE2127519DE10EA1C62156308E4256D174208F01B48
:20B3800064120116DD1E6B1F1A0BE22375192A112D0839078E2C0C547B07716918263C053E
:20B3A0007306050380BF9B0A0950EF4EFE52504C7005D2560C329F180305EF0375BDDD16F5
:20B3C000B7032910290B8A3C184E750F65690528430A7A00100777B7A704064BDC5AC35644
:20B3E0004C547709B556182C99201005DC057CC2E410C20720081C05720223B505260E3234
:20B400007EAC99081752E154DA5A434A7907A25E102A94181601DE0273D0DD04C00F270A81
:20B42000F908A70A080DE907D96915070A1882B79408174CDE47D5684348790F8B580A2A11
:20B44000A71A080DE90773C0E608BE0F2B08DD08A7140500DC153BCE150FCA1243884E0B42
:20B460004A1F84B794060D50E354E85A434C83036C51053894140C0DE30978C2F00ABC0FFD
:20B480002D08C3069D180A0DE7073DD21F03C50B3E963B054E1F7EB999081752E154F55AAD
:20B4A000434A7907575E102A94181601DE0273D0DD04C00F270AAE08A71A080DE9070F142A
:20B4C00060077EBF9F080450EF48F555435A7003435E0C2C99181607E10F2016570580B7DC
:20B4E0009B100F50DC4CDA66454770152C520E329B1A0805EF091C1E640777B59D080B5878
:20B50000E74CE06A564872021E6405269D200A07E10786C4E210C4073F7A55AC241A57AD36
:20B520002112564845587015546815BF2413531777FB8370310C4E155DF87EBF9F08045055
:20B54000EF48F465435A7003075D0C2C11B73413531F71F97E662D0C551F5FF877B7A70403
:20B56000064BDC5AD7764C547709F255182C99201005DC057CC2E410C2073F4BA704050068
:20B58000DC150708E00FFEB999081752E154037A434A7907DF5D102A94181601DE0273D0E0
:20B5A000DD04C00F463899081607E10FE56B170580B79B100F50DC4C117645477015C3512E
:20B5C0000E329B1A0805EF0978CAEA08B70548219B100E05DC0708371902051577B39D102C
:20B5E0000B52E14CDA8C48547D07AD530E2A9B200E05DC0786BEDF03B7153F070C10460BAD
:20B6000099181607E10F7EC20CF6CC10E42E6D172B08F0276412BA16DD286B1F160BE22D69
:20B6200075195A10EA2F62152209E43A6D176609F02F64127C17DD306B1FC00BE236751916
:20B640002C11EA3762154409E4426D178909F03764129C17DD386B1FC70B2508E60B991004
:20B660001005DC058F4E1E0F82B79408174CDE47D0984348790F6E570A2AF00A4428A108EA
:20B680000303E5078D5622F89228370447F37E16031E4E206A191CF88AAA99101150DC4A6E
:20B6A000DF8A4A547B074F551826C7223E160B044B1FF10999181607E10F80C2DD06C007C5
:20B6C0002710AD09850C1848720385E90526E64C57CAEA17230A48131008030657FAAA3056
:20B6E000AE476EF8F62605030316FF007B900E0A1508160D0A321230851A0E4C771076DB01
:20B70000052AF04052C3E52510044C130A0A080861FCA830B0476EF6EC2A0A100E08FF043B
:20B7200085840903101603070C320C3999081605E10F98BB0CF8CA10E920238877B0A704DE
:20B74000064BDC5ADB854A5477090254182A7CBFA1080450E34CEA924E4C700707500725D5
:20B760003F1F94030B58E34EED8A564C750FF854052A9B180A0DE70773C2F004B902201656
:20B7800043049B200A07E10784B21C0F920862F81C088C206DF82408982464F318168533FF
:20B7A00069002E0A8A4875F83210925862F83A0846479F080450EF480485435A7002CA5C64
:20B7C0000C2C4438A7080958E94CCF9A4A4C770FC554052A522B9603045EDC47E4A24A4EEA
:20B7E0007507C4540A324C2694080B50E354F59A434C8303AA4F05383F189B100B52E14C73
:20B800000A9A48547D079F540C2A461C9F080450EF48F995435A70029D5C0C2C440B16086C
:20B820004411A1180305E3077ACAE808B7073304ED039416044BE354CBAC484C8307885C46
:20B84000122A94180A05E30F7EC2DD08CA032203DB1688023E20200999081605E10F232CEB
:20B8600017F87EA882119F080450EF48D0A5435A7002705C0C2C99181605E10F80C2DD0863
:20B88000BE072710CC0894181601DE0205F00C02CA187EB999081750E154F2AA434C770733
:20B8A000595C102A94181601DE0273D0DD03BE0F270AAF08F00891BF2A11852C0C4C770F0C
:20B8C0007B6605377418DF048CC51D0C13BF24137CB7A7080958E94CEDAA4A4C770F3E549C
:20B8E000052AA7140500DC1573BDE410BE0925089E0899201005DC0746D2130FCE103E881B
:20B900004E05471277C594030B58E34EFAAA564C750F2654052A9B180A0DE70773C2F004C0
:20B92000B9023F8494130A0DE30946D21F07C8184B883B094C177EBF9F080450EF4802A531
:20B94000435A7002075B0C2C99181605E10F80C2DD08BE0746659F180305EF0305DD0C1537
:20B96000C30B7EBF9B0A0950EF4CD0C2504C7007F1530C329F180305EF0375BDDD16B702CD
:20B98000464FE40B7CB7A7080958E94CD3BA4A4C770FE453052AA7140500DC1573BDE410C7
:20B9A000BE094436A718080DE90707E21307CA1882B79408174CDE47DBC84347770FCA556E
:20B9C0000A2AA718080DE90773C2E408BE0F4A2094181601DE020BF057027EBF9B0A0950E5
:20B9E000EF4CE8C2504C7007B5530C329F180305EF0375BDDD16B70246130A0A4409A71801
:20BA0000080DE90771C213F8CA18E8426217EF04DF3E62253204E44C6919D50AF045671F45
:20BA20004A08DD4669173B13E87362171A0ADF7162254109E4816919800EF07C671FC20E73
:20BA4000DD7F6917F616E8826217780BDF806225260AE49069199F0FF089671FEE0BDD8A7F
:20BA600069170713E88B62173208DF876225B606E4956919400CF08E671FBE0FDD8F691759
:20BA8000A017E89362179D08DF8F62259D072710C21199081750E154FCBA434C77075A5BFE
:20BAA000102A94081601DE02490C70036F7B0C2CBCFAA708080DE9074BFEE408BE0F4A74A5
:20BAC00094081601DE027BFC94030A3DE32C50FEAA2C0A547D0847734A2AFE029F0803058B
:20BAE000EF037DE9D71503035E040C4E750707A74832502C434C7707BCB14E2A432A0AA611
:20BB000096030313DC0282F6DE091107DA108011A10A0305E30782F6E2070C07D60C7D0531
:20BB20009416044BE354FDBC484C8307115B122C94080A05E30F86EED7071903CD0B77C535
:20BB400094030A0DE30980EEEA07110FDA127B099B080A0DE7077BEEE4030E02CF1E7B05E7
:20BB60009B100A07E1078EEEDC0F1909D110820B9B100F50DC4CDBC645477015E44D0C32D7
:20BB80009B0A0805EF075006A10A0335E32A5206A237C527C40396030313DC0252069E0947
:20BBA00099081605E10F560097F84917958F9F180305E90375BDDD16B70227102E119918C0
:20BBC0001605E10F80C4DD08BE079B100E05DC0774EA96030343DC259A365E393F17664822
:20BBE0000A547D0A6A724A2AFE029F080305E90369E9D715A305873F440A99081605E10FCF
:20BC000074F0D7070A085E0F10F894081001DE0267FC94030A3DE32C6CEEEA2AB85204FC06
:20BC200094080A05E30F72EED70710045902051594030A0DE3096CEEA708083DE92C67EE4E
:20BC4000DE2ABA5202FA77A8880596030313DC026EF6DE0908086A078012A10A0450E34C0F
:20BC600000D24E4C70077C4E072503162003D5169B1A0805EF0778CAEA0AB7079B080B5812
:20BC8000E74CD8DA504872025E6005259B100A07E1079EBB110FD012E22794899B100E05E8
:20BCA000DC0756FADF13B71594030A0DE309982E6AF8E20A4F19B2889B080A0DE70743FE5A
:20BCC00019F4C50BDD1062F333909B0A0805EF074C06A10A0335E32A4C061737C310A10480
:20BCE0000530DC3893295E304C199AF8F00255D0F22910084A0B0A100E084EF8B024A535F7
:20BD00006E06E3250A100A0A043485890C101D0A030B0C3BBE034A1494081001DE02470C9C
:20BD200094030A3DE32C982E6A37CA0FC40994080A05E30F9E0E17FCA1040500DC1549F9D0
:20BD40009E059B0A0805EF074E06A40994080A05E30F52FE0CF8D00C4003742806121401BE
:20BD600041197868A708085DE94E6BEE0C4C0C65106E434C7D035D98053894030A0DE309C3
:20BD800070EE6AFC0A547D09A7A64A2A4A344E4C700775A445254338F7A59B100A07E1076D
:20BDA0007EEE110FD4127B099B080A0DE7076BEE1903CB0B7B1894030B58E34EFBBA564C85
:20BDC000750FCE53052A9B080A0DE7076BEE1903CD0B77C594030A0DE30970EE1F07D21856
:20BDE000880B94080A05E30F76EE0C07DC0C7D0594160300E30F72F01107E4108013A10AE7
:20BE00000450E34CE6E24E4C7007AA4D07252016D2039B100A07E1075EFEE211C4092008B0
:20BE2000C4089B100E05DC0750FA0EF3C31EDDFD6900358A99081605E10F540094080A358C
:20BE4000E33250FE0C37D00C96030343DC2552069E2A4A17A8F8E20A5DCAE52717084A13C4
:20BE60000E0803085BF4A524A3486EF3FA320A0A080812347300E02C72890E0817100E0BD7
:20BE8000053BC4F7410F94160300E30F4E0099081635E13258009737CC07BE0F9F080305F6
:20BEA000E9039509170A94030A0DE3094EFEAAFD99101007DC0750FE9E0F9F080305E90311
:20BEC00049F90C06C30B45107B1C0B1720F93F1F806A94080A55E35476EE054C125907690F
:20BEE000435A7002ABA40C2C99081605E10F78F057FC0C4C770FFBA5432A562845477015CB
:20BF0000B1A34C324A2CFCAAA70A080DE9076BEC1507CE18860994081601DE026BFC0C038C
:20BF2000D218820C99081752E15403BA434A79071159102A94081601DE026BFC0C03D418E7
:20BF40007EB999081607E10F78EE0C05D61082119F080305EF036DE90C15CF0C84129B0ADE
:20BF60000805EF0970F61907D10E840B9B100F50DC4CF2D645477015E64C0E329B0A080599
:20BF8000EF095006A1080333E52A5206A237C527CA0396030313DC0354069E09990816072E
:20BFA000E10F50FE0CF6CC1089004B87030833042F0894260301E50F7AC4E208CA0999103B
:20BFC0001005DC0552FEE420C20794081601DE02931C17F88E359B0A0805EF094E06A4F8A0
:20BFE000DD0047087B2211F80D69A7040550DC5A43FA0E540C5F0A6E564E750F259C05282B
:20C000009D080A0DE707930E2AF8872894160301E50F50009CF8F0044330811A06F616F971
:20C02000411F7E6894081651DE47450C05480E650C70484C830900A3122A94060C05E30F69
:20C040004EFE0CF8D60CDFFD822511849D100A07E1075600E210C40794060C05E30F50FEF2
:20C06000DD08CA0396030313DC034C061309C8108AB999101150DC4AD9EA4A547B07635031
:20C0800018262203C31A94140C0DE30978C2F00ABC0FA108044EE54CE3F24E4C7007664CF0
:20C0A0000725852A0548791079720A2A182C7CB2A108044EE54CE9F24E4C7007574C072557
:20C0C000853A054879106A720A2A182C7CB2A108044EE54CE9F24E4C7007484C0725854AA2
:20C0E000054879105B720A2A182C7CB2A108044EE54CE9F24E4C7007394C0725855A054802
:20C1000079104C720A2A182C7CB2A108044EE54CE9F24E4C70072A4C0725DD1E05F87910F7
:20C120003D720A2A182C7CB2A108044EE54CEA924E4C70071B4C0725DD2005F879102E723B
:20C140000A2A182C7CB2A108044EE54CE9F24E4C70070C4B0725DD2105F879101F720A2A55
:20C16000182C7CB2A108044EE54CE9F24E4C7007FD4B0725DD2205F8791010720A2A182C42
:20C180007CB2A108044EE54CE9F24E4C7007EE4B0725DD2305F8791001710A2A182C7CB256
:20C1A000A108044EE54CE9F24E4C7007DF4B0725DD2405F87910F2710A2A182C7CB2A108D8
:20C1C000044EE54CEA924E4C7007D04B072520161D089D200A07E10712079C0F84B794164E
:20C1E0000C05E30F0C0597078E0596130313DC030C1E9E09800AA70A0958E94CE7E84C4C53
:20C20000770FAC4F052AA7140500DC1573BEE610BE0925080E0D99201005DC050E169E0F07
:20C2200082B794181601DE020724970384119B1A0805EF090E1EA4077B089D080B58E74C79
:20C2400000EA564872027F5D05269D200A07E10786C4E210C4072006E20B9B200E05DC075A
:20C260000C01990277C594140C0DE3090005AA098011A1180303E507040DA2077B0AA7044F
:20C28000064BDC5AD9F64C547709624F182C99201005DC057CC2E410C2072008CA079613E7
:20C2A0000313DC03FC0D9E097CB7A71A080DE907F503A00782119F180305EF03F900971558
:20C2C0007B069D100B52E14C05FC48547D073B4D0E2A9B200E05DC0786BEDF03B7152004FE
:20C2E0009C139B1A0805EF07864A6407850855170B007D272A88A7140500DC15494D9E0F4E
:20C300007EB999181605E10F8E42570755170B0140377B09A7140500DC154B4D5E0F850A44
:20C320001A0C611749005B1704F93C3782129F080450EF481706435A70020C570C2C442A39
:20C34000A718080DE90749529E077EBF9F180305EF03813D97157B049B200A07E1075E529E
:20C360005C0F8B08150C55174B00591704F948337D059416044BE354430D484C8307E856A1
:20C38000122A94180A05E30F7EC2DD08CA0322033D1994130A0DE3094E81AA077CBFA10839
:20C3A0000450E34C2A234E4C7007E04A072594260300E30F7AC4E208CA072510340B94088E
:20C3C0000A05E30F9E2E57F8F03644128B9694130A0DE3094E81AAF8E2428FF811089B0822
:20C3E0000A0DE7074DFEA7040530DC3893295E3FCC09BC07523099101005DC0754FE9B20D8
:20C400000E35DC2A5A7D993294160330E3329A305C2858179A00EA3A50C8EC2717104E0B19
:20C420000308160450F3A337A3357500FA2C08081608043C7BF8D32A79890E101B08030B18
:20C440001837B9F694160300E30F560099081635E1325AFE97379B180A3DE72A0F91E6260D
:20C460005932771594030A0DE30954FE6AFC0A547D0732A34A2A4A344E4C700706A0452589
:20C48000433894030A0DE309982E6A077CBF99AA87119B080A0DE7074DFEAA0396130313DB
:20C4A000DC021699DA091107DA108012A1080305E3075406A20794181601DE020F9FD302B4
:20C4C000130FD012800BA7080958E94C2C1B4A4C770F444E052A3304AB0394160300E30FE0
:20C4E0005200E209CA072510A20894180A05E30F548197F8F03684F3111694030A0DE309E0
:20C5000052FEA708083DE92A4BFE9E37CC0FC2073F30A7040500DC154DF99B200A37E12AA5
:20C520005A819C3FA1080335E32A5206A2284517A8F4DF3550D6E52217104A0D0808160850
:20C540005300B029A33A75F8FA320E080308123070F3D33872840E10170A080B183BBC030E
:20C56000A1080305E30756069F080335EF264FF9974594130A3DE32C1491E62A5C3F8407D4
:20C5800094080A05E30F5AFE57FC18487202A4B043254A344A4E750778A44832502A940885
:20C5A0000A05E30F58FE9707D82379B28CB8870C9B100A07E10760FE9C0FA1180305E30731
:20C5C0001699DE070C07DA0C7D0594160300E30F54009C07A718080DE9070F91DA07130F4F
:20C5E000D4107B0BA704064BDC5A10264A547709AF4D182A99101005DC0752FE9B100E352E
:20C60000DC2A5EFA9932C535B7029B100A07E1075EFE9C0FA1180305E3075089A2F882F8FB
:20C620007C8396130313DC027ACAE40ABC073308F211A1080305E3079A366207C2273E84AC
:20C6400096030313DC029A365EFAE24C55172890A1080305E3079A36620777B7A704050021
:20C66000DC1593295E0F1039CAD7A708080DE907FB6E1A07130F3E217B09A704064BDC5A41
:20C6800030264A547709644D182A4419A1080450E34C45334E4C7007694907259426030086
:20C6A000E30F7AC4E208CA072510BD0994080A05E30F9E2E5707D5232D8394160300E30F86
:20C6C0009A305CF8F02C471F308A94080A05E30F9E2E570784B396030313DC029A365E093E
:20C6E0000E37D8D799101007DC07026E1A0F17070F5188059603045EDC470F434A4E75077B
:20C70000354D0A324C1394080B50E354213B434C7D031B48053894130A0DE30978C2F008E7
:20C72000BC0F2D0A73099B080A0DE707932E6403C4222B9694030A0DE309982E6AF8E2342C
:20C740004F1923889B080A0DE707932E640379B294160300E30F9A305C071C37CADFA10A58
:20C760000305E30702761E070C07383D7D049416044BE354273D484C8307EA54122C3F11A3
:20C780009B080B58E74C2E3B50487202DC5A05259B200A07E10786C2E210C40920083D0962
:20C7A0009B100E05DC07A02A5902C2352B839B100A07E107A62E5C00EA2242172A889B1078
:20C7C0000E05DC07A02A590277C594030A0DE309982E6A070E3FD2D994080A05E30F066E28
:20C7E00013071903354C7B1794030B58E34E3D3B564C750FB54E052A46119B100F50DC4C6C
:20C800001347454770159F470C329B1A0805EF0778CAEA0AB707270800109F080305E90303
:20C8200095295715C22232909B0A0805EF07983664FADD3449172A909F080305E9039529D0
:20C84000571577B29B100A07E107A62E5C0F1639C5D79B080A0DE707FB6E20030E02072FFB
:20C860007B049B100B52E14C234B48547D096B4C0C2A46199F080450E9482046435A700287
:20C8800069540C2C99181605E10F80C4DD08BE072710C70894081001DE02933C5702C92F46
:20C8A000328A99081605E10FA03057F8E43C491F2E8894081001DE02933C57027EBF9B0A1C
:20C8C0000805EF07983664090937CCD79B100E05DC07086A15020C15372C82119B0A0950F8
:20C8E000EF4C2D53504E7007354C0C324A119408114CDE4736594347770F2C4E0A2AA71824
:20C90000080DE90973C2E408BE0F4A8494081001DE02933C5702C92F318A99081605E10F40
:20C92000A03057F8E424491F2D8894081001DE02933C57027EBF9B0A0805EF0798366409DE
:20C940000937CCD79B100E05DC07086A15024BC57B049B100B52E14C534B48547D09F34B08
:20C960000C2A46199F080450E9481056435A7002F1530C2C99181605E10F80C4DD08BE075B
:20C9800046519F080305E903FD69F7C594030B58E34E1D5B564C750FE34D052A9B180A0D51
:20C9A000E70773C2EA04B9023F4394030A0DE3099CBBAA077CBFA10A0450E34C29634E4CF8
:20C9C0007007CE47072594260300E30F7AC4E208CA074428A11A0305E3077ADAA20777B7B3
:20C9E000A104064BDC5A2D564A547709B14B182A99201007DC077AC2E410C2073F0B100422
:20CA0000410494260300E30F78C411F8D610E29D6F192808E49D691F6008DD9E6F133A0315
:20CA2000DDAD62126D10E4A26717AD08E2A96F19D408E4A2691F5409DDA36F130C04DDB5C4
:20CA40006212CA11E4AA6717EA09E2B16F19EB09E4AA691F120A2008CB0696130313DC02B1
:20CA600022BA5E097CB7A7080958E94E385B4A4C770F744B052AA1140500DC1573BDE4108D
:20CA8000BE092508BD0A99101007DC0790AB9E0F84FBDD394C06DF3377C594030B58E34EF0
:20CAA000465B564C750F5C4D052A9B180A0DE70773C2F004B902201690069D100A07E107C9
:20CAC0009AAD110FD01077B59D080B58E74C0A6B56487202385905269D200A07E10786C465
:20CAE000E210C4072006820A9B100E05DC079EA799028E2583064700491A332726FA977FD0
:20CB00004FF877B59D080B58E74C156B564872021A5905269D200A07E10788C49C0F9208F0
:20CB200062F612088C306DF80C0852119603130EDC030C104A094415A72A1808E9078B24FA
:20CB40004C0746179F081300EF03050343153F050C10270AF908A70A080DE9078BA9A007F6
:20CB6000951F8E0A3EF855143022130692734B007EB999081752E1542E6B434A7907EA52B7
:20CB8000102A94181601DE0275D097038E1069FA0E08982A67001B083F179D081A08E7076B
:20CBA00003085603B53243153F159D301A02E1079E28480FC037430548119B101E00DC074C
:20CBC00016044502B345430348110A0A2508CA0A99101005DC0594AB9E0F9917830A51F43B
:20CBE00044132E3513F49B7F49FA7CB7A70A0958E94C2D694C4C770FB14A052AA7140500FF
:20CC0000DC1575BEA00F8C0A67F81C0A8A306FF80E0648199B101E00DC0716044502B3854B
:20CC2000430348219B2A1800EF09902E5007B3754C0746199F081300EF0305034315B3734F
:20CC40004C0F460B0808528199101005DC0594AB9E0F9917830A51F444132E3513F49B7F5D
:20CC600049FA7CB7A70A0958E94C39694C4C770F754A052AA7140500DC1575BEA00F8C0A20
:20CC800067F81C0A8A306FF80E0648199B101E00DC0716044502B365430348219B2A1800C8
:20CCA000EF09902E5007B3554C0746199F081300EF0305034315B3534C0F460B0808524548
:20CCC00099101005DC0594AB9E0F9917830A51F444132E3513F49B7F49FA7CB7A70A0958E4
:20CCE000E94C05794C4C770F394A052AA7140500DC1575BEA00F8C0A67F81C0A8A306FF8E2
:20CD00000E0648199B101E00DC0716044E020B20430348219B2A1800EF09902E59070B10A0
:20CD20004C0746199F081300EF0305034C150B0E4C0F460B99181637E13228D2DD06C03782
:20CD4000C5C02354850D184807587016ECB68E1846277507C7960A32122ADD6A8B371E10C3
:20CD6000A2F88988A5F414F4050A7003ED9B0C2C9C072C090A047D07DE910E2A530F181288
:20CD800043075207C7FB059EC51C9D100A37E12A9EAD9C3F4F00E2059D180A0DE7071BD2AE
:20CDA000F005B90294260301E50F7CC4E208CA0999201005DC057CC2E410C207200820051D
:20CDC00096030313DC0324149E091E078AB999101150DC4A1A7B4A547B07B54918269613B4
:20CDE0000313DC037CCAE40ABC07330AFB10A1180303E507365A1707C3108AB39603045E9B
:20CE0000DC4825834A4E7507B14B0A32A1180303E5077ACAE808B7073304E1037016FBCBF6
:20CE20000E320C2E0A4C83095CA6502A432A4C4C770F23A0432A5626F9A59416044CE55412
:20CE40002E7D484C83098451122A94160C05E30F7EC2DD08CA032203C01694140C0DE309AF
:20CE600034521F09C8184BC815068B1714909F080305EF0395295715C5030E0846309918E0
:20CE80001607E10F3A520C05CC109B100E05DC07A62A59F34525C50345D01C0A55C8F827A6
:20CEA0001510500B03080A08551FAE29A3478104F52503160303060C750AD82A85890C1025
:20CEC0001D08030B0C3B0C489F180305EF034DFC040E06F9522F0C0399181605E10F5801D4
:20CEE00004000DFE9E007DF80B08A70406FBDC1530764A0F461099081700E10F447B43075A
:20CF000053AC2C1A4E4C43FD83038B3D433894130A0DE309500117000B06A4F83EF8091813
:20CF20003020E8A742F824044EA7252094030B68E35F437B564C48657D0741524A2A462923
:20CF400057AC2512A7140500DC154BFC0B080D009CF851F8070036F894080B00E30F168836
:20CF600004F819FACD18435A4358770F2F54482A189C750FBE9D432A4A2C4A547B07729F63
:20CF80005626452594160300E30F9A305C078AB799201005DC0752010B0811FE97074D137A
:20CFA00075F37B178CA5921953B92A120E0B99101150DC4C497B4A547B07C5481826961330
:20CFC0000313DC027ACAE40ABC07520B08104C0994180A05E30F7CC20CF8D60CDFA96225BE
:20CFE0001C03E4B769193608F0B0671F5308DDB369176110E8B462178104DFB06225820380
:20D00000E4C169199A08F0BA671FB7082008C7089B200E05DC078EEE99023A2573F37EBF97
:20D020009B0A0950EF4C1E93504C700793480C329F180305EF0375BDDD16B7022710B10A59
:20D0400099181605E10F82F2970741177A0082B79408174CDE4723994347770F7B4A0A2A0E
:20D06000A718080DE90773C2E408BE0F2B089208A7140500DC1579ED9E0F411978F88AB762
:20D0800099101150DC4C348B4A547B075C48182696130313DC027ACAE40ABC07527F992081
:20D0A0001005DC0722B25E0F451773F88AB39603045EDC473E934A4E750758480A32A1189B
:20D0C0000305E3077ACAE808B707526496130313DC027EFA9E093F1786F87CBFA1080450EE
:20D0E000E34C48934E4C70074144072594260300E30F7AC4E208CA0744597D0822C20C2A80
:20D1000041127EF805078AB39603045EDC4712A34A4E75072B480A32A1180305E3077ACA78
:20D12000E808B70752378717055A7003FFC90C2C3F0A86F80A0F84B794080B50E354209B44
:20D14000434C83030242053894130A0DE30978C2F008BC0F4C23850C0C4C7710EBC1052AD8
:20D160004D0675F3051577B29B100B52E14C339B48547D07E8470C2A9B200E05DC0786BE34
:20D18000DF03B7153F060A10460B99181605E10F7EC20CF8CA10E4B46D171F08F0A9641205
:20D1A0007116DDB6691FDE0EE2BF7517B413EAC06217CC0BE4C96D17B108F0BE64124B1981
:20D1C000DDBE691FD30BE2C4751705132D08D70C9B180A0DE70771B22A03E4222796852775
:20D1E0009B100A07E10794EE1105D010054C0C5D770F285A052A918439F74E0854F38510AB
:20D20000420E531757F8531F31F935470C077EBF9F080450EF482D96435A70029B4F0C2C77
:20D220004411A7080958E94C359B4A4C770F9647052AA7140500DC1573BDE410BE0999081F
:20D240001605E10F8EEE94080A35E3328CEE0C37D60CC722B71594030A0DE30986EE1FF8DE
:20D26000C818EA8542F812889B100E05DC0794EADF03B715030327108B0E99181605E10F2C
:20D280007EB41707E9272690902C94081001DE027FFC0CF8CA180C4E0A5D8307B961122C2B
:20D2A0004E0A2BF93C4F100777B7A104064BDC5A3F964A5477094C47182A4419A10A0450D2
:20D2C000E34C10B34E4C70074B43072594160300E30F86F099081635E1328CF00C37CA10E4
:20D2E000CC2FC20794081001DE027FFC0CF3CA18E48747F81E8899101007DC0786EEE41026
:20D30000C20794181001DE0273D0DD03BE0F270A3D0CA708085DE94E53FE9B080B68E75D47
:20D3200013AB5048455870157A3B4A32770A7633182AE2536FFC36888C10463C619026F84D
:20D34000A1040500DC1567E41A0F13091610F5272990A10A0355E34C5A069F080460E959C8
:20D360001AA6435A4358770F3152482AA708085DE94E53FE5D902D009F080305E90369E49C
:20D3800013154CF8191A4A4E485D83071D58502CC520C9B0DF0F2B08C508920C412F569EE8
:20D3A00026F39B100A07E1077AE9180F19091110E9272B909F080355E94855F99416045B91
:20D3C000E3651FAD484C565D750F0651432A9B080A5DE74C53FE638C28F394160300E30F73
:20D3E0006EEB18075FFD171A504E435D7707EE574E2AC520CF6CDA02857E3F2F5D982DFA26
:20D4000099081605E10F74EB130713071818ED272488A1040550DC5A53F99B100B62E15D0B
:20D420002BAB4854505F7007D14F4A329F080355E94855F9569E26F39B100A07E1077AE926
:20D44000180F59FF12124A4C4A657B07B84F5026C71BC2DED802C5900B8A443469902B0003
:20D46000A10A0305E3076EF11E070C071E0CE422249694030A5DE34E58FEA7080968E95FA1
:20D4800018AB4A4C4A657B079A4F502696030363DC475A065D922BF8A708080DE90967E909
:20D4A0001A0753051D12434C50597202885D4325CC28E4284700EA07C3F0118A3F345D90E5
:20D4C0002D009F080305E90369E413150C021818E9292988A708085DE94E53FE9B080B685C
:20D4E000E75D18AB504845587015694A4A329B0A0855EF4C5806639226F89B080A0DE707E6
:20D5000067E920034EF8122043474A6577095C4F562ACA28EA2E4200DE079B100E55DC4CD5
:20D5200060FA9603046EDC58CC524A4E485D83074B57502C94080A55E3545EFE434C7D03B2
:20D540000440053894130A0DE30978C2F008BC0F2D0A170B9B080A5DE74C53FEA104065BB6
:20D56000DC6B1AA64A544A5F75076C3F48327D0A50320C2AE4536DFA3888920C4131569E1B
:20D5800026F39B100A07E1077AE9180F19091110E9272D909F080355E94855F99416045BAD
:20D5A000E3651FAD484C565D750F1651432A9B080A5DE74C53FE638C28F394160300E30F81
:20D5C0006EEB18075FFD2B1A922E434C4A5D0C547B07034F5026C71BC2BED6022710250BF1
:20D5E0008A1052475B9833FA94080A05E30F72E913071903130BE23537839B100A57E14C82
:20D6000066FE99101162DC5D1FAB4A544E5D7007E34A452594160350E3545A00990817608A
:20D62000E1652CAD434C4A5D770FD44E432AAA1C79B24CBA130D9B100B62E15D34AB485498
:20D64000505F70079B450C329F080355E94855F94CBB130D4A544A5F7507C44E4832D2229E
:20D66000C270CC07E4164A4C5697390496030313DC0370F10BFA08FE1FFA1618EF183B86E2
:20D680009D080A5DE74C53FEA704065BDC6B18A74C544A5F7507A6504832A1080353E54C83
:20D6A0005A069F080460EF5926A6435A4359790F8D50482AD1BA071FABF802154EF87EB0FC
:20D6C00057AC1312A704065BDC6B21A74C544A5F750760470A32A1080353E54C5A0657ADCB
:20D6E00013125648455870156A4A4C32CC29C7D7D309C39011883F495F902D009F08030565
:20D70000EF0369E413150C031A18E9294088A70A085DE94C53FC9D080B68E75D18AB564830
:20D72000455870154C4A4C329B0A0855EF4E5806A108045EE55D2DB34E4C435D830341499F
:20D740004338BE940A0FA509070758997CBF59AC13109D080B68E75D21AB564845587015EB
:20D7600006410E329B0A0855EF4E580659AD13104C4C4A657B07234E5626C71BDD3442FC75
:20D78000C90FC5EA0988524D5B9833F894060C05E30F72E913071F03130BE2353B849D10DF
:20D7A0000A57E14C660099101160DC5B21AB4A544E5D7007174A452594160351E5545A003C
:20D7C00099081762E16535AB434A4C5D770F024D432AD13403029E1502034E9F7EB951ACAE
:20D7E000261499101160DC5B2AAB4A544E5D7007D140072594160351E5545A0051AD261403
:20D800004854505D7005E44D4A32D020DD2C55FCC20294160351E5545A0099081762E1659E
:20D82000D24A434A4C5D770FD54D432AA7040550DC5A53FA4C5477098B44182C99201005FD
:20D84000DC057CC2E410C2072008AE0596030363DC485C069B0A0960EF5F2FB3504C435B14
:20D860007907E4454E2A85105232588B260694040C0DE3096CE92609110F1E10E2252F8832
:20D880009B100E55DC4C66FA9603046EDC5921B34A4E485D83099855502A94060C55E3547C
:20D8A0005EFE569039F496030313DC0370F11A0951FD3E148A54504C435B0E4C770F984D6A
:20D8C000432AD81CC4ABD61594040C5DE34E58FEA70A0968E95DC5484C4C4A657B076F4D0B
:20D8E000562696030363DC485C064A4E75073E460A32A1180303E5077ACAE808B70733047F
:20D9000042044CBA250E4C54770A22D3182C11BFB21077B59D080B58E74C2FAB5648720249
:20D92000125205269D200A07E10786C4E210C407200630099B100E55DC4C66FA9603046E9B
:20D94000DC5942B34A4E485D83096E45502A94060C05E30F98BB0C07D60C58922606940414
:20D960000C0DE3096CE92609110F1E1079049D080A5DE74C53FEA7040560DC6BC4674C54A1
:20D980004A5F75072F4F4832A1080353E54C5A069F080460EF59C745435A4359790F164F55
:20D9A000482AA70A085DE94C53FC4C4C770FD643052AA7140500DC1573BEE610BE09250829
:20D9C000F30A99101055DC4A5CFE9B100F60DC5D51A74547436B70032B454A2C8A10330A07
:20D9E000A110639026F69D080A0DE70767E926030E02111EE22399909B0A0855EF4E58063A
:20DA0000A108045EE55D1FB34E4C435D8303D9474338568C2F009B0A0805EF096CF120074D
:20DA20008B4580B753B41E129408175CDE5803C943484C657709A043182C99101055DC4A80
:20DA40005CFE53B51E12434C56597202B85A43269B100A57E14C66FE99101160DC5D0FBB4D
:20DA60004A544E5D7007BE484525569E26F39B100A07E1077AE9180F985777B753AC1A1AEB
:20DA80009F080460EF590CB6435A4358770F76450A2AA708085DE94C53FE53AD1A1A4E4C5C
:20DAA000435D83038E47433894030A5DE34E58FEA7080968E95D08BB4A4C4A657B077F4CB0
:20DAC0005626588B260694030A0DE3096CE92607110F1A117EA8510C551F4FF84E1717F5A5
:20DAE00079B24CBA130D9B100B62E15D22BB4854505D700743430C329F080355EF4855F99A
:20DB00004CBB130D4A544A5F75076C4C4832D220C2B073079B100E55DC4C66FA9603046E6A
:20DB2000DC58CC524A4E485D83074E54502A94080A55E3545EFE434C8303073E05389413E4
:20DB40000A0DE30978C2F008BC0F4C1F94080B00E30F26BBF7B7A704064BDC5A14B64A5498
:1EDB60007709F642182A99201005DC077AC2E410C2073F0B16044104701645570AA08E
:20DB80002818A708080DE9078BBB1307CA186C2094081601DE02ACBCDDA73E0F46119908FF
:20DBA0001605E10FB9AEDDAE3E079B200E05DC0784AE1902E265E0969B200A07E10784C26E
:20DBC000110FD0103EA81D0869002E083EB8290464F373163EE31D1069FABB0851F81B10B0
:20DBE0006FF8060945181E106DF849095164190362068C0445801E0A67F8DE094390240872
:20DC000062F8100A2710540A94081601DE02AF6C0C0216298C0A531717F8362CA1080305DE
:20DC2000E307BAA69F080335EF26B5999745C522BE0F9B0A0805EF0788B604B794080A552C
:20DC4000E354924E9408175CDE5877A843474A657709AE42182A99101005DC07B65E9B10FE
:20DC60000E35DC2A96AA59328C150F1C9B100A07E107C25E99101035DC2A8AAE5E3F5917C7
:20DC800004F99F03B31B94160300E30F8E50FCB7A7080958E94C7B9A4A4C770F5F42052AA1
:20DCA000A7140500DC1573BDE410BE0925080A0999101005DC07B65E130F1221850861137D
:20DCC00006F3313294030A0DE309B89EA708083DE92AB39E9E37CC2FC20794081601DE0274
:20DCE00083BCF7B29B100A57E14C9A4E99101160DC5D7E9A4A544E5D7007683E0725941674
:20DD00000300E30FB66099081635E13290AE573793070E299F080305EF038949F7C5940396
:20DD20000B58E34E48AA564C750F1A42052A9B180A0DE70773C2F004B9022016B0049B107B
:20DD40000A07E107C25E110F2021850855170B003C2494081601DE02B3AC94030A3DE32C06
:20DD6000B89EAA37CA2FC40794080A05E30F8EAEF7B7A7040550DC5A87499B100B62E15DC5
:20DD80008A9A4854505D700715420C329F080305EF03B15994160330E3328AB05C379F07FA
:20DDA0001829A1080305E307B6669F080335EF2685A957454E120B019309B820A708080D09
:20DDC000E907874EFEB79B100F50DC4C5DA645477015B93C0C329B1A0805EF0778CAEA0864
:20DDE000B707270863119F080305EF03B1590C150B1C8C10551909F8442499101005DC07BB
:20DE0000BA9E9B100E35DC2AC69A9932C535B7029B100A07E10796AEFCBFA1080355E34C05
:20DE20008E569F080460EF597995435A4358770FC1430A2AA708080DE909AF5E9B080A3DFA
:20DE4000E72A83AE64338E020B2F94030A0DE3098C4E0AB799101152DC4C59AA4A547B0793
:20DE60007241122696130313DC027ACAE40ABC0733081A11A10A0305E307B66617071F21A8
:20DE8000920450120406311F9B100A07E107C69E99101037DC2ABA9E9E3FD027B707A104A3
:20DEA0000500DC1583A9FEBF9B0A0855EF4C8C56A10A0460E35D7EA24E4C435D7D03753C8A
:20DEC000053894030A0DE309B45EA708083DE92C83AE5E37930F2A2194081001DE02875C2D
:20DEE000F7B29B100B52E14C6DAA48547D092B410C2A9B200E05DC0780BEDF03B7152003A9
:20DF0000D5109B0A0805EF07B4661909AB2000049B100E05DC07C09A96030343DC25BAA62E
:20DF20009E39CA27CA0799101007DC079A2EFEBF9F080355E94889499416045BE36569ACB8
:20DF4000484C565D750F3C43052A9B080A0DE707932E64033C12530605029B100A07E10726
:20DF6000C25E910FB82277B79B080B58E74C65AA50487202E84E05259B200A07E10786C229
:20DF8000E210C409200892089B100E05DC07BC5A0E02A72EF9FF9B100A07E107C69E9910BB
:20DFA0001037DC2ABA9E9E3FD027B707A1040500DC159329FEBF9B0A0855EF4C8C56A10A4C
:20DFC0000460E35D69B24E4C435D7D03EE3B053894030A0DE309982E6A073F1F60FA0507CD
:20DFE0009B080A0DE707AF5E9903A91B77C594030B58E34E72AA564C750FB242052A9B188D
:20E000000A0DE70773C2EA04B9023F5B94030A0DE309B45E1F07AE28060694080A05E30F32
:20E02000BE9E94081031DE25B3AC9732CC2FBE0999081605E10FA030F7B79B080A5DE74C53
:20E04000874EA104065BDC6B62A54A544A5F7507BD400A32A10A0305E3079A3662073A1774
:20E0600060F4070294160300E30FB6609107BC207CBFA10A0450E34C7CB24E4C7007703CC6
:20E08000072594260300E30F7AC4E208CA074413100A3F099B180A0DE70771C21903C50B1C
:20E0A0003E1618036900561343282B0867001C0A3E881F086900FD0A3EB8250464F31A17F0
:20E0C0002003CD1B9B0A0805EF071B342409C237F6889B100E05DC07E6670EF3031EDD5B52
:20E0E00069000F8A080883074F5EA10A0355E34CB5B69F080365E9598949435A4358770F59
:20E10000953B482AA708080DE909874E9B080A3DE72A874E19330B0B19F52FF99B100A070E
:20E12000E1079A4E99101037DC2A8E4E133F151019E73CFB96030313DC028E569B0A08353C
:20E14000EF2A8C5619390B1020E736089F080305E903ADA994160330E3328E5011371C10DD
:20E160003C0FA10A0305E3078E5617070710120396030313DC028E568C0A3048A708080D46
:20E18000E909A5AEFEB79B100E55DC4C944A9603046EDC5869B24A4E485D83070948122CC1
:20E1A00094080A05E30F924E2FFCA1040500DC15A5A95E0F9B1A0805EF0710EA64FABEF89B
:20E1C000092730206D176588A1040500DC15ADA99B100A37E12A9A4E113F171237079B0824
:20E1E0000A0DE707ABAE19F4050BDD5962F349909B0A0805EF07B8A6EA0AB7079B080A0DCE
:20E20000E707AD9EEA04B9023F2E94030A0DE309B29EAA0799101007DC07026E1A0FE808E8
:20E220003707A7040500DC15AD9A9D100A37E12AC0A09C3FD227B7059D080A0DE707AD9EDA
:20E24000AA03408317164213EE0F9B0A0855EF4E0076A1080303E5078E564E07B35756489E
:20E2600045F87015DC344C32461899081657E154BBAE94060D60E36588AA434C5659720211
:20E28000CE4643260C10461899081657E154BBAE94060D60E3658BAA434C56597202BF46A0
:20E2A00043260C10461899081657E154BBAE94060D60E3654EBA434C56597202B046432667
:20E2C0009D100A07E107C1B0FCBFA108044EE54C4DC24E4C70074A3B072594260301E50FBD
:20E2E0007AC4E208CA092510C21294060C05E30FE46B0CF8160CDF5B62061D049D100A0787
:20E30000E107EC6DE268440794060C05E30FB7AE17FCA7040500DC15D96715050A120A4CA5
:20E32000185F750FB78C05287907305D9F080305EF03894994160331E5328E5011371612AF
:20E340001EEF440794060C05E30F924E94081631DE25875C0C330E1820E934FAA70A080DBD
:20E36000E907874C9D080A3DE72A874E1F33080B19F52FF79D100A07E1079A5099101035F1
:20E38000DC28904E133F121019E742F896030313DC03B6A6E40ABC07523899101005DC0529
:20E3A000B69E9E0F619726F8A7040500DC1567E51C0F13091610F5291C90A1080303E50787
:20E3C000B4A6A207569739F496030313DC0370F11A0911F83C12E2536FF80686481C9B1080
:20E3E0000E05DC07C09A96030343DC26B6A69E39CA27CA0999101005DC05B69E9E00E8126A
:20E4000042F8E38396030313DC03B6B613FA0810F04B6700230894060C05E30FB8AE0CF869
:20E42000160CDF4562060D049D100A07E107C0A09C00EA1262F619899B100E05DC07C0AA7A
:20E4400096030343DC26905613390B104A0999101005DC05904E13001010DD4B75F41903DE
:20E4600094160301E50F8E5011F81812E2566FF80E069D080A0DE707874E1FF4070BDD684D
:20E4800062F4E4909B0A0805EF09BAA6A1080333E52A8E5617370410A10321F3B715940458
:20E4A0000C0DE3098C4E1FFA0818EA5362F620089B100E05DC079A4A0EF3031EDD466B0052
:20E4C000150A99081607E10F944E0CF60C10E4636DF8A488A7040500DC15B59AA00FC91916
:20E4E000A208A70A080DE907B59CA007097FA10894081601DE02875C0CF40C18E45567F861
:20E50000238A99101005DC05BE9E9B100E35DC2AC89A9932C585B7039D100A07E1079A509E
:20E5200011001010DD596BF818909F080305EF03B79994160331E532BCA09C37A199090011
:20E54000C40794060C05E30F924E0CF8180CDF55620611849D100A07E107C8A0991010351E
:20E56000DC28BE9E9E3F99D703F8CA0396030313DC03BCA6E40BBC07A70A080DE907AD9C85
:20E58000E608BE0F4A2094081601DE02ADAC97039D100A07E107C260180FEA0837059D080E
:20E5A0000A0DE707AD9EA7040530DC38AD9AA03FCC29BC07A70A080DE907AD9CA0F8E48836
:20E5C0004DF8E607A7040500DC15AF5A5504221499081667E165944E434A4C5D770F2A376D
:20E5E000432AA7040550DC5AAEAA9D100A67E15D9A504854505D70051B374A329F0803059F
:20E60000EF03B15994260331E33212E45C3782FD441EA1080355E34CB5B69F080460EF59A3
:20E6200050B5435A4358770F0138482A1608441EA1080355E34CB5B69F080460EF5953B5F6
:20E64000435A4358770FF238482A1608441EA1080355E34CB5B69F080460EF5945B5435A5B
:20E660004358770FE338482AA708080DE907AEAEFEB79B100F50DC4C67B64547701563382C
:20E680000C329B1A0805EF0778CAEA08B7072708E8189F080355EF48894994160300E30FBC
:20E6A000B66051FD2E124854505D7007BF364A329F080305EF03B99994260330E33212E49A
:20E6C0005C374D175800CBF802173017BE0F9F080305EF03AFA90C06030BE45169FA13082F
:20E6E000A708080DE907ADAE13F80A18E84A62F8F98696030313DC02B4B613FA0810F0497E
:20E7000067001A8894080A05E30FBE9E97F8F01B64F3161694030A0DE309B2AE1FF80818A9
:20E72000EA4A62F8C38A9B100E05DC07C69A99F3DD2E62F3BB929B0A0805EF07B466589713
:20E74000850855170B007D276D89A7040500DC15AF5952CF8C0A531717F8772F7089940807
:20E760000A05E30FBA5E0C07221D87034E2504F3792F5F8B99081605E10FBC5E0C071A2194
:20E780008C10591704F885234F8494160300E30FB66011FC26210A547D0773470C2A5512B4
:20E7A0000FF90507A7040500DC15AB799B100A37E12AC25E11341C21054C7707694F102A26
:20E7C0004E0A17050702E5253A12CB2F0CFA91F8561199101035DC2A8AAE9B100E05DC07A9
:20E7E000C25A4D927EB64A07551F4BFA7C37A708080DE90783AE5E078C10591704F8853323
:20E80000180394160300E30FC2A099081635E13290AE572C0C4C770F3F47052A610606F428
:20E8200077153F149B100A07E107CE9E99101035DC2A8AAE5E34104C70072E4307254E1855
:20E8400004F47E0F9B0A0805EF07B086A1080335E32AB286172C4311A7040530DC38BB9950
:20E860005E3F4119C98718FE0A54125D056E0C7F770F1A49052A18378EF5431F94030A3D46
:20E88000E32C88AEA708080DE907AF5E52C785B0550C4E1757F4793294160300E30F8AB08F
:20E8A0005C079808531F11F872371D089B100E05DC07CE9A96030343DC258AB65E2E0A4C01
:20E8C0008307E44E122A4E0A0BF97E0F4A1994081601DE02BBAC94030A3DE32C88AE6A2C41
:20E8E0000A547D07C6460C2A55120FF97707A7040500DC15AB799B100A37E12ABE7E1134CA
:20E90000501194080A35E332C69E57374D13C682050C05470C650C700A7F8307BF50122C62
:20E92000053DC5087B72900F054C18590769058D700237500C2C0A3B9FFA4819A108030557
:20E94000E307B2869F080335EF26AD790C36430C9B100A37E12ACA9E9C3F4717C4470CFA41
:20E9600015304E080E3966148EF3431F94030A0DE309C09EA708083DE92AAB7E13284A1992
:20E9800082F894081601DE0287BC94030A3DE32CB45E1F3728295B1704F97E079B100E05CF
:20E9A000DC079AAA96030343DC25C2A65E3999081635E13294AE5728AC170C047B07A14457
:20E9C000182679F594160300E30F8EB05C07D5471210A1080305E307B666E8088C07481C6F
:20E9E000410B94160300E30FB660E2099F073A28A11A0305E30712EA6207BEF80F132B12FC
:20EA00003E16F704491F138A99081605E10FBC60DD0893073C280E083F10A1040500DC15F7
:20EA2000AF59E41093093A20A708080DE909AB9EE480BE0F9F080305E903B159DD168C028E
:20EA4000C0289B0A0805EF07B0A61909C310CCF70C049F080305E903BB9994164330E332E7
:20EA6000E66A99081655E154BC60434C0C4C0A103B0A03081226B9F594160300E30FB660FD
:20EA800099081635E132C6A097379307C0289F080305E903AD990C15C30B0C0F9B0A080524
:20EAA000EF07B4A6A10A0335E32AB3B6222C3A17605496030343DC25BCA69E398E874D17C8
:20EAC0007870A10A0355E34CB666104C055D126A45477015B1820C32BEFC99081605E10FDE
:20EAE000BCA09707E917D3909F080305E903AD990C15C30B0C0F9B0A0805EF07B4A6A10A21
:20EB00000335E32AB3B6222C3A17605496030343DC25BCA69E398E874D177870A10A035577
:20EB2000E34CB666104C055D126A454770157F810C32BEFC99081605E10FBCA094080A3564
:20EB4000E332B7AE172C921940A3FF7994030A5DE34EB2AE184C0A651270434C7707738FFF
:20EB6000102AB7FAA1040500DC15ADA913040A120A4C83084C2FA10A0305E307B6A6A20788
:20EB8000E2177C8496030313DC02B2A61309C81018FC99101007DC07C09E9B104E35DC2A5A
:20EBA000EC6496030363DC47B6664A4E0A4C16083512100A052ABEFA9B100E05DC07C69A72
:20EBC0009902E2253F839B100A57E14C9A4E99101162DC5D63BA4A544E5D70072D304525B7
:20EBE00094160300E30FBCA09C0769972B00A10A0305E3076EF11E07DD093C029603031358
:20EC0000DC02BCA69E095B9739F899101007DC076EE91A0F57FC1212A1040560DC6BAF59F7
:20EC20004A544A5F75070E334832A11A0305E3074C5A8908FBFB8403411194160350E3546F
:20EC40008E5099081760E1656CBC434C4A5D770FF133432A1004411194160350E3548E508B
:20EC600099081760E1656FBC434C4A5D770FE233432A1004411194160350E3548E509908B4
:20EC80001760E1655EBC434C4A5D770FD333432A1004411194160350E3548E5099081760DE
:20ECA000E16572BC434C4A5D770FC433432A100422032E1994030A0DE309B2AE1FF808180F
:20ECC000EA4D62F82C8B9B100E05DC07C09A99F3DD5F62F317939B0A0805EF070076B00C50
:20ECE00080370E0B9B100E05DC07B8AA0EF3031EDD466900150A99081605E10FB8B00CF85C
:20ED00000A10E4626DF81388A1040500DC15AF999B100A57E14CF21E48547D09BD9F0C2AB3
:20ED2000BE024A0994081001DE02AFAC9702093FC60C99081605E10FBCA094080A35E3322D
:20ED4000BA9E9737A1040530DC38ACA91E348C1F43A8126B99101057DC4CB4AE0C54105D7E
:20ED6000056E5048720268940525B03FBE0999081605E10FBAB00CFC0A100C547B084226B5
:20ED8000A1040500DC15A9A9E438BE0999081605E10FBAA0DD08BE07468E9F080305E90384
:20EDA000ADA90C06030BE45369FA1308A708080DE909ABAE13F80A18E85A62F872849603C1
:20EDC0000313DC02B4A69E095B9739F899101007DC076EE91A0F17072610A7040500DC1503
:20EDE000DF1A15001E1267173E8A99101005DC05B69E9E0F619726F8A7040500DC1567E5EC
:20EE00001C0F13092C10A70A080DE907DF1C15F81F186D171588A7040500DC15AD9AA00FC2
:20EE20005D992BF8A70A080DE90767E71C07130F1C10611A523C96030313DC03B6A69E09AA
:20EE40005B9739FA99101005DC0570E91A0F17071110F513198394160301E50FB0B09CF8F3
:20EE6000F03267001C8894060C05E30FB4AE94081631DE25ADAC9733C00F0A0A4409A70A7C
:20EE8000080DE907AD9C9D080A3DE72AAD9EAA33C722B71594040C0DE309B29EAAFAE21ABD
:20EEA0004FF880859D080A0DE707AD9EAAF4DF0D620617849D100A07E107BCB09C00EA30BC
:20EEC00062F618089B100E05DC07C09A96030343DC26B2B69E39BC07A70A080DE907AB9CDF
:20EEE00047C81F00C20794081601DE02ABBC0CF40C18E44D67F8210A99101005DC05B4AE41
:20EF000013000E10DD5A75F4D38494160301E50FB4A09CF8F0148700C70994060C05E30F47
:20EF2000B69E0C07D60CC7F2050A94040C0DE309BE9EA70A483DE92ADF669D080A5DE74CFA
:20EF4000DF1E56480747031630060C100C2CBCFAA70A080DE907DF1C9D080A3DE72AB99E6A
:20EF6000AA338E029D6E94040C0DE309B09E1F09C818120794060C05E30FB89E97F8A704E0
:20EF80000500DC15AB9A1501CA12EA18A70A080DE907AF9C9D080A3DE72AAF9EAA2C960388
:20EFA0000343DC26B5B61E2E3F17665A3F10806894060C55E354EA1E054C18590769435AFC
:20EFC0007003438D0C2CAE30CA0299101005DC05B89E9E0FED174C89A7040500DC15AB9AAB
:20EFE000150FCA120A07A70A080DE907AD9CA0F89B100E05DC07BE9A0EF4C31EE5149D10E7
:20F000000A07E107C2A099101035DC28B5AE1E34451753584D04756394160351E554E62081
:20F020000A4C185F0A76504C70050A830C32C2FA94081601DE02AFAC9703EB1F118B99081C
:20F040001607E10FB89E0C05CC100C049F080305EF03BB9994164331E532E66A99081657C8
:20F06000E154EC1E434A0E4C0A103B0A03081826B9F594160301E50FC0A09C07F519DF90F2
:20F08000A1080303E507B4A6A207569739F496030313DC0370F11A09E209420899101005B3
:20F0A000DC05B69E9E0F619726F8A7040500DC1567E51C0F9B0A0835EF2CE4261937C10E1A
:20F0C000B8FA9B100E05DC07C09A990256A526F49D100A07E1077AEB180FA1080333E52AB3
:20F0E000E6265A354E1717F5B1F694160301E50FB4A09C0769992B00A1080303E5076EF19D
:20F100001E0794081631DE25DF2C0C33C418B6FE99081607E10FBA9E97055F972D009F089E
:20F120000305EF0369E4131594040C3DE32CE41E1F39421999070D0F9D080A0DE707AD9E0A
:20F14000AA035892260694040C0DE3096CE9260999101035DC28E81E133F12217707A70425
:20F160000500DC15AD9AA00F5D992BF8A70A080DE90767E71C075304311294081601DE0236
:20F18000DF2C4CF9201A4A4E485D83094D39502A94060C05E30FB89E9707699328F39416CA
:20F1A0000301E50F6EEB18075FFE171AA1080363E55DE6264E4C435D8303332C43389404C2
:20F1C0000A5DE34E8C4EA7080968E95D5CBA4A4C4A657B072431562696030313DC02B4A6C2
:20F1E0009E0999081605E10F9ABB0CF8CA10691F2388BED81553A0F7045694130A5DE34E28
:20F2000010E2981D0A54504C055D77070735102ADD6018F872032DBD700384750C39661C18
:20F2200016087510709B030846169B100E55DC4C9A4A9603046EDC5866C24A4E485D830771
:20F24000F338502A030846169B100E55DC4C9A4A9603046EDC5869C24A4E485D8307E4383B
:20F26000502A030846169B100E55DC4C9A4A9603046EDC5858C24A4E485D8307D538502AEC
:20F28000030846169B100E55DC4C9A4A9603046EDC586FC24A4E485D8307C638502A030833
:20F2A00046090A104A2A94081601DE02AFAC9702684F9B0A0855EF4C8C56A1080460E35DC7
:20F2C00072C24E4C435D8303AC2B43383F119B100A57E14C9A4E99101160DC5D75BA4A5457
:20F2E0004E5D7007AF2C452503163F119B100A57E14C9A4E99101160DC5D6CBA4A544E5D5B
:20F300007007A02C452594160300E30FBAA0E208CA0799101005DC078E4EFEBF9F08045057
:20F32000EF4873B5435A7002153F0C2C99181605E10F80C2DD08BE072710970A94081601A0
:20F34000DE02ADBC0CF30A18E44D67F8868999101005DC07B89EE410C2073F54A7040500AD
:20F36000DC15B199130FCA125B9739F899101005DC076EE91A0F17072610A7040500DC151B
:20F38000874913000A126717408899101005DC07B89E130FCE10569739F496030313DC028A
:20F3A0006EF11A0911073A1099101005DC078E4E13000F106217298496030313DC02B8A6A9
:20F3C0001309C81069972B00A1080305E3076EF11E070C07240C63153F2B94030A0DE30930
:20F3E000B69EA708083DE92AB19E1337CA18D027B707A7040500DC15B199130FCA12C7B71B
:20F40000C50799101005DC07B89E130FCE1002B7138496030313DC02B2A645CA1DF8CA07FF
:20F4200099101005DC07B49EE410C2073F20A7040500DC15AD999E0F9B0A0805EF07E42677
:20F440002007DD083E079B100E05DC07C09A96030343DC25B4A69E39CA27CA0799101005CF
:20F46000DC07B49E9E0F9F080305EF03AD990C06C30B491FE88999081605E10FB89E0C07F5
:20F48000CA100C0F9F080305EF03B3990C06C30B9B100A07E107BE9E1101D010E5189B0818
:20F4A0000A0DE707AF9EA7040530DC38ACA91E34411958584D087870A1080355E34CE626DC
:20F4C000104C055D186A45477015B67D0C32BEFC99081605E10FBC9E9707E9171C909F08B9
:20F4E0000305EF03B3990C15C30B5D9F2DFA99081605E10F74E91307E408360E4A16940865
:20F500001651DE47875C94030B68E35F56BA564C48657D07842F4A2A9B100E05DC07C49A27
:20F520000E02C31E94030A0DE30992BB1FF8C8186F171B88C5D8095FA9FC0448A7140550CD
:20F54000DC5A0BDD8C250C4E484C185D750F6C2C052A9B180A0DE7076EC2F00539023F696E
:20F5600094030A0DE30992BB1F07C818639726F89B080A0DE70767E926030E02111EE22222
:20F5800039909B0A0805EF07B0A61907C3100C079B100E05DC07A0B70EF3C31E94030A0D16
:20F5A000E309B09E1FF9C818F21A94080A05E30FBA9E94081031DE25ACBC1727411F5A5A7E
:20F5C0003F08866899101057DC4CE61E0C54105D056E504872022B8F0525BE029B0A080518
:20F5E000EF07B4A6A409F9FA46169B100E55DC4C944A9603046EDC5869C24A4E485D83077A
:20F600001337502C030846169B100E55DC4C944A9603046EDC5880C24A4E485D8307043627
:20F62000502C70086A9927100A0894081001DE02ADBC0CF30A18E44D87F8090899101007F2
:20F64000DC07B89E9B100E35DC2A944A0E32041E8E022600BE0999081605E10F9450940894
:20F660000A35E332924E0C37100C1BE2371594030A0DE3098C4E1FF80818EA5562F81E0844
:20F680009B100E05DC07944A0EF3031EDD456900150A99081605E10F94500CF80A10E4632A
:20F6A0006DF8B588A1040500DC15B199130FCA120777C08899101007DC078E4E13000E104F
:20F6C000DD536FF4148394160300E30FB8A099081635E132BEA00C37CA10CC7FC2073F1F1D
:20F6E000A1040500DC15874913000A12E25B75F81790A10A0305E307B8A69F080335E92636
:20F70000B3990C45C30B959F0BFABC07A708080DE909AB9EE480BE0F9F080305E903AF996F
:20F72000DD16B70246289B0A0805EF07B2A6A40994080A05E30FBA5E1307EA043902941660
:20F740000300E30FB4A099081635E132BAA09737CC27BE0F9F080305E903AF999715940353
:20F760000A0DE309B09E1FF8C8184F19E1879B080A0DE707AB9E1903C50B051594030A0DCC
:20F78000E309B49EA708083DE92CACAE1E2C411F5E5894081031DE25B1AC0C32CA189089F2
:20F7A00099081655E154BC60054C0C5D0C064E4C70074F7D0725B70894030A0DE309B49E6C
:20F7C000AA07E71F228A94080A05E30FBC9E0C07D00C5892260694030A0DE3096CE92607AE
:20F7E000E2103C083F169B080A5DE74C874EA104065BDC6B51B54A544A5F7507232E48328B
:20F80000100A3F169B080A5DE74C874EA104065BDC6B4EB54A544A5F7507142D4832A10AEE
:20F820000305E3078E5602B79408114CDE477CC84347770F8F360A2AA718080DE90973C2D3
:20F84000E408BE0F4A0B03084C0596130313DC0278CA1309C81051C81C106FFA2B0845E85D
:20F860001E106DF882084B341A036206D90345601F0A67F843094370250A62F87609458092
:20F88000230862F842084093181662F3B11145EA1D0875F889144B0A190869F8E3144918F4
:20F8A00019086FF42008201662089B100A07E10796AEFCBFA10A0355E34C8E569F08046038
:20F8C000E9597995435A4358770F74360A2AA708080DE909932E5E079B100E05DC07BC5AA9
:20F8E0004E02232093025E0F8C0A531717F8362CA10A0305E307BAA69F080335E926B599C9
:20F900009745C522BE0F9B0A0805EF079836640994080A05E30FBA5E4C07300E95029416ED
:20F920000330E3328AB05C378A0799101007DC079A2E5E0F82B794081001DE02875CFB04A1
:20F940009B100B52E14C57CA48547D09FC330C2A9B200E05DC0780BEDF03B71520031015E5
:20F960009B0A0805EF0788B604B994080A55E354924E9408115CDE5877A843474A657709BB
:20F980001734182A99101007DC079A2E5E0F9F080305EF03B1594C152F0E9C0F5E098A0815
:20F9A000611909003E2494060C05E30FBE9E94081631DE25B3AC9733CE2FBE0999081607D8
:20F9C000E10FA02E57059D080A0DE707AF5E5F03310D931594040C3DE32C88AE6A397C0FBA
:20F9E000A1080303E5079A36620777B7A7040500DC15874A04119B0A0950EF4E52D2504C83
:20FA00007005AA330C329F180305EF0375BDDD16B7032910B50E99081607E10F90AEF7B532
:20FA20009D080A5DE74C874EA704065BDC6B77964C544A5F7507CA350A32A1080303E507B7
:20FA40009A36620794081601DE02AF6C4C03441A9A095C07980A531F11F831229D080A0DE0
:20FA6000E707B39EA7040530DC38B39AA03FCC29BC07A70A080DE907932C60079B100E05D5
:20FA8000DC07C25A4E023B2093039D100A37E12A96B05C3F840794060C05E30F9E2E5707FA
:20FAA0008AB396030313DC039056020B99081752E15463CA434A79074D3B102A941816018A
:20FAC000DE0273D0DD04C00F270A580CA70A080DE907932C00B79B100E55DC4C9A4A9603DF
:20FAE000046EDC596BB24A4E485D8309613B122A94060C05E30FBA5E0C07C01CFBFF941659
:20FB00000301E50FBAA099081637E132C09E9735CE27BE0F9F080305EF03952957153A138E
:20FB20005C000C0999081607E10FBC5E8C05B6207EBF9F080450EF4861C5435A70030C3B39
:20FB40000C2C99181607E10F80C2DD06C00727101B0C94081601DE02933CF7B39D100A574B
:20FB6000E14C9A5099101160DC5B6BAA4A544E5D70072C2F072594160301E50FB6601107F1
:20FB8000C222FE0CA1080303E507BAA69F080335EF26B5999745C523C00F9B0A0805EF09FD
:20FBA000983664073A155CF80C0F9F080305EF03B1598C15AF1C80BF9B0A0950EF4E6CD27F
:20FBC000504C7005C9320C329F180305EF0375BDDD16B7032910D40D99081607E10F232C34
:20FBE0001705CB3776929F080305EF038949DD162FF79D100A07E107D2A0FCBFA1080303D1
:20FC0000E5078E564E07B327A704065BDC6B62A64C044A5F7507DA340A32A1080303E50730
:20FC20009A3602B794081601DE02875C4303BC5F9B0A0960EF5F67B250FC435B7907BA3A91
:20FC4000102A94081601DE02875C0CF40C18E46C6717C00AE2746F178E07E66D691F4A0999
:20FC6000DD6E7513D504DD8862135E10E47E460EF07F671FF50820061D0A9B100E05DC07FA
:20FC8000D29A59028945C5D39D100A07E1070E70180F58B7F9029D080A0DE707B39EA7043C
:20FCA0000530DC38B39AA03FCC29BC07A70A080DE907BF9C6007903FD0D794081601DE0296
:20FCC000FB7C13039D100A37E12AA6305C3F7C0294060C05E30FCA9E57078AB39603031360
:20FCE000DC03C8A65E098E37D8D999101005DC05046E1A0F56B77B09A704064BDC5A6FC6A8
:20FD00004C5477092532182C2510E70994060C05E30FCA9E57079C33C7D294160301E50F96
:20FD2000027018071F090C29060494060C05E30FBE9E94081631DE25B3AC9733CE2FBE09FF
:20FD400099081607E10FCC9E57059237CCDF9F080305EF03FD69131594040C3DE32C982ED6
:20FD60006A39910F142194060C05E30FCA9E57078AB396030313DC03C6A65E098E37D8D796
:20FD800099101005DC07026E1A0F170707218E059603045EDC4784D24A4E7507E7310A3274
:20FDA0002D088E099B080A0DE707BF9E6A038B32C5E594030A0DE309006E2607110F4021E8
:20FDC000F9049B080A0DE707B39EA7040530DC38B3999E3FCC29BC07A708080DE907BF9E47
:20FDE0005E07903FD0D794081601DE02FB7C13029B100A37E12AA62E5C3F990733219B080C
:20FE00000A0DE707BF9E6A0379B294160300E30FC6A05C079C37CADFA1080305E3070276F1
:20FE20001E070C07461D7D049416044BE35452DC484C83078D39122A200849099B100E05F0
:20FE4000DC07D29A59028945C5D29B100A07E1070E6E180F1907373100049B100E05DC071F
:20FE6000C69A96030343DC25BAA69E39CA27CA0799101005DC07C69E5E0F9437C5D7A704C5
:20FE80000500DC15FB691A0F9B0A0835EF2A983664378C073E319B100E05DC07D29A590211
:20FEA00077C594030A0DE309C49E6A078E3FD2D794080A05E30F066E13071F03392C7B17DF
:20FEC00094030B58E34E5EDA564C750F4931052A2708FD109F080305EF03C1995715893292
:20FEE000CCDF9B0A0805EF07007620070C073241000C9F080305EF03B59994160330E3329F
:20FF0000BAA09C37D827BC0FA1080305E307C6A662078937D8D396030313DC0202761A09E7
:20FF200099081635E132A02E5737930732499F080305EF03C199571577B29B100A07E1071D
:20FF4000D29E5C0F9637C5D79B080A0DE707FB6E26030E022B4F7B049B100B52E14C7ADA91
:20FF600048547D07F0300C2A2710B50894081601DE02BFAC5702903FCCD999081605E10FA0
:20FF8000086E130713071659040494081601DE02B3AC94030A3DE32CB89EAA37CA2FC40766
:20FFA00094080A05E30FCA9E57079C33C7D294160300E30F02701807A708083DE92A932E7E
:20FFC0005E37930F1A5194081601DE02BFAC57027EBF9B0A0805EF07C4A664078937CCD70B
:20FFE0009B100E05DC070E6A15020C150F4C82119B0A0950EF4C7AE2504C7007AB300C3201
:02000004801268
:200000004A6394081601DE02BFAC5702903FCCD999081605E10F086E130713073A59040477
:2000200094081601DE02B3AC94030A3DE32CB89EAA37CA2FC40794080A05E30FCA9E570783
:200040009C33C7D294160300E30F02701807A708083DE92A932E5E37930F3E5194081601C7
:20006000DE02BFAC57027EBF9B0A0805EF07C4A664078937CCD79B100E05DC070E6A15028F
:200080000C15334C82119B0A0950EF4C48F2504C700760300C324A1894081601DE02BFAC79
:2000A00057027EBF9B0A0950EF4C56F2504C700751300C324A090308521396030313DC0207
:2000C000C6A65E097CB7A7080958E94C5EEA4A4C770F4430052AA7140500DC1573BDE410F9
:2000E000BE092508590999101005DC07B65E130F2E218508611306F3313294030A0DE3098D
:20010000B89EA708083DE92AB39E9E37CC2FC20794081601DE0283BCF7B29B100A57E14CE4
:200120009A4E99101160DC5D73EA4A544E5D70074D2C072594160300E30F8EB099081635F9
:20014000E13290AE573755170B01820794081601DE02AF6C94030A3DE32C8CAE6A37531FD7
:2001600051FB8C072A219B100E05DC07BC5A0E02232F77B29B100B52E14C82EA48547D0950
:20018000E22F0C2A9B200E05DC0780BEDF03B7152003F6109B0A0805EF07B466190903105B
:2001A00000049B100E05DC07C09A96030343DC25BAA69E39CA27CA0799101007DC07B4AE62
:2001C00013000E10DD4B6FF4268394160300E30F027051FC2A1299101067DC5D8E4E4A544D
:2001E0004E5D70072925452594160300E30F027051072A12FCBFA10A0450E34C82F24E4C89
:200200007007AE2B07253F3194030A5DE34EB45EA708086DE95F874E4A4C4A657B07FF2882
:20022000502696030313DC02B666FEB999081750E15488EC434C77078D37102A941810016F
:20024000DE0273D0DD03BE0F270A9808A708080DE909AF5E1307222990084E1711F4331F81
:2002600094160300E30FBAA099081635E132C0A09737CC27BE0F9F080305E90385A9F7C513
:2002800094030A5DE34E8C4EA7080968E95F779A4A4C4A657B07872F122696030313DC029A
:2002A000B6669B0A0835EF2A88B664398C0722219B100E05DC07944AF9B29416044BE3541C
:2002C0004AFC484C83074437122C94180A05E30F7EC2DD08C403414C94160300E30FB66026
:2002E00011072A218A105B1904F838249B100E05DC07C09A96030343DC25BAA69E39CA2732
:20030000CA0799101007DC078AAEFEBF9F080355E94889499416045BE3657E9C484C565DC0
:20032000750F4E31052A9B080A0DE707AF5EA1040530DC3883A95E3F93091C21A708080D82
:20034000E909874EFEB79B100F50DC4C58F645477015F9290C329B1A0805EF0778CAEA0A42
:20036000B707460B0A104A0903082D04740594260300E30F78C411F8D610E20F6F191F08D2
:2003800045081A006D1746084B9415F362256D0345B01AFA67179E0843C020FA6217AF08CC
:2003A00045101FF86217D204401314066212E910270A0608DB074C51EA8A77079B180A0D2E
:2003C000E70771B224036329851A05477710D2C20A2AA718080DE90905E21307CA1882B73D
:2003E0009408114CDE4753084347770FB3300A2AA718080DE90973C2E408BE0FD30747493F
:200400008B040DF377152003DF10CF094C49F0887C0FA11A0305E30778BA2207612E9218FE
:2004200007477016A0BB0C329B1A0805EF070AEA1909C3107EB79B100F50DC4C60F6454765
:20044000701581290C329B1A0805EF0778CAEA0AB707CF074E5189080BF884032203AD160B
:2004600094130A0DE30976B22A076636920E054C7708FECA102A94181001DE0203F00C02CD
:20048000CA187EB999081750E15468FC434C77076136102A94181001DE0273D0DD03BE0F37
:2004A000270A9008A718080DE90971B21E076836901C054C7D04D7BD053894130A0DE309CE
:2004C00008E21F07C81884B994080B50E35466FA434C7D033A29053894130A0DE30978C2CE
:2004E000F008BC0F4C7094180A05E30F7CB217076E2A8727055A7003BBCA0C2C99181605E3
:20050000E10F10E40C07CA107EBF9F080450E9485DF5435A70021E360C2C99181605E10FF8
:2005200080C4DD08BE0746559F180305E90373AD171561298C340C4E75081CC20A32A11A45
:200540000305E3070EEA1707C3108AB39603045EDC486C024A4E7507092F0A32A1180303AF
:20056000E5077ACAE808B707522896130313DC037ABA1E09662E981E0A547D08E8BF0E2A1E
:200580009B200E05DC071ADE0E02C31E77B39D100B52E14C76FC48547D07D52B0E2A9B20DB
:2005A0000E05DC0786BEDF03B7153F070C10460B99181607E10F7EC20CF6CC10E4D06D178C
:2005C0000C09F0C5641226173E141C0069199508518A19004E0F3EA61DF8691F53082008BC
:2005E000490596130313DC037ABA1E09E737388A99101005DC059C2E5E0F49883B09551381
:200600001E8394160301E50F9A305C07514A9E118F1713868E2C9B100E05DC07A62A59025B
:200620003E963B05AE1F0C4E0AFD830A9DC8122A94160C05E30F4AD20C07D60C40833B1777
:20064000451380BF9B0A0950EF4E7002504C7005832D0C329F180305EF0375BDDD16B703C7
:200660002910FE0A99181607E10F7EB21705EB372C909F080305EF03952957153E8444116F
:2006800049192188A70A080DE907932C60074550A40982172684872794160301E50F9A30D4
:2006A0005C07518A4011B217054A0EFD7710DEC0052AA7140500DC1541CE150FCA124388A9
:2006C0004E0B4A1F84B794060D50E35481FA434C83033B28053894140C0DE30978C2F00ADE
:2006E000BC0F2D08B6069D180A0DE70771B22A03E4324D9694040C0DE309982E6A09431012
:20070000810A50C6EE2717104E0B030816045012A336A3437710EA2C0808160A040C7F8978
:20072000070619080A1310373E884E05A7123A2573449D100A07E107A6305C0F4B08740889
:2007400059C8EC2F1B08430B160405034E25A324AC4F750AE82A160A08100C0472871008AB
:2007600017100E0B054751843D04A5253A137C600C4E0A5D830A68C7122ABE0641540C5472
:200780007B0875B683041DB5053894140C0DE30940D21F09C8184B883B074E177EBF9F18E0
:2007A0000305EF033FCD0C15C30C4790420B4A178E0B99101150DC4A8AFA4A547B07C32C62
:2007C000182696130313DC037CCAE40ABC07524799201005DC057AB21E0FED371988A70435
:2007E0000500DC15F637E6103E0999081752E1549C0A434A7907AE34102A94181601DE02E8
:2008000073D0DD04C00F0A0A4428A71A080DE90771B02007E93F248894081601DE02F649B1
:20082000DD05400F9B0A0950EF4E9B12504C7005932C0C329F180305EF0375BDDD16B70301
:200840000C10460D0808520B99201005DC057AC21300CE10DDD95410DFD962259804E6E71E
:2008600069197B08F0E3671F5E082006B8089B100E05DC07A62A59023A256BF48E5069FA03
:200880000E08985A670029083F339D180A0DE7075F52F005390294260301E50F66541C071C
:2008A00018097CBFA108044EE54CA4124E4C70075D2807253F3694140C0DE3096452F00C64
:2008C0003C0FA1180303E507665A220705078AB39603045EDC48BB124A4E7507472E0A323F
:2008E0004C1294060D50E3548F1A434C83032D2705383F059D200A07E10786C4E210C4071C
:200900003F699D180A0DE7076BE2A7040530DC38932A603F458A4608F8FA7C00A11803038E
:20092000E50772EA620777B7A704064BDC5A95164A5477090D2C182A99201005DC077AC275
:20094000E410C2073F49A7040500DC1583A69B100A37E12AA62E5C3F840794080A05E30FFA
:200960008EAB57078AB39603045EDC47A5224A4E7507FC2B0A32A1180305E3077ACAE80868
:20098000B707522696030313DC02C6A39B0A0835EF2A9836643777079B080A0DE707BF9B47
:2009A0006A0379B29416044BE354B01C484C8307CF33122A94180A05E30F7EC2DD08CA03A8
:2009C000410603163F049B200A07E10784C2110FD0103E681C0869001A083EC8280464F39C
:2009E000B8163ED31C1069FA59083308E310A1080305E3079A366207C2871E84960303138C
:200A0000DC029A36E4107C07A708080DE907932E5E077EBF9F080450EF48B615435A70028E
:200A200099330C2C99081605E10F98AB94080A35E3329E2E5737A5B325F3B71594030A0D8F
:200A4000E3098EABF009BC0FA1080305E30794B39F080335EF269529574592B22A00BE0948
:200A600099081605E10FC09BDD08BE079B200E05DC0788BEDF05B71594130A0DE30978C23A
:200A8000F008BC0F2D0893089B080A0DE707932E6A03C4820B9694030A0DE309982EF00EA8
:200AA0007C0FA1080305E3079A36620777B7A704064BDC5ABF154A5477094A2B182A991025
:200AC0001005DC0792AB9B100E35DC2AA62A593292C523F3BE0F9B0A0805EF078EB3EA087D
:200AE000B7079B080A0DE7078DABF004B90294160300E30FBA9DE209CA0799201005DC0746
:200B00007AC2E410C20794081601DE0287B9DD03BE0F9B1A0805EF077ACAEA08B7079B18FD
:200B20000A0DE7076BC22A03631B94160300E30F96ADE209CA074417A1080305E30796B3FB
:200B4000E808B7071604413294160300E30F9A305C07D5571090A1080305E3079A36E80B64
:200B60007707A7040500DC1593295E0F7EB999081750E154972A434C7707EC32102A9408F7
:200B80001601DE02B5A994030A3DE32C982E6A37BC0FA1180305E3077ACAE808B7075207EB
:200BA00005033F1794130A0DE30976C21F07C8184B48190869F8DC114958190875F4B2040C
:200BC0003E86190369001A0A43882C0867001F083E982008690033093EA82C0464F3741780
:200BE0002003C3120A0A2508CE0A8A24124C7007947A9B200E05DC073EDEDF03B715941331
:200C00000A0DE30970C2F0093C0FA1080305E30798B602B794081601DE0295BCFB049B102B
:200C20000A57E14C9A4E99101160DC5D9C2A4A544E5D7007CB26072594260300E30F74C461
:200C40001C07980867002008851869F86A10902862F890048733620697038C5069FAB6086B
:200C60003308D110A1180305E30773CA22FC054C8303EDBB94160300E30FA4B099081635F4
:200C8000E1329EAE573755174B519F080335EF2697A957454E124B019B0A0835EF2A94C391
:200CA00064286E082B678C26E85A054C18590769050D700275B10C2C7CFAA708080DE9076E
:200CC000A1AE9B080A3DE72A91AE6A335012445794030A3DE32C9AAE6A37531F51F99408C3
:200CE0000A35E3329ABB572881042662853CDD550C540C5F0A6E18FF750F58A9052A850831
:200D00000A0459FA54F88A03417894160300E30F98B05CFCA708080DE90995AE5EFD9B10A2
:200D20000E55DC4CAEAA96030373DC58A4B68C20E25A184C0A65504E435D0C6E0C077B072B
:200D400091C04C5C96030313DC0298B65EFE99081605E10FA2B057FD9B080A5DE74CA1AE85
:200D6000A1040560DC6B9DA98C36E45C0A4C185D4854505F056E0CFF770F7FC03F43A1045A
:200D80000500DC1591A95E049B0A0805EF079AB664FF94080A55E354ACAE94081061DE5897
:200DA0009DBC8539E4620C4E0A5D564C4865127005FF77075EC84A2694081001DE0291BC52
:200DC00057F79B100A07E107A8AE5C05A10A0355E34CA8B69F080365E9599FA9855CDD552E
:200DE0000C540C5F484C565D0A761201700741C046119F080305E903A3A9571577B29B1058
:200E00000A07E107B0AE5C0F880B94080B50E354A62A434C7D03992405382003A8118C1EF0
:200E20000A4C83077881A11A0305E30732EAE808B707A1140500DC156BBDE4113E099908B2
:200E40001605E10F9EB0F7B79B080A5DE74C874EA104065BDC6B62A54A544A5F7507B62983
:200E60000A32A10A0305E30798B662073EF88006831094260300E30F73C499181635E1329E
:200E800079C41737CC273E0F4A1394181001DE026CD094030A3DE32C96AE6A373C0FA11A79
:200EA0000305E30773CA220777B7A104064BDC5AA7254A5477094C29182A25105E0B9408A5
:200EC0000A05E30F9CAEF7B7A1040550DC5A87499B100B62E15D75AA4854505F70076A294F
:200EE0000C329F180305E9036FBD94160330E33298B05C374A0799201007DC0774C21E0FA9
:200F000082B79408114CDE47A7384347770F222B0A2A33082A11EA0A3F1C7EB79B100E0552
:200F2000DC07404515020C06030B93B00E1399081750E154B92C434C77070C31102AC5271C
:200F40004B242B034225EE829B200A07E10786C2E210C40920080B099B100E05DC07A02ABB
:200F600059023E16740557D0EC291508560B0810100A4E17AA28AA4F7908E32A1004050383
:200F8000FF1272840E10170A080B182A439042FC82374A889B100E05DC07A6AA960303434A
:200FA000DC259A365E394308870A55D0F22910084A0B0A100E084E17B025A5356E16F32560
:200FC0000A100A0A04348108D8327F8B070817080A1310373E884206A7123575B7029B10A7
:200FE0000A07E107AEAE99101037DC2A9A2E5E3F9F080335E9269BA997363E037B22EC0B6D
:201000004A27D108B014ABDA5808AC17BE0F4A3B94081001DE0299BC94030A3DE32C982E33
:201020006A374310810C50C8EC2717104E0B030810045012A336A3357510EA2C0808160889
:20104000043C7F8B070817080A13102AB7FAA1040500DC159BA99B100A37E12AA62E5C3FCB
:20106000A10A0335E32AA0B6A2283E088116E704A535B7029B100A07E107A4AEFCBFA10AA9
:201080000305E3079CB6060994081051DE47875C94030B68E35F9A2A564C48657D09832868
:2010A0000C2A9B100E05DC07A6AA96030343DC2598B65E39BC07A708080DE9099BAE9B08DF
:2010C0000A3DE72A95AE6433B90294160300E30FA0B09C078AB799101007DC07A2AE9E0FB0
:2010E00086099408114CDE47B5384347770F322A0A2AA708080DE90999AE9E07C92F1C08F8
:2011000094081601DE0299BC94040C3DE32C9EAEAA39CA2FC4073F129D080A0DE70799AEC2
:20112000A7040530DC3899AAA03FCC09BC07A70A080DE9079BAC9D080A3DE72A9BAEAA33E1
:20114000C722B71594140C0DE30978C2F00ABC0F4C0B030648099B200E05DC0784BE0E027A
:20116000C31E3E141E1069FA1408519A1C106FF80B0647A81E106DF834083304FB04941662
:20118000044CE554C72C484C8309E22F122A700649140C32E84B62FA208496030363DC48FF
:2011A000E8264A4E750707974420A1080353E54C9E16902C434C184872021F4F94040C0DE9
:2011C000E309C96BF04D3402A1180303E5077ACAE808B7073304D00494160301E50FB4B0CE
:2011E00011F81612E2536FF8D7869D080A0DE707B19EF004B9023F6294040C0DE309B69E8B
:201200001F09C818639726F69D080A0DE70767E926030E02261E94040C0DE3098C4E1FFAA9
:2012200008186F172D869D080A0DE707B19E1F03C50B56A526F49D100A07E1077AEB180F23
:201240001907270E9D080A0DE707874E1FF4060B622516849D100A07E107C4A0110FD0106B
:2012600056952FF89B100E05DC077AE515020C15110C6A22461F99081607E10FBE9E940672
:201280000C35E332BC9E0C37D60CC722B71594040C0DE309B69E1F09C818CFB7B2059D08E9
:2012A0000A0DE707B19E1F03C50B02C565849D100A07E107BEA043D025F8B7059D080A0D8C
:2012C000E707AB9E1F03C50B051594040C0DE309B69E1FFAC818A1080303E507B2A617F9DE
:2012E000C310F81496030313DC03B8A69B0A0835EF2CB1B6242C3A155C5841107E68940899
:201300001651DE47DF2C05480E650C70484C8309937A122AB7F89D080A0DE707AF9EAA033E
:20132000E4121B96DD470E0477096187F04D0A047D07DC979D080A5DE74C874EA704065B06
:20134000DC6B5CB64C544A5F75077C2248324C1694060C55E354924E9408175CDE5862C874
:2013600043484C6577096020562C08104C1694060C55E354924E9408175CDE584EC843483D
:201380004C6577095120562C08102D08DD069D080A0DE707ADAE1FF4050BDD5982F4DD1038
:2013A0009B0A0805EF09B6A6A1080333E52A8E5617370410A10321F3B71594040C0DE309D2
:2013C0008C4E1FFA0818EA5362F620089B100E05DC079A4A0EF3031EDD466B00150A990848
:2013E0001607E10F944E0CF60C10E4636DF89F88A7040500DC15B19A150FCA12C717AA8A0F
:2014000099101005DC05BA9E130FCE100277A28496030313DC03905613FA0810F0556700F1
:201420001F8894060C05E30FBC9E94081631DE25B1AC0C33CC18CC79BC0752209910100570
:20144000DC05904E13000E10DD5B75F4138394160301E50FBCA099081637E132C29E97353A
:2014600097970B00C20794081601DE02B1AC0C03CC185D992BF8A70A080DE90767E71C0747
:20148000130F1C10E227368496030313DC03B8A69B0A0835EF2CB1B6242CDD7E9D080A3D54
:2014A000E72AB19E1F24C50B898694040C5DE34E9C0E184E0A05120E434A7907BF79102ABA
:2014C000B7FA521296030363DC4890569B0A0960EF5F7EC2504C435B7907A8274E2A9408B5
:2014E0001601DE02AFAC9703000F9B0A0855EF4C8C56A1080365E35D8E564E4C435D8303DD
:20150000901A43383F119B100A57E14C9A4E99101160DC5D69BA4A544E5D7007931B4525E7
:2015200003163F119B100A57E14C9A4E99101160DC5D55BA4A544E5D7007841B452594164C
:201540000300E30F8E50FCB7A7080958E94C853A4A4C770F0325052AA7140500DC1573BDAD
:20156000E410BE09440B16084411A1180305E30778CA17F8C310F0C764124416DDC8691F6B
:201580005C0AE2CE75179510EACF6217B108E4D86D17D108F0CD6412FA16DDCD691FA70BD9
:2015A000E2D37517B411EAD46217D809E4DD6D17E009F0D264120518DDE0691F310CE2E93D
:2015C0007517AC12EAEB62178C0AE4FB6D174D0BF0F26412EB19DDF5691F690EE200751787
:2015E000B914EA016217280CE40A6D172E0B514418F36225FC042710C00E7508D59B991019
:201600001150DC4C943A4A547B079D25182696130313DC027ACAE40ABC07830815B32D0839
:20162000A70C9B180A0DE7070F16F004790294260300E30F1A18E2088A0799201005DC079E
:201640001E16E410820794181601DE020F2457027EBF9B0A0950EF4C9842504C70077A25A8
:201660000C329F180305EF031511571577B29B100B52E14CBA3A48547D0765250C2A9B20FC
:201680000E05DC072A12590277C594030B58E34EC53A564C750F6425052A270870149F180F
:2016A0000305EF0373FD94160330E3329A305C378A0799201005DC0778025E0F494822088D
:2016C000F8F479A39416044BE354994C484C83073F2D122A2008530C8F0F2E08BEE81513FE
:2016E000A0F3022529120C047709946EDB078020EAA97707CF078220E8667707DB037D131E
:20170000DDB77702CF0F821AE266B1E70800840788072A08A01110FC70078A6A9613031327
:20172000DC027ACAE40ABC0733082714A1080305E307F8432207E22727849603045EDC478F
:20174000AF524A4E750712240A32A1080305E307F843E808370752139603045EDC478B628E
:201760004A4E750703240A32A1080305E307F843E8093707A7140500DC1573BDE410BE0951
:201780002508090B99101005DC07B29E45D023F8B707A7040500DC15AD99E410BE09442023
:2017A000A708080DE907AD9E9E079B100E05DC07F21A1502DD1637029B100A07E107C09E93
:2017C00099101035DC2AB49E9E3FD027B707A7040500DC15AD999E0F9B0A0805EF07B0A69F
:2017E00019F8C3104917E88F9F080305EF03B399DD16B70246699B0A0805EF07B0A61907C8
:20180000C3100C079B100E05DC07C49A0EF3C31E94030A0DE309B09E1FF9C818F21894087B
:201820000A05E30FBA9E94081631DE25ACBC1727411F5A5A3F08866899101055DC4CE61E40
:201840000C54105D056E56487202F67E0525BE029B0A0805EF07B4A6A407E2171C889B10E3
:201860000E05DC07C49A0E02C31E56922D009B0A0805EF076CF12007DD08360646199F08BB
:201880000450EF48A355435A7002642C0C2C99081605E10FBE9E94080A35E332BC9E0C3759
:2018A000D60CC722B71594030A0DE309B69E1F07C818CFB7A5079B080B58E74CB85A564882
:2018C0007202413205259B200A07E10786C2E210C4092008540B770F153F9408114CDE47BD
:2018E0008E784347770F36260A2AA718080DE90973C2E408BE0F2B083B0B59B30F0DF7C531
:2019000094030A5DE34E8C4EA7080968E95FAF6A4A4C4A657B07472412260EB20D1F630282
:201920005E0F7EB999081750E154BF6C434C7707112C102A94181001DE0273D0DD03BE0F8A
:20194000270A1B0B8307C246A10A0450E34C8B824E4C7007051F072594260300E30F7AC415
:20196000E208CA072510110D94180A05E30F7232F7B7A1040550DC5A87499B100B62E15D04
:2019800075AA4854505F700715240C329F180305E903692D571577B29B100B52E14CBA2A00
:2019A00048547D09D0230C2A9B200E05DC0780BEDF03B7152003E3129B1A0805EF07743AC1
:2019C000EA0BB7079B080B58E74C978A50487202BA3105259B200A07E10786C2E210C4091E
:2019E0002008CD0A77109EAC9408114CDE47B2A84347770FAF250A2AA718080DE90973C28C
:201A0000E408BE0F2B08B40AA1040500DC158DA98F0F1A8A7C07A708080DE9098DAE5E0730
:201A20009B200E05DC0774BE59F3A525BE039A10A5DA0B0895F84590A11A0305E3076ECA69
:201A40009F080335E9268FA9574577029B100B52E14CCB9A48547D0976230C2A9B200E05F2
:201A6000DC077EAEDF053715DD7B0C04770A069ADB07DCF19509D7E945080A11B4177707E0
:201A8000922807477015426E9B200A07E1071CD2E211C40994180A05E30F28D2DD09C40353
:201AA00096130313DC020CDAE40BBC07520F99101007DC0794AEE410820794181001DE0291
:201AC00073D0DD03BE0F270A580AF00834B8EAB0851D45280B7457AC0B1212F80758057C6D
:201AE0004347770FB0710A2AA7080958E94E83AA4A4C770F3323052AA1140500DC1573BD91
:201B0000E410BE092508470A75101A5B053780029B100E05DC07E6670EF3031EDD5B690023
:201B20008B8A99081605E10F9AB088071A887E0F9F080305E9038FA9571594130A0DE309F3
:201B40006CC26AF8AA1FCB0A9308A5D80D108DF86488A1140500DC1567BD9B100A37E12AEB
:201B6000A0AE5C3F840994080B50E35495AA434C7D03EB1D053894130A0DE30976B2F00C60
:201B80003C0FEA9705FC77087BA2903C054C7D03BF6D94260300E30F10D4E208CA0799200C
:201BA0001007DC0724D2E410C20794081103960304450C322259C5FA1708B1F8071F361931
:201BC0003E088A08B01F97071B5192080747701644979B200A07E10718D2E210C409941802
:201BE0000A05E30F1ED2DD08C40396130313DC021EDAE40ABC07A718080DE90919D2E40865
:201C0000BE0F9F180305E9030F11DD17B70246179B0A0805EF0792B6EA0A77070A0846194F
:201C20009F080450E94896A5435A7002932A0C2C99181605E10F80C4DD08BE072710A309AC
:201C40009408114CDE479EB84347770F83240A2AA718080DE90973C2E408BE0F2B088809AD
:201C6000A1040500DC158DA98F0F1A8A7C07A708080DE9098DAE5E079B200E05DC0774BE95
:201C800059F3A525BE039A10A5DA0B0895F88590A11A0305E3076ECA9F080335E9268FA984
:201CA000574577029B100B52E14CBAAA48547D094A220C2A9B200E05DC0784AEDF043715A0
:201CC000DD900E04770ADA99A71A080DE9073750200700079F180305EF03394D0B3579FA2C
:201CE000D10FCE0AE2108A094416D507C70687880A00820794181601DE026ED017036A2F6E
:201D0000E4620AFC830ABAA1EA8605FA7908B8A19F180305EF0370BDDD1637038E340C4E1F
:201D200075070773CD0FE4E98805E0E945100E09A9178A0396130313DC0312DAE40BBC07B9
:201D4000A71A080DE9071DD0E609BE0F9F180305EF0307CDDD17B7037910F4590A378C013D
:201D600099201005DC051CD2E411C20794181601DE0217E0DD05C00F9B1A0805EF091EDA0B
:201D8000EA09B705480F9B100E05DC07A0AADF03771594140C0DE30978C2F00ABC0F2D0803
:201DA000E7069D080A0DE7078DAE9B031583771594040C0DE30992AE6A0999201005DC0590
:201DC00070C25E00B017BE08A604A0D3061682F427909B1A0805EF096CCAA1080333E52AA2
:201DE00094B662377707A704064BDC5AB1A64C547709AE21182C99201005DC051616E411F6
:201E0000C2073F0FA7040500DC158DAAE6107E0999181607E10F80C2DD06C0072710B308BA
:201E200094081601DE02A78CD7030C105E09E7173A0A99105005DC05E8689B100E35DC2A1A
:201E4000BA7AD9277E1604444C540C4E080843190810122AE2081D889B100F50DC4CCEA683
:201E600045477015701D0E329B1A0805EF0978CAEA08B70548179B100F50DC4C97B6454770
:201E80007015611D0E329B1A0805EF0978CAEA08B7050C084679E89505FC8304EC93854A2F
:201EA0000548790F3A7399181607E10F16D2DD06C0079B200E05DC0730CEDF03B71594045B
:201EC0000D0F9B0A09371F392059CBF81206A7F8091F34173E089604AB128C151B4D8E14FB
:201EE0000C4E7508CD9C99201005DC050ED2E410C20794181601DE0213E0DD04C00F9B1A5B
:201F00000805EF091CDAEA08B7059D180A0DE70719D2F004B9029416044CE55494BC484CAD
:201F200083091629122A94160C05E30F1816DD09CA0396130313DC037CCAE40ABC07521E07
:201F40001510500B030648099B200E05DC078E6E9902E225FE0387100C4A0A4C830AF499FA
:201F60004C0B030648099B200E05DC0784BE0EF3C31EDD006B1F420A437826FA671F0808B7
:201F80003EE61DF8691F10093E3828F4641223173E941E0069193609510A1B006F174D0724
:201FA00047181D006D17BB09513418F36225800547701DFA6717F00B43A023F86215410ABA
:201FC000453022F86217B5044023190662130811453A1EF87519F2114BC819F66B17341022
:201FE0002B080B0DA7140500DC151FAEA00FE9191988A71A080DE9071FB0E609BE0F9F08CE
:202000000450EF4899B5435A7003A6280C2C4411A70A0958E94CA2B84C4C770F9F20052ACF
:20202000A7140500DC1573BEE610BE092508FA0E75100839852A0E4C770FBE32052AF5164D
:202040001F839416044CE554AEBC484C83098028122A852A0E4C770F9D32052A182679A554
:202060009416044CE5548DCC484C83097128122A3F0F9D080B58E74C99CA56487202632E50
:2020800005269D100A07E107DA0C5C0F84B794060D50E354C7CA434C8303571B05389414B8
:2020A0000A0DE30986426A077CBFA1080450E34CA1E24E4C70075A1C072594260300E30F98
:2020C00086449C078AB799101150DC4CB5DA4A547B073920182696130313DC0260DA5E099C
:2020E0007CB7A7080958E94C9CEA4A4C770F3620052AA7140500DC1573BDE410BE09250878
:20210000910C99101005DC079A2EFEBF9F080355EF4889499416045BE36569AC484C565D47
:20212000750F4E20052A9B180A0DE7070BE2A7040530DC3893295E3F85FA071758177C0FF5
:20214000A1180305E30712EA620777B7A704064BDC5AADE54A547709FB1F182A9920100535
:20216000DC077AC2E410C20720085C0896130313DC027CBAE40B3C07A718080DE90773C2F9
:20218000E408BE0F2B083B0CA7040500DC1593295E0F7EB999081750E154C5EA434C770712
:2021A000D927102A94081601DE02933C5702411F7AFA3F1766480A547D087B409B180A0DEA
:2021C000E70773C2F004B902201619079B100B52E14CD4EA48547D07B61F0C2A7710A2464A
:2021E00094181601DE0273D0DD03BE0F270A0C0CA708080DE90797BB9B080A3DE72A932E41
:202200006A33B90294160300E30F9EBD9C078AB799101150DC4C8FFA4A547B07941F1826BC
:2022200096130313DC027ACAE40ABC073308EC13EA6205FC7708249F9F080355EF4889493B
:20224000435A7002457E0C2C0A2C184C7510B4A87008E8A50C32102C054C8303076D0538F2
:20226000DD5E0C04770A0A978308DAAD122A052C0C4C770F3C74432A562845477015F27086
:202280004A324A2CFCAAA7080958E94C93FA4A4C770F641F052AA7140500DC1573BDE41031
:2022A000BE092508BF0B99201005DC0774329B100E35DC2AA62A5932B71594130A0DE30944
:2022C0007232AA077E0AA1180305E307685AE809370783030E353F1F94130A0DE3096652FC
:2022E000F0083C0F7D07FB399B180A0DE7076D32AA0379B29416044BE354A3FC484C8307C7
:202300002727122A94180A05E30F7EC2DD08CA0322037519C802FAE18F09F8D9D1F8071EE5
:20232000ABF8021730177E0F901C054C8303F06994260300E30F32E4E208CA0799201005E3
:20234000DC0772C2E41142079408174CDE47A7084347770FFF200A2AA718080DE90773C2F9
:20236000E408BE0F2B084B0BA7040500DC1585499B100A37E12AA62E5C3F440794080A0550
:20238000E30F904E17078AB39603045EDC47B4024A4E7507EB1E0A32A1180305E3077ACAF6
:2023A000E808B70733042D06DD1505F7770F5A9899081750E154C3FA434C7707CB26102A6D
:2023C0002008300796130313DC02884A9B0A0835EF2A983664374E176BF97E0F9F180305B6
:2023E000EF03813D94160330E3329A305C37CA0799201005DC0788425E0F591704F948333D
:2024000079B29416044BE354C3FC484C8307A026122A70088D4A9B200E05DC0786BEDF035C
:20242000B7152003F3129B0A0805EF07B6A6EA07B70777087F5C102AE21AC20696030313EE
:20244000DC02B4B613FA0810F04B6700508903087708685C102AE21A400596030313DC023E
:20246000B8A6E40ABC07525499101005DC07B89E130FCE10569739F496030313DC026EF1AA
:202480001A091107391099101007DC078E4E13000E1062173A8496030313DC02B8A61309CA
:2024A000C81069972B00A10A0305E3076EF11E070C07340C96030313DC028E5613FA09100E
:2024C00075171B90A10A0305E307B8A61707C310639328F394160300E30F6EEB18071F078B
:2024E00016186E1C3F1D9B080A0DE707B19EA1040530DC38B199133FCA12CA27CA07991000
:202500001007DC07B89E130FCE10C2B7BF0396030313DC02B8A61309C81015B7C190A10A89
:202520000305E307B2A649C818F8C40396030313DC02B2A61309C810180799101007DC07CE
:20254000B89E1300CE1094081001DE02ABAC0CF4CA18EC1A99081605E10FBCA094080A3585
:20256000E332B7AE172C471355533A1673639B100A57E14CF21E0A54125F056E4A4C770FCF
:202580006169052AC4F696030313DC02B2A61309C81018FC99101007DC0792AE9B104E358A
:2025A000DC2AEC6496030363DC47E6264A4E0A4C16083512100A052ABEFA9B100E05DC07A2
:2025C000BC9A9902E22558839B100A07E1079EAE9C0FEF1951889B080A0DE707AF9EA40310
:2025E000E4123B9694030A0DE30990AEAA07E71F418A94180A05E30F42520C078E1C7BF849
:20260000DD9405F77710869399081655E154945094080B60E36567BA434C50597202FF2449
:2026200043259B100A07E1079A4EFCBFA10A0450E34CCB124E4C700793190725941603004A
:20264000E30FB8A011FCD6100A547D09049546169B100E55DC4C944A9603046EDC5869C2E6
:202660004A4E485D8307E01E502C030846169B100E55DC4C944A9603046EDC5869C24A4E9C
:20268000485D8307D11E502C030846169B100E55DC4C944A9603046EDC5855C24A4E485D92
:2026A0008307C21E502C030846169B100E55DC4C944A9603046EDC58D4124A4E485D8307CD
:2026C000B31E502C030827086D119F080305E903AFA90C06030BE45389FA55091608751027
:2026E0002755052AE91A42119F080305E903B39994160330E3328E5011371710930F2CFAEB
:20270000B7079B080A0DE707874EA1040530DC388749133F0A121EE74A0799101007DC0759
:202720008E4E13000E10DD536FF4190394160300E30F8E5011F81610E2526FFA0E089B08DB
:202740000A0DE707874E19F4050BDD6962F3FF909B0A0805EF07B6A61909C3100977F79058
:202760009F080305E90389490C06030BE45B69FA1788A708080DE909B19E9B080A3DE72A8B
:20278000B19E1933C50BC585B70246279B0A0805EF078C5619FA0310E45B69001D889408C5
:2027A0001001DE02B1AC94030A3DE32CB69E1F37C8189B9904F8BE079B100E05DC07BC9A68
:2027C00096030343DC25B3B61E2EE280A708083DE92CB19E1328CA18947894081051DE475F
:2027E000B38C05470C050C10484C83072570122CB7FA9B080A0DE7078BAEA1044530DC3870
:20280000DF639B100A57E14CC67EE288504E05FC0A0837120E08052AC4F696030313DC0209
:20282000B6A69E09E717908899101007DC0792AE9E0FED177688A1040500DC15AF999E0F5D
:20284000E9196588A708080DE9098BAE9E07E91F648894081051DE47875C94030B68E35FB0
:2028600061BA564C48657D09DA154A2A9B100E05DC079A4AF9B29416044CE554CB0C484C37
:2028800083096624122A94060C55E354BE7E851C5648074770152D2C9D100A07E107A0BD0A
:2028A00099101035DC28BA9E133FCE10B707F0AA87283E1604689D100A57E14CC4A00A042A
:2028C000125D056C4C4C770FC268052A83042B439416044CE554D70C484C83093924122ADD
:2028E00094160C05E30F42520C07941C7BF8DD9405F879100F920808521899101055DC4A1B
:20290000904E9B100F60DC5D75B64547436B70038F1D4A2C0808521899101055DC4A904E00
:202920009B100F60DC5D75B64547436B7003801D4A2C0808521899101055DC4A904E9B1022
:202940000F60DC5D61B64547436B7003711D4A2C0808521899101055DC4A904E9B100F6061
:20296000DC5DE0064547436B7003621D4A2C0808521899101055DC4A904E9B100F60DC5DB7
:2029800090A64547436B7003531D4A2C0808521899101055DC4A904E9B100F60DC5DE906A0
:2029A0004547436B7003441D4A2C99081657E154944E94060D60E36567BA434C565972024C
:2029C000402305330202461899081607E10F944EF7B59D080B58E74CC40A56487202B329C7
:2029E00005269D200A07E10786C4E210C4073F090C0846117B0807351694074794160301D7
:1A2A0000E50FB4B03CFC169A99101005DC05B6AE13020E10052A5205059328
:202A1C007003466D0C2CE70A023699101005DC05B45E770F4765052A4AF696030313DC0333
:202A3C00B46613090810744608107D08DE329D180A0DE70777C2F00539022016D5309D20AA
:202A5C000A07E10786C41100D010DD066B173410E8096217E704DF056225C418E615691964
:202A7C008D08F010671F9208DD136B17A610E8166217C604DF146225082EE62269190A32A6
:202A9C00F02C671F6A32DD486B17F83A492843F875134F2E3E1603F56B1FB6352508B4367A
:202ABC0099101005DC05B45E13000E10DD42540CDF6A62254104E68369195008525D9920D9
:202ADC001005DC057AB21E0F6C3F94181601DE020D24DD05C00F9B1A0805EF0978CA4B080C
:202AFC0003F7C0079B200E05DC0782BE0E02C31E94040C0DE309A62E260999101035DC2885
:202B1C00B45E133F0E103707A7140500DC156FBE9D200A37E12A82C4113FD010C525C007CB
:202B3C009B200E05DC0784AEDF0737153F1F9D200A07E10786C4E211C40794160C05E30F9B
:202B5C007CC2DD08CA03411194260301E50F7AC4E20ACA0999201005DC057AC2E410C207C0
:202B7C003F0916042203404294040C0DE309B05E1FFA0818EA15410848179B200E05DC07F4
:202B9C0086BE96130343DC267CCA1339C810A1990800C4073F0A79082F3C4A0903083304A3
:202BBC00252F94160301E50FB26011F81612E21A4E0FDD134A0A46177B0789C7520B720223
:202BDC0086D53F08791018364409160A2510193494060C05E30FB65E0CF8160CDF0D411855
:202BFC003F08790FCBE1440C830A043B4C0903062908013B9F080305EF03AE59DD16370382
:202C1C009D200A07E10784B41C0FEF473F869D180A0DE70771C21F03C50B851662F40F1095
:202C3C00463199081607E10FB85E0CF60C10E4664C0A3F1DA7140500DC1573BE9B200A3745
:202C5C00E12A86C2113FD0108ED70AF8BE0F9F180305EF0373BDDDC9B70246189B0A080551
:202C7C00EF07B166EA09370746090A104A1094081601DE02AC6CDD043E0F460B08083308C2
:202C9C006B13A1180305E30778BA2207E2576C8796130313DC0278CA13FAC810F008671F26
:202CBC004408DD0969177210E80A6217AF04DF0662257F03E4146919E708F01B671FC608F0
:202CDC00DD2169171F11E8476217D305DF436225FF04E46769193A09F060671F6209DD616F
:202CFC0069177F11E86662174306DF6362256A05E4736919A90AF06D671FEC0ADDAB6917F3
:202D1C00CA122B08150BA7040500DC15AB5913000A12E24B5412E2564E17DD5769171E1082
:202D3C00E85862172E04412094260300E30F78C4E21BCA07442DA1180305E30778CAE8200C
:202D5C00B707521A96130313DC0278CAE461BC07521799201005DC0778C2E44FC2073F10A7
:202D7C00A7040500DC15AC59E4113E09440916082510F20A94080A05E30FB65E0CF8160CE2
:202D9C00DF4641183F0B9B200A07E10784C2E212C4073F109B080A0DE707AC5EF005390265
:202DBC003F1703032710D20C99081605E10FB85E0CF80A10E4534C0A3F10A7140500DC1519
:202DDC0071BDE414BE094410A708080DE907AC5EE4093E0F4A0903083304B30594160300A4
:202DFC00E30FB26011F81610E2404E0A3F1C9B180A0DE70773C2A7140530DC3873BD133F3C
:202E1C00CA12CA57CA0799201005DC0778C2E462C2073F10A7040500DC15AC59E4113E099D
:202E3C00440916082510980A94080A05E30FB65E0CF8160CDF5741183F179B200A07E107C4
:202E5C0086C299201035DC2A7AC2133FCE10C557CA0396130313DC0278CAE45DBC07521070
:202E7C0099101005DC07B35EE41142073F0916042203651894030A0DE309B05E1FF8081863
:202E9C00EA38410DE455691F24083F2FA7140500DC1573BD9B200A37E12A86C2113FD010EB
:202EBC00C557BE079B200E05DC0784BEDF57B7153F1E9B200A07E10786C299201035DC2AC3
:202EDC007AC2133FCE10C557CA0396130313DC0278CAE45FBC07521099101005DC07B35E88
:202EFC00E41142073F0916042203291894030A0DE309B05E1FF80818EA55410A461C9B202A
:202F1C000E05DC0786BE96130343DC257ACA1339C810D857BC0FA1180305E30778CAE85ED6
:202F3C00B707520C96030313DC02B366E40B3C07520908102D08030A9B080A0DE707AB5E1B
:202F5C001FF4050BDD5C4107E46548134417A718080DE90771C2E460BE0F4A179418160186
:202F7C00DE0271D0DD5CBE0F461299081605E10FB95EDD093E0746110E082008F3059603A2
:202F9C000313DC02B26613FA0810F04C46124C1C94180A05E30F7EC294181631DE2573D0C2
:202FBC000C32CA18CC59BC07A718080DE90771C2E462BE0F4A1094081601DE02AC6CDD04FD
:202FDC003E0F460B08083308BF11A1080305E307B26617F80310F0454308DD5A62122010EC
:202FFC00463199181605E10F80C294180A35E3327EC20C37D60CC752B71594130A0DE3094C
:20301C0076C2F063BC0F4C2394180A05E30F7EC294181631DE2573D00C32CA18CC59BC07A1
:20303C00A718080DE90971C2E464BE0F4A1094081001DE02AC6CDD043E0F460B080833089D
:20305C008311A10A0305E307B26617F80310EA454311DD5862121D10E45067172D08E25D6A
:20307C006F191E08E45F691F2D083F2CA1140500DC1571BDE450BE09442CA718080DE90911
:20309C0071C2E466BE0F4A2594181001DE0271D0DD45BE0F462099181605E10F7EC4DD68E5
:2030BC00BE07461F9F180305E90373BDDD79B70246189B0A0805EF07B166EA0B3707460941
:2030DC000A102B083C09A1040500DC15AB59130F0A124308190867001B0A3E180D08690099
:2030FC0015083E28130464F306163F249B200A07E10786C299201037DC2A7AC2133FCE10D6
:20311C00C557C40396130313DC0278CAE467BC07A708080DE909932E9B080A3DE72AAB5E48
:20313C001933050B8E2520F37E0F461299081605E10FB960DD093E0746110E0820080C04D7
:20315C0096030313DC02B2661309081051080B106FFA0E0845180D106DF80A084B2408031C
:20317C006206060346319B1A0805EF0778CAA11A0335E32A7ACA1737C310D253B902942652
:20319C000300E30F78C4E267CA0799101007DC079A2E9B100E35DC2AB85A0E32031E8E1256
:2031BC0027007E094410A708080DE909AC5EE4093E0F4A0903082D04C40394160300E30F02
:2031DC00B260110716104310130A62F815084520110862F817044023061662F30D10462B47
:2031FC0099181605E10F80C494180A35E3327EC20C37D00CC752B71594130A0DE30976C28D
:20321C00F069BC0FA10A0305E3079A369F080335E926AD590C45030B951F27FA7C075210F4
:20323C0099101007DC07B35EE41142073F0910042203851694030A0DE309B05E1FF8081885
:20325C00EA5C410A461C9B200E05DC0780BE96130343DC257ACA1339C810D857BC0FA11A63
:20327C000305E30778CAE86CB7074C0C96030313DC02B366E40B3C07520908104C669408FB
:20329C000A05E30FB65E0CF8100CDF4E41183F0B9B200A07E10784C2E275C4093F109B08FD
:2032BC000A0DE707AC5EEA0539023F17030346539B0A0805EF07B06619FA0310E44E481551
:2032DC00E85562172604412A94260300E30F7AC499181635E13280C40C37CA10CC5FC20736
:2032FC0094181001DE0271D0DD69BE0F462599181605E10F80C494180A35E3327EC20C37D3
:20331C00D00CC752B71594130A0DE30976C2F06FBC0F4C1294080A05E30FB75EDD09440387
:20333C00410403163F0B9B100A07E107BF5EE21144093F090A0846179F080305E903AE596F
:20335C00DD1737029B100A07E107BF5E1C0FEF293D989B080A0DE707AC5EEA0439029426B6
:20337C000300E30F78C411F8D610E2106F191F08E409691FDB08DD0B6F133104DD1B62120D
:20339C006D11E4126717B209E2236F19EA08E41E691FE009DD206F13F904DD2F6212141250
:2033BC00270A4B0AA708080DE909AB5E13F80A18E84962173D04DF4662253403E4546919F7
:2033DC003D08F04D671F490ADD4E69174710E84F62175104DF4B62254803E45D6919510857
:2033FC00F057671F5D0ADD5869175B10E85A62176504DF5662255C03E46469196508F05E99
:20341C00671F710ADD5F69177C104A7F94181601DE0271D0DD05C00F468199181607E10F64
:20343C007EC2DD19C00746809F180305EF0373BDDD19B70348799B1A0805EF0976CAEA1E59
:20345C00B705486A9B200E05DC0784BEDF1BB7153F5F9D200A07E10784C4E22CC4073F5A1B
:20347C009D180A0DE70771C2F023B9023F6394140C0DE30976C2F032BC0F4C4E94160C05AC
:20349C00E30F7CC2DD5FCA03414294260301E50F78C4E247CA094448A1180303E50778CAF1
:2034BC00E896B707523596130313DC037ACAE4A6BC07523499201005DC057AC2E4B3C2072D
:2034DC003F2BA7140500DC1573BE9D200A37E12A86C4113FD0108ED50CF8BE0F9F1803050E
:2034FC00EF0373BDDDC9B703481F9B1A0805EF0976CAEABCB70548109B100E05DC07BF5A59
:20351C00DF0437153F050C10270A9E09A70A080DE907AB5C15F80A18E84B410A52189613AB
:20353C000313DC037ACAE40CBC07A71A080DE90773C09D180A3DE72A73C21F33C50BC565FC
:20355C00B70348189B0A0805EF09B166EA09370548090A102B087309A7040500DC15AB5A85
:20357C0015000A12E24E75192010EA5B4108482F9B200E05DC0784BEDF18B71594140C0D94
:20359C00E30978C2A71A083DE92A73C01537CA18D057B707521F96130313DC037ACAE41E35
:2035BC00BC07A71A080DE90773C09D180A3DE72A73C21F33C50BC565B70348189B0A0805D9
:2035DC00EF09B166EA09370548090A102B083709A7040500DC15AB5A15000A12E24B541249
:2035FC00E2566F171C06E64F691F2B083F2AA7140500DC1571BEE614BE0999181607E10F17
:20361C0080C294160C35E3327EC20C37D60CC752B7153F1A9D200A07E10784C4E215C407E9
:20363C003F159D180A0DE70771C2F00CB9023F1E94040C0DE309B15EF00B3C0F4C090306C9
:20365C00290804109F080305EF03AD590C06030CE651480FE24A75191E104C2F94160C0595
:20367C00E30F7CC2DD0ECA0396130313DC037CCA9B1A0835EF2C78CA1937C30ECE57BE0F00
:20369C004A2394181601DE0271D0DD0BC00F9B1A0805EF0978CAA1180333E52A7ACA17377A
:2036BC00C310D853B9023F1E94040C0DE309B15EF00B3C0F4C0903062908C8109F080305D0
:2036DC00EF03AD590C06030CE641480FE23A75191E104C2F94160C05E30F7CC2DD11CA033E
:2036FC0096130313DC037CCA9B1A0835EF2C78CA1937C30ECE57BE0F4A2394181601DE0258
:20371C0071D0DD0EC00F9B1A0805EF0978CAA1180333E52A7ACA1737C310D853B9023F1EF0
:20373C0094040C0DE309B15EF00B3C0F4C09030629088C109F080305EF03AD590C06030C88
:20375C00E668480C441CA71A080DE90771C0E61FBE0F9F180305EF0375BD94260331E5329A
:20377C007AC41137D612CA5FC4073F0E9D080A0DE707AC5EF00539023F170304486C9B0AE4
:20379C000805EF09B06619F8030EE65348124A1094181601DE0271D0DD1DC00F461299083D
:2037BC001607E10FB95EDD07400746110E083F4BA7040500DC15AB5A15000A12E24E540F3D
:2037DC00E2636F171906482F9B200E05DC0784BEDF1DB71594140C0DE30978C2A71A083DC4
:2037FC00E92A73C01537CA18D057B707521F96130313DC0378CAE425BC07A718080DE90773
:20381C0073C29B180A3DE72A73C21F33C50BC565B70246189B0A0805EF07B166EA093707C4
:20383C0046090A104A1094081601DE02AC6CDD043E0F460B99081605E10FB95E1707E9278E
:20385C00CC9D9F080305EF03AE59DD1637029B200A07E10784C21100D010DD24691729106A
:20387C00E82562176804DF2262257F03E4306919BB08F029671FF008DD2A69170110E82E92
:20389C0062173005DF2B62254004E4396919D409F035671F140A2008310A9B100E05DC0740
:2038BC00BE5A0EF3031EDD33691F1B0AE2395416E2424E14DD3B4812E4444C10DD3D540A7C
:2038DC00DF39411ADD3A4812461F99081605E10F934E94080A35E332B65E0C37160C9012EB
:2038FC00200637029B200A07E10784C2E22DC4073F109B080A0DE707AC5EF00539023F17F2
:20391C0003032710020B99081605E10FB85E0CF80A10E4404C10DD39540ADF35411ADD36EB
:20393C004812461F99181605E10F80C294180A35E3327EC20C37D60C90D20306B7029B206A
:20395C000A07E10784C2E22EC4073F109B080A0DE707AC5EF00539023F1703032710D50B8D
:20397C0099081605E10FB85E0CF80A10E4534C10DD5575131E03DD6D62122710462C9918C5
:20399C001605E10F7EC2DD2DBE079B200E05DC0786BE96130343DC257ACA1339C810D85775
:2039BC00BC0F4C1E94180A05E30F7CC2DD28CA03411294260300E30F78C4E22ECA0744187E
:2039DC00A1080305E307B366E809370752050503201694049B100A07E107BE5E11001010CA
:2039FC00DD5C480DE47F6D171908521F96130313DC0278CAE42EBC07A718080DE90773C2F7
:203A1C009B180A3DE72A73C21F33C50BC565B702461F9B1A0805EF0776CAEA29B7074610C1
:203A3C009B100E05DC07BF5ADF0437153F040A10270A6909A708080DE907AB5E13F80A1897
:203A5C00E86C410A520C96130313DC0278CAE42CBC07521099101005DC07B35EE411420749
:203A7C003F09160422034A1794030A0DE309B05E1FF80818EA6D410A461C9B200E05DC07AE
:203A9C0084BEDF26B71594130A0DE30978C2A718083DE92A73C21337CA18D057B707520C58
:203ABC0096030313DC02B366E40B3C07520908102D0824099B080A0DE707AB5E1FF4050B69
:203ADC00DD69410546249B1A0805EF0776CAEA2FB7079B180A0DE70773C2A7140530DC3814
:203AFC0073BD133FCA12CA57CA074418A1080305E307B366E8093707520505032016FE0385
:203B1C009B100A07E107BE5E11001010DD4969171F10E84B62173B04DF4962253803E458B2
:203B3C0069196708F055671F4608DD5669175010E85D62177F04417194260300E30F78C46E
:203B5C00E236CA0799201005DC077AC29B200E35DC2A86BE0E32C31EC552BE0F466C9918C3
:203B7C001605E10F7EC2DD37BE079B200E05DC0786BE96130343DC257ACA1339C810D85789
:203B9C00BC0F4C5794180A05E30F7CC2DD31CA03414B94260300E30F78C4E23ACA079920B8
:203BBC001005DC077AC29B200E35DC2A86BE0E32C31EC552BE0F463F99181605E10F7EC2E7
:203BDC00DD3BBE079B200E05DC0786BE96130343DC257ACA1339C810D857BC0F4C2C941881
:203BFC000A05E30F7CC2DD34C40396130313DC027ACA9B1A0835EF2A78CA1939C310CC571C
:203C1C00BE0F4A1794181001DE0271D0DD30BE0F461299081605E10FB960DD093E07461103
:203C3C000E083F70A1040500DC15AB5913000A12E249540DE2526F191908462F9B200E0529
:203C5C00DC077EBEDF2DB71594130A0DE30978C2A718083DE92C73C21337CA18D057B7070E
:203C7C004C1F96130313DC0278CAE435BC07A718080DE90973C29B180A3DE72A73C219337B
:203C9C00C50BC565B70246189B0A0805EF07B166EA0B370746090A104A3594081001DE0290
:203CBC00AB6C0CF30A18E458460A521C99201007DC0778C2E444C20794181001DE0273D0F8
:203CDC0094130A3DE32C78C21F37C818D259B70746109B100E05DC07B95ADF0437153F04F6
:203CFC000A10461299081605E10FB960DD093E0746119F080305E903AE591715E2226D9B15
:203D1C009B0A0805EF07B166EA0A37079B180A0DE70771C219F4C50BDD4F62124E10E449A3
:203D3C006717EF08E2506F193A09E449691F6809DD4A6F139804DD596212E711E44E671738
:203D5C00940AE2556F19AD0EE44E691F3F0BDD4F6F132805DD6D410FE4786919740BF071F8
:203D7C00671F990EDD7269179A152B08BF0EA1040500DC15AB5913000A12E24B540A4418C7
:203D9C00A11A0305E30778CAE841B7074C0C96030313DC02B366E40B3C07520908102D0A57
:203DBC00AC0E9B080A0DE707AB5E19F4050BDD5A4111E45C69192708F056671F4C0ADD588E
:203DDC0069175610E85B62177904417D94260300E30F78C4E245CA0799201007DC077AC218
:203DFC009B200E35DC2A80BE0E32C31EC552BE0F467899181605E10F7EC4DD43BE079B2004
:203E1C000E05DC0780BE96130343DC257ACA1339C810A1170900C40994080A05E30FA22EFF
:203E3C00DD0BC40396030313DC029A36E40A7C07525699201007DC0778C2E44CC2079418AF
:203E5C001001DE0273D094130A3DE32C78C21F37C818D259B70746439B200E05DC077EBE46
:203E7C00DF3DB71594130A0DE30978C2A718083DE92C73C21337CA18991704F8C4039603D4
:203E9C000313DC029E36E40CBC07A708080DE909932EE4087E0F4A2394181001DE0271D050
:203EBC00DD41BE0F9B1A0805EF0778CAA11A0335E32A7ACA1737C310D253B9023F1E9403C8
:203EDC000A0DE309B15EF0093C0F4C0B030827081B169F080305E903AD590C06030BE451B8
:203EFC0069192008F04C671F2C0ADD4E69172A10E85762173404DF5362252B03E462691980
:203F1C003408F05B671F400ADD5C69173E104A4194181001DE0271D0DD43BE0F4643991897
:203F3C001605E10F7EC4DD49BE0746429F180305E90373BDDD58B702463B9B1A0805EF07A3
:203F5C0076CAEA4DB707462C9B200E05DC077EBEDF4AB7153F209B200A07E10784C2E2542D
:203F7C00C4093F1E9B180A0DE70771C2EA4AB9023F2594130A0DE30976C2F04DBC0F4C1275
:203F9C0094080A05E30FB75EDD094403410403162003BA159B0A0805EF07B06619FA0310F2
:203FBC00E44B48124A1C94181001DE0273D094130A3DE32C78C21F37C818D259B7079B180D
:203FDC000A0DE70771C2F04CB9023F1E94040C0DE309B15EF00B3C0F4C090306290894150F
:203FFC009F080305EF03AD590C06030CE653480FE25C75191E104C2F94160C05E30F7EC2EB
:20401C0094181631DE2573D00C33CC18CC59BC07A71A080DE90771C0E651BE0F4A2394182C
:20403C001601DE0273D094140C3DE32C78C21F39C818D257B7059D180A0DE70771C2F053A3
:20405C00B9023F1E94040C0DE309B15EF00B3C0F4C090306290858159F080305EF03AD5997
:20407C000C06030CE6514812E24A75192110EA5362153508464A9F180305EF0375BD942669
:20409C000331E5327AC41137D612CA5FC40794160C05E30F7CC2DD52CA03412C9426030145
:2040BC00E50F7AC499181637E13280C20C35CC10CC5FC20794181601DE0271D0DD4FC00F6F
:2040DC00462099181607E10F80C294160C35E3327EC20C37D60CC752B71594140C0DE30967
:2040FC0076C2F06CBC0F4C0B030648090A102B08040DA7040500DC15AB5A15000A12E24934
:20411C005412E2546F171C06E64E691F37083F42A7140500DC1573BE9D200A37E12A86C48E
:20413C00113FD010C555C0079B200E05DC0784BEDF4FB7153F329D200A07E10786C499203B
:20415C001035DC287CC2133FCE10C557CA0396130313DC037ACAE457BC075225992010057E
:20417C00DC057CC29B200E35DC2A86BE0E32C31EC553C00F9B1A0805EF0976CAEA56B705BE
:20419C0048109B100E05DC07BF5ADF0437153F050C10270AB70CA70A080DE907AB5C15F8A4
:2041BC000A18E8504110F05264121C16DD576B1F330A4442A71A080DE90773C09D180A3DD8
:2041DC00E72A73C21F33C50BC565B7039D200A07E10784C4E299C4073F349D180A0DE70706
:2041FC0073C2A7140530DC3873BE153FCA12CA57CA0999201005DC057AC2E498C2073F2383
:20421C00A7140500DC1573BE9D200A37E12A86C4113FD010C555C0079B200E05DC0784BE49
:20423C00DF8DB7153F0C9D100A07E107BF60E21144073F070C0827106B0C94081601DE0241
:20425C00AB6C0CF40C18E44B67174C0AE2536F171606E650691F5108DD5475135803DD64C1
:20427C0062136F10E45D6717890AE26A6F17860629089E109F180305EF0373BDDDA2B70385
:20429C009D200A07E10786C499201035DC287CC2133FCE108E1717F4B90294160301E50F85
:2042BC009E30E20BCA0999101005DC059C2EE41082073F82A7140500DC1573BE9D200A37CD
:2042DC00E12A86C4113FD010C555C0079B200E05DC0784BEDF84B7153F6B9D200A07E107DA
:2042FC0086C499201035DC287CC2133FCE10C557CA0396130313DC037ACAE48CBC07525E3A
:20431C0099201005DC057CC29B200E35DC2A86BE0E32C31EC553C00F9B1A0805EF0976CA4A
:20433C00EA8BB70548499B200E05DC0786BE96130343DC267CCA1339C810D859BC0FA1189A
:20435C000303E50778CAE893B707523296130313DC037CCA9B1A0835EF2C78CA1937C30EFC
:20437C00CE57BE0F9F180305EF0373BDDD9AB703482B9B1A0805EF0978CAA1180333E52AB0
:20439C007ACA1737C310D853B90294260301E50F78C4E28DCA094418A1080303E507B36676
:2043BC00E8093707520505032016A7079B100A07E107BE5E11001010DD4B4812E4564C175F
:2043DC00DD5875132003DD6862121B10463399181605E10F7EC2DD70BE0746399F18030538
:2043FC00EF0373BDDD7FB70246329B1A0805EF0776CAEA72B70746239B200E05DC0786BE82
:20441C0096130343DC257ACA1339C810D857BC0FA1180305E30778CAE88FB707520C960315
:20443C000313DC02B366E40B3C07520908102D08640B9B080A0DE707AB5E1FF4050BDD78E1
:20445C0062122310E46E67174D08E2756F175808E46E691F8108DD7175139503DD8862128D
:20447C00AA10E47E6717D308E2856F17DD08270802109F180305EF0375BD94260330E332B3
:20449C007AC41137D610931F11F8B7079B180A0DE70771C2F06FB90294160300E30F9E30A9
:2044BC00E20ACA0799101005DC079A2EE41082072008F40496130313DC027ACA9B1A08354A
:2044DC00EF2A78CA1937C31095170B00C20794181601DE0271D0DD71BE0F9B0A0805EF071B
:2044FC009C36EA0AB7079B080A0DE707932EF00479022016C0039B200A07E10786C2992096
:20451C001035DC2A7AC2133FCE108E1717F4B90294260300E30F78C4E279CA079910100588
:20453C00DC079E2EE412C20794081601DE02933CDD037E0F270AA408A718080DE90773C24C
:20455C009B180A3DE72A73C21F33C50B8E2504F3BE0F9B1A0805EF0776CAEA7CB7079B08A7
:20457C000A0DE707972EF006B90294160300E30F9A30E2088A07448BA1180305E30778CA04
:20459C00E888B707A7140500DC1573BD9B200A37E12A86C2113FD010C557BE0746789F181B
:2045BC000305EF0375BD94260330E3327AC41137D610931F11F8B7079B180A0DE70771C2E1
:2045DC00F07BB90294160300E30F9E30E20ACA0799101005DC079A2EE41082073F50A7143F
:2045FC000500DC1573BD9B200A37E12A86C2113FD0108E170BF8BE0F9F180305EF0373BDA4
:20461C00DD90B7029B100A07E107AA2EE212C40794080A05E30F9E2EDD088A03412B94261C
:20463C000300E30F7AC499181635E13280C20C37CA10951F0FF8B707A7140500DC1571BD65
:20465C00E48DBE0999081605E10FA42EDD0ABE079B100E05DC07A62ADF0377153F0B9B1008
:20467C000A07E107BF5EE21144073F090A0827104F0A94081601DE02AB6C0CF30A18E46CC5
:20469C0067172C08E2746F173708E46D691F6008DD6E75137503DD8862129710E47E671745
:2046BC00C008E2856F17CA082708EF109F180305EF0375BD94260330E3327AC41137D610D8
:2046DC00931F11F8B7079B180A0DE70771C2F070B90294160300E30F9E30E20ACA0799106C
:2046FC001005DC079A2EE41082072008E10496130313DC027ACA9B1A0835EF2A78CA1937D6
:20471C00C31095170B00C20794181601DE0271D0DD72BE0F9B0A0805EF079C36EA0AB707FE
:20473C009B080A0DE707932EF00479022016AD039B200A07E10786C299201035DC2A7AC263
:20475C00133FCE108E1717F4B90294260300E30F78C4E27ACA0799101005DC079E2EE41227
:20477C00C20794081601DE02933CDD037E0F270A9108A718080DE90773C29B180A3DE72AB7
:20479C0073C21F33C50B8E2504F3BE0F9B1A0805EF0776CAEA7FB7079B080A0DE707972EA3
:2047BC00EA06B90294160300E30F9A30E2088A074478A11A0305E3077ACA9F180335E926A3
:2047DC0075BD0C45C30B951F0BFABC07A718080DE90971C2E480BE0F9F080305E903992969
:2047FC00DD18B7029B100A07E107A62EE21084093F509B180A0DE70773C2A1140530DC387E
:20481C0073BD133FCA12931717F8BC0FA11A0305E30778CAE883B707A1040500DC15972927
:20483C00E412BE0999081605E10FA030DD087E0746389F180305E90375BD94260330E3325C
:20485C007AC41137D610931F11FAB7079B180A0DE70771C2EA82B90294160300E30F9E30D6
:20487C00E20ACA0799101007DC079A2EE41082073F10A1040500DC15AC59E4113E094409FF
:20489C0016082510470B94080A05E30FB65E0CF8100CDF6562251903E47469193C08F06D24
:2048BC00671F620ADD6E69177A10E87A62179D04DF776225AD03E4856919CF083308ED1092
:2048DC00A11A0305E3077ACA9F180335E92675BD0C45C30B951F0BFABC07A718080DE9093A
:2048FC0071C2E475BE0F9F080305E9039929DD18B7029B100A07E107A62EE2108409200819
:20491C00D5089B200E05DC0780BE96130343DC257ACA1339C810A1170900C40994180A050E
:20493C00E30F7CC2DD78C40396030313DC029E36E40CBC07A708080DE909932EE4087E0F0B
:20495C002B08AD08A1140500DC1573BD9B200A37E12A86C2113FD0128E170BF8BE0F9F18CB
:20497C000305E90373BDDD89B7029B100A07E107AA2EE212C40994080A05E30F9E2EDD084D
:20499C00840322038C1694130A0DE30978C2A718083DE92C73C21337CA18991704F8C403DC
:2049BC0096130313DC0278CAE480BC07A708080DE909972EE40ABE0F9F080305E903952946
:2049DC00DD16770246789B1A0805EF0778CAA11A0335E32A7ACA1737C3109B1306F3B715BF
:2049FC0094130A0DE30976C2F081BC0FA10A0305E3079E36E80AB707A1040500DC15932905
:204A1C00E4107E094450A718080DE90973C29B180A3DE72A73C21933C50B8E2504F3BE0F9D
:204A3C009B1A0805EF0776CAEA86B7079B080A0DE707972EEA06B90294160300E30F9A30B3
:204A5C00E2088A074438A11A0305E3077ACA9F180335E92675BD0C45C30B951F0BFABC0787
:204A7C00A718080DE90971C2E487BE0F9F080305E9039929DD18B7029B100A07E107A62E66
:204A9C00E21084093F109B080A0DE707AC5EEA0539023F170303463D9B0A0805EF07B066B3
:204ABC0019FA0310E45848124A1C94181001DE0273D094130A3DE32C78C21F37C818D25940
:204ADC00B7079B180A0DE70771C2EA8AB9023F1E94030A0DE309B15EF0093C0F4C0B030836
:204AFC0046109B100E05DC07B95ADF0437153F049B100A07E107BF5E1C0FEF29678C9B0884
:204B1C000A0DE707AC5EEA04390294260300E30F78C411F8D610E29E6F192208E497691F32
:204B3C005A08DD986F13BD03DDA76212E510E49C67171408E2A36F192409E49C691F52099C
:204B5C00DDA46F136C04DDB36212B311E4A86717F7092510140C94080A05E30FB65E0CF8EA
:204B7C00100CDF52411BDD56691F200A4423A718080DE90971C2E495BE0F9F180305EF0334
:204B9C0075BD94260331E5327AC41137D612CA5FC4073F159D180A0DE70771C2F093B902E1
:204BBC003F1E94040C0DE309B15EF00B3C0F4C0903062908E5119F080305EF03AD590C064C
:204BDC00030CE65169191D08F04E671F2908DD536B172710E85A62173704DF566225340404
:204BFC00E66769195008F082671F4E083F509D180A0DE70771C2F094B9023F6094140C0D09
:204C1C00E30976C2F09BBC0F4C4B94160C05E30F7CC2DD9ACA03413F94260301E50F78C4CA
:204C3C00E29ECA0999201005DC057CC29B200E35DC2A86BE0E32C31EC553C00F463399189E
:204C5C001607E10F7EC2DD9BC0079B200E05DC0786BE96130343DC267CCA1339C810D8592B
:204C7C00BC0F4C1E94160C05E30F7CC2DD9BCA03411294260301E50F78C4E29CCA094418C5
:204C9C00A1080303E507B366E80937075205050320166F059D100A07E107BE601100101017
:204CBC00DD494A0A46249F180305EF0373BDDDADB7039D200A07E10786C499201035DC28CD
:204CDC007CC2133FCE10C557CA03410B94160301E50FB360E2094A09441110082006520934
:204CFC009B100E05DC07BE5A0EF3031EDD474A12461E99181607E10F7EC2DD9EC0079B20DE
:204D1C000E05DC0786BE96130343DC267CCA1339C810D859BC0F4C1094060C05E30FB75ED8
:204D3C00DD094A034104031620042C119B0A0805EF09B06619F8030EE65148124A1C9418E0
:204D5C001601DE0271D0DD9DC00F9B1A0805EF0978CAA1180333E52A7ACA1737C310D8532C
:204D7C00B9023F1E94040C0DE309B15EF00B3C0F4C090306290804109F080305EF03AD59C3
:204D9C000C06030CE666480C441CA71A080DE90771C0E6A2BE0F9F180305EF0375BD9426ED
:204DBC000331E5327AC41137D612CA5FC4073F0E9D080A0DE707AC5EF00539023F1703049C
:204DDC002910DE0A99081607E10FB85E0CF60C10E4584C0A3F1CA7140500DC1571BEE6AB56
:204DFC00BE0999181607E10F80C294160C35E3327EC20C37D60CC752B7153F0C9D100A077D
:204E1C00E107BF60E21144073F070C082710BC0894081601DE02AB6C0CF40C18E44D460F88
:204E3C00F04E461CEA4D62151D08463F9F180305EF0373BDDDB3B703483F9B1A0805EF09F2
:204E5C0076CAEAA6B70548309B200E05DC0784BEDFA5B71594140C0DE30978C2A71A083D02
:204E7C00E92A73C01537CA18991704F8CA0396030313DC03A036E40DBC07A70A080DE9075B
:204E9C00932CE6087E0F4A1094081601DE02AC6CDD05400F460B0808527299101005DC05C2
:204EBC00B45E13000E10DD4B5409DF486225190448379B1A0805EF0976CAEAA7B7059D18C8
:204EDC000A0DE70773C2A7140530DC3873BE153FCA12CA57CA09442BA1180303E50778CAC7
:204EFC00E8A8B707A7140500DC1573BE9D200A37E12A86C4113FD010C555C00746189F08FD
:204F1C000305EF03AE59DD17370348110A0A4435A70A080DE907AB5C15F80A18E85C410AE5
:204F3C00521896130313DC037ACAE4ABBC07A71A080DE90773C09D180A3DE72A73C21F332A
:204F5C00C50BC565B70348189B0A0805EF09B166EA09370548090A104A1094081601DE02D9
:204F7C00AC6CDD053E0F460B99081605E10FB95E1707E92732929F080305EF03AE59DD162D
:204F9C0037029B200A07E10784C21100D010DD586917F510E8AB4117F0B464120F17DDB758
:204FBC00691F4F0BE2BD75178311EABE6217E9092710100A94081601DE02AB6C0CF30A1805
:204FDC00E44B67173508E2526F172708E44B691F4308DD4C75134B03DD6362126010E45A7F
:204FFC0067177C08E2626F177908E45C691F9408DD5F75139B03DD6E6212B010270AB30817
:20501C00A718080DE90771C2E458BE0F2B08AD08A7140500DC1571BDE4B6BE099918160580
:20503C00E10F80C294180A35E3327EC20C37D60CC752B7152003A0109B1A0805EF0776CA0D
:20505C00EAAFB7079B180A0DE70773C2A7140530DC3873BD133FCA12CA57CA0725109208CD
:20507C0094180A05E30F7CC2DDB0CA0396130313DC027ACA9B1A0835EF2A78CA1937C3107E
:20509C00CC57BE0F4A7694181601DE0271D0DDA7BE0F9B1A0805EF0778CAA1180335E32A17
:2050BC007ACA1737C310D853B9023F7194130A0DE30976C2F0B3BC0FA1180305E3077ACA9A
:2050DC009F180335EF2675BD0C45C30BCC5FBE094450A718080DE90771C2E4B4BE0F9F18C6
:2050FC000305EF0375BD94260330E3327AC41137D610CA5FC4073F3D9B180A0DE70771C29F
:20511C00F0B1B90294260300E30F7AC499181635E13280C20C37CA10CC5FC2073F2AA714A4
:20513C000500DC1571BDE4B5BE0999181605E10F80C294180A35E3327EC20C37D60CC75253
:20515C00B7153F129B200A07E10784C2E2C0C4073F109B080A0DE707AC5EF00539023F1728
:20517C00030327103A0B99081605E10FB85E0CF80A10E4544C0A3F1CA7140500DC1573BDE7
:20519C009B200A37E12A86C2113FD010C557BE079B200E05DC0784BEDF54B7153F0B9B10AC
:2051BC000A07E107BF5EE21144073F090A082710180994081601DE02AB6C0CF30A18E44ED0
:2051DC00460DF05A671F26083F2F9B180A0DE70773C2A7140530DC3873BD133FCA12CA5784
:2051FC00CA0799201005DC0778C2E4C1C2073F23A7140500DC1573BD9B200A37E12A86C2D7
:20521C00113FD010C557BE079B200E05DC0784BEDFB5B7153F0B9B100A07E107BF5EE21110
:20523C0044073F090A082710DC0894081601DE02AB6C0CF30A18E45C460FF05B461CEA5C3F
:20525C006217270846329F180305EF0373BDDDCBB70246329B1A0805EF0776CAEABFB707F9
:20527C009B180A0DE70773C2A7140530DC3873BD133FCA12CA57CA07441FA1180305E307C3
:20529C0078CAE8BEB707520C96030313DC02B366E40B3C07520908102D0898089B080A0D14
:2052BC00E707AB5E1FF4050BDD57410EE45469192408F051671F3C08DD54691746104A559E
:2052DC0094181601DE0271D0DDBBBE0F9B1A0805EF0778CAA1180335E32A7ACA1737C3100C
:2052FC00D853B9023F5794130A0DE30976C2F0C1BC0FA1180305E3077ACA9F180335EF26C5
:20531C0075BD0C45C30BCC5FBE094436A718080DE90771C2E4C2BE0F9F180305EF0375BD67
:20533C0094260330E3327AC41137D610CA5FC4073F239B180A0DE70771C2F0BFB90294267E
:20535C000300E30F7AC499181635E13280C40C37CA10CC5FC2073F10A1040500DC15AC59AB
:20537C00E4113E0944091608443DA10A0305E307B26617F80310EA5043053F2A94130A0D69
:20539C00E30976C2F0C4BC0FA11A0305E3077ACA9F180335E92675BD0C45C30BCC5FBE091C
:2053BC004410A708080DE909AC5EE4093E0F4A0903084C0C96030313DC02B366E40B3C07F5
:2053DC00520999101007DC07B35E1E0F6C1C03087D040D1B031620030E289B1A0805EF070F
:2053FC0076BA2409E257938D9B100E05DC07B95ADF03371594130A0DE30976C21FF8C81820
:20541C00EA0A62173208E4CD6D177908EAC264129016DDC5691FC30AE2D7751756114BCA93
:20543C0016F86917EB1049D816F86F13FD033E1617F3691F670B43382AF8671F980B3E4872
:20545C001EF8691FB7093E5824F46412D617200328129B0A0805EF07B06619FA0310E44953
:20547C00691F2008DD4B6F131B03DD5A62122410E45967173508E2606F192708E45C691F00
:20549C0037083F37A1140500DC1571BDE4CDBE094437A718080DE90971C2E4CABE0F4A3081
:2054BC0094181001DE0271D03EC31D00BE094428A718080DE90971C245381E00C2073F20E5
:2054DC00A1140500DC1571BD45801CFABC07521899201007DC0778C245D023F8B7074C0C9C
:2054FC0096030313DC02B366E40B3C07520908102D0AD7099B080A0DE707AB5E19F4050B60
:20551C00DD59410546189B1A0805EF0776CAEAC8B70746109B100E05DC07B95ADF043715F4
:20553C003F040A10270AC209A708080DE909AB5E13F80A18E838410A4C2196130313DC0295
:20555C0078CA45AA1BF8CA0799201007DC077AC29B200E35DC2A80BE0E32C31E3E034A102D
:20557C004C19BC07A708080DE9099D2EE408BE0F4A1094081001DE02AC6CDD043E0F460B2F
:20559C00080833089311A10A0305E307B26617F80310EA5843053F3394130A0DE30976C24B
:2055BC0051B81B00C40994180A05E30F7EC294181031DE2573D00C32CA18450A4808581790
:2055DC00BC0FA10A0305E307A436E808B7074C0C96030313DC02B366E40B3C07520908101C
:2055FC002D0A5F099B080A0DE707AB5E19F4050BDD59410546199B1A0805EF0776CA4BDA2A
:20561C0016F8BE0746189F080305E903AE59DD17370246110A0A2508570999101007DC07D3
:20563C00B25E13000E10DD384E09DF506225220346499B1A0805EF0776CA4BEA16F8BE0737
:20565C009B200E05DC0780BE96130343DC257ACA1339C810510848105219B7079B080A0D53
:20567C00E7079D2EEA04B9023F3A94130A0DE30976C251F81B00C40994180A05E30F7EC233
:20569C0094181031DE2573D00C32CA18450A48085817BC0FA10A0305E307A436E808B7079D
:2056BC004C0C96030313DC02B366E40B3C07520908102D0AF6089B080A0DE707AB5E19F438
:2056DC00050BDD61410546199B1A0805EF0776CA4B0A17F8BE0746189F080305E903AE599A
:2056FC00DD17370246110A0A2508EE0899101007DC07B25E13000E10DD554E06412094264E
:20571C000300E30F78C443182AF8BC0FA11A0305E3077ACA9F180335E92675BD0C45C30BB4
:20573C0045104A0A4A17CA0799101007DC07A42EE410C2073F10A7040500DC15AC5AE61153
:20575C003E094409160A2510B90894060C05E30FB65E0CF8160CDF49411ADD594A1A461B2E
:20577C0099181607E10F7EC23E4620F8BE0F4A1894181601DE0271D03E542000BE09441093
:20579C00A70A080DE907AC5CE6093E0F4A0903083304890394160301E50FB26011F81612ED
:2057BC00E2544E0A3F239D180A0DE70771C2516419F3B71594140C0DE30978C2A71A083D76
:2057DC00E92A73C01537CA18490843085813B90294160301E50FA430E208CA094418A1083F
:2057FC000303E507B366E8093707520505033F6B94040C0DE309B05E1FFA0818EA49410BE7
:20581C00E64C691F2D083F41A7140500DC1571BE47801EFABC07A71A080DE90773C09D18CD
:20583C000A3DE72A73C21F33C50B3E1643044E1FBE0999081607E10FAA2EDD06C007463424
:20585C009F180305EF0373BD3E9617F4C00F9B1A0805EF0978CAA1180333E52A7ACA173711
:20587C00C310510445034525B7039D100A07E107B030E210C4073F0E9D080A0DE707AC5E34
:20589C00F00539023F17030448189B0A0805EF09B166EA09370548099B100E05DC07BF5A04
:2058BC001902E2352B879D100A07E107BF60E210440794160C05E30F7CC20C07D60C407353
:2058DC00151662F43810458A1A0875FA17124BB817066BF88C1049D8170875F4C9033E0682
:2058FC0017046B00100B43182B0A6700AE093E46210869003B093EA82B0464F329183EC434
:20591C00211069FA590A51DA1D106FF8750847F81F106DF89F0A3304EC0594160301E50FF2
:20593C00B26011F81612E2516F171806E64A691F2808DD4B75132403DD5C62133010E45749
:20595C0067173F0AE2636F173106E65F691F41083F41A7140500DC1571BE47C01EFABC070A
:20597C00524299201005DC057AC245E022F8B707523496130313DC037ACA45FA1CF8CA0901
:20599C004438A1180303E50778CA494818F8CA03412394260301E50F78C443182BFABC0F77
:2059BC004C2094160C05E30F7CC23E8828F4B9023F2694140C0DE30976C251AA1D00C407AA
:2059DC003F0E9D080A0DE707AC5EF00539023F17030429109A0C99081607E10FB85E0C0569
:2059FC000C104510110862F821044013061662F41310452A0B0875FA0B104C3294160C0555
:205A1C00E30F7CC23EC82AF4B90294260301E50F7AC499181637E13280C20C35CC104510A6
:205A3C004E084517CA0396030313DC03A636E40ABC07A70A080DE907932C9D080A3DE72A3E
:205A5C00AB5E1F33050B8E2520F4800F461299081607E10FB95EDD07400746110E0820088C
:205A7C00600696030313DC03B46613090810510A0B106FF80E0647180D106DF80A0851246F
:205A9C00080362060604483A9B1A0805EF0976CA4BE817F6C0079B200E05DC0786BE96134C
:205ABC000343DC267CCA1339C810510A48105217B7059D080A0DE7079D2EF004B902941672
:205ADC000301E50F9A3099081637E132B85E0C350C10951F2BF87707520C96030313DC0333
:205AFC00B566E40B3C07520B08102D0807089D080A0DE707AB5E1FF4050BDD694106482DAC
:205B1C009B1A0805EF0976CA4B0818F6C0079B200E05DC0786BE96130343DC267ACA1339D1
:205B3C00C810510848105217B7079B080A0DE7079D2EF004B9023F1E94030A0DE309B15E71
:205B5C00F0093C0F4C0903082708DF119F080305EF03AD590C06030BE4514812E24A751758
:205B7C002A10EA536217450846659F180305EF0373BD3E6618F3BE0F9B1A0805EF0778CACA
:205B9C00A1180335E32A7ACA1737C310510445034525B7029B100A07E107B02EE210C40787
:205BBC003F489B180A0DE70771C251641AF3B71594130A0DE30978C2A718083DE92A73C299
:205BDC001337CA18490843085813B90294160300E30FA430E208CA074434A1180305E3076A
:205BFC0078CA497818F8CA0396130313DC027ACA9B1A0835EF2A78CA1937C31045084A10B1
:205C1C005017B707A7040500DC159D29E410BE094410A708080DE907AC5EE4093E0F4A0982
:205C3C00030833046D0494160300E30FB26011F81610E2406F172A08E439691F3208DD3AE5
:205C5C0075132603DD59410546569B1A0805EF0776CA4B2818F8BE079B200E05DC0786BE2A
:205C7C0096130343DC257ACA1339C810510848105217B7079B080A0DE7079D2EF004B902B6
:205C9C003F4794130A0DE30976C251381D00C40794180A05E30F7EC294181631DE2573D0E9
:205CBC000C32CA18450A48085817BC0FA1080305E307A436E808B707A7040500DC1593294F
:205CDC009B100A37E12ABE5E113F10108E1727F87E0F4A1094081601DE02AC6CDD043E0FA1
:205CFC00460B080833080F11A1080305E307B26617F80310F05743053F3394130A0DE3094C
:205D1C0076C251881D00C40794180A05E30F7EC294181631DE2573D00C32CA18450A480889
:205D3C005817BC0FA1080305E307A436E808B707520C96030313DC02B366E40B3C07520959
:205D5C0008102D08DB089B080A0DE707AB5E1FF4050BDD684105462D9B1A0805EF0776CA2D
:205D7C004BB818F8BE079B200E05DC0786BE96130343DC257ACA1339C810510848105217C8
:205D9C00B7079B080A0DE7079D2EF004B9023F1E94030A0DE309B15EF0093C0F4C0903085D
:205DBC002708B3109F080305EF03AD590C06030BE451480EE25354124421A1180305E307D8
:205DDC0078CA49D818F8CA03411394260300E30F78C443F82BF8BC0F4C1094080A05E30F06
:205DFC00B75EDD094A034104031620038E109B0A0805EF07B06619F80310E44C48124A2545
:205E1C0094181601DE0273D094130A3DE32C78C21F37C8184B0843084C17BE0F9F08030596
:205E3C00EF039F29DD16B7029B200A07E10784C243F025F8B70746109B100E05DC07BF5AC8
:205E5C00DF0437153F040A10465F99081605E10FB85E0CF80A10E4564C0DDD5575132403A1
:205E7C003F4F94130A0DE30978C2A718083DE92A73C21337CA18490843085813B9029416B0
:205E9C000300E30FA430E208CA0799201005DC0778C2451024F8B707522896130313DC0231
:205EBC007ACA9B1A0835EF2A78CA1937C31045084A105017B707A7040500DC159D29E410EB
:205EDC00BE0999181605E10F7EC23E1820F8BE0F4A1094081601DE02AC6CDD043E0F460B24
:205EFC000808521099101005DC07B35EE41142073F091604410A94160300E30FB360E209DA
:205F1C004A0799101007DC07B35E1E0FED27B197A1040500DC15AC59E4103E099918160530
:205F3C00E10F7EC40CF8CA10E4106D172308EAC16412C516DDC2691FE30AE2CA75171A111F
:205F5C00EACE62176309E4DF6D17680AEAD464129218DDD5691FFC0CE2E07517C4124BCA76
:205F7C0016F8691739112B08AC0BA1040500DC15AB5913000A12E24975173210EA4D6217CC
:205F9C003808E4546D173508EA4A64123A16DD4B691F450AE25175174710EA5462174D0891
:205FBC00E45D6D174B08EA5364124F16DD53691F5B0AE25A75175E10EA5D62176508E464CD
:205FDC006D176308EA5B641268163F6E9B200A07E10784C2E2CDC4093F739B180A0DE707F0
:205FFC0071C2EAC6B9023F7A94130A0DE30976C251C81B00C4093F649B180A0DE70771C2BD
:20601C00EAD3B9023F6B94130A0DE30976C2F0FBBC0F4C5894180A05E30F7CC2DD03C40374
:20603C00414A94260300E30F78C443B82CF8BC0F4C4994180A05E30F7CC2DD05C403413B3F
:20605C0094260300E30F78C443382AF8BC0F4C3A94180A05E30F7CC23E7822F4B9023F3E5C
:20607C0094130A0DE30976C251A81A00C4093F289B180A0DE70771C24BE417F3B7153F1B91
:20609C009B200A07E10784C243D025FAB70746189B200E05DC077EBE40731606B7024618C9
:2060BC009B0A0805EF07B166EA0B370746090A102B080E0BA1040500DC15AB5913000A124F
:2060DC00E257540A4418A11A0305E30778CAE8C7B7074C0C96030313DC02B366E40B3C0725
:2060FC00520908102D0AF40A9B080A0DE707AB5E19F4050BDD5C4108E46869191E08522F17
:20611C0099201007DC0778C2E4D0C20794181001DE0273D094130A3DE32C78C21F37C818AC
:20613C00D259B70746239B200E05DC077EBEDFC4B71594130A0DE30978C2A718083DE92C98
:20615C0073C21337CA18D057B7074C0C96030313DC02B366E40B3C07520908102D0AB80A41
:20617C009B080A0DE707AB5E19F4050BDD5762122510E44F460DF05C671F280A3F209B18BC
:20619C000A0DE70771C2EAC7B90294260300E30F7AC499181635E13280C40C37CA10CC5FB7
:2061BC00C2073F141004410D03163F0B9B100A07E107BF5EE21144093F090A082710930AB3
:2061DC0094081001DE02AB6C0CF30A18E451460A521099201007DC0778C2E4D4C2073F103A
:2061FC00A1040500DC15AC59E4113E094409160825107B0C94080A05E30FB65E0CF8100CAF
:20621C00DF336225EE03E44169192408F03A671F3D0ADD3B69175510E83C62176C04DF38ED
:20623C0062257003E44669198508F03F671F9D0ADD406917AF10E8416217C5042203E416CD
:20625C0094130A0DE30976C2F0CDBC0FA11A0305E3077ACA9F180335E92675BD0C45C30B78
:20627C00CC5FBE092508EA0899201007DC0778C2E4D6C20794081001DE02973CDD05BE0F72
:20629C009B1A0805EF0778CAA11A0335E32A7ACA1737C3109B1306F3B71594030A0DE30976
:2062BC00982EF0087C0F2D0AB6089B180A0DE70771C2EACBB90294260300E30F7AC499188B
:2062DC001635E13280C40C37CA10CC5FC2072008AF0496130313DC0278CAE4D2BC07A718FD
:2062FC00080DE90973C29B180A3DE72A73C21F33C50BC565B7032910950A99181607E10F6A
:20631C007EC2DDCFC0079B200E05DC0786BE96130343DC267CCA1339C810D859BC0F4C7F97
:20633C0094160C05E30F7CC2DDD2CA0396130313DC037CCA9B1A0835EF2C78CA1937C30E86
:20635C00CE57BE0F4A6C94181601DE0271D0DDCFC00F9B1A0805EF0978CAA1180333E52A20
:20637C007ACA1737C310510445034525B7039D100A07E107B030E210C4073F4F9D180A0D3E
:20639C00E70771C2F0D0B90294260301E50F7AC499181637E13280C20C35CC10CC5FC207F1
:2063BC003F3EA7140500DC1571BEE6DDBE0999181607E10F80C294160C35E3327EC20C3757
:2063DC00D60C400343164513C00F9B0A0805EF09A236EA08B70548239B200E05DC0784BE6E
:2063FC00DFD1B71594140C0DE30978C2A71A083DE92A73C01537CA18D057B707520C9603C8
:20641C000313DC03B566E40B3C07520B08102D085F079D080A0DE707AB5E1FF4050BDD5704
:20643C00410BE6584816E254751919104C1E94160C05E30F7CC2DDD8CA034119942603017C
:20645C00E50F78C4E2E0CA09441FA1180303E50778CAE8DAB707520C96030313DC03B56684
:20647C00E40B3C07520B08102D0832079D080A0DE707AB5E1FF4050BDD67410648319B1A5C
:20649C000805EF0976CAEAD9B7059D180A0DE70773C2A7140530DC3873BE153FCA1293171E
:2064BC0017FABC0FA1080303E5079E36E809B707A7040500DC15932AE6107E094410A70AE6
:2064DC00080DE907AC5CE6093E0F4A0903083304010394160301E50FB26011F81612E26394
:2064FC004E0A3F279D180A0DE70771C2F0DDB90294260301E50F7AC499181637E13280C20A
:20651C000C35CC10951F0FF8B707A7040500DC15972AE613BE0999081607E10FA02EDD0648
:20653C00800746189F080305EF03AE59DD17370348110A0A2508DF0A99101005DC05B45E50
:20655C0013000E10DD495413DF4562253104E65569199308F052671F5808DD526B176F10D1
:20657C002B08A608A7140500DC1571BEE6E3BE0999181607E10F80C294160C35E3327EC26E
:20659C000C37D60C90120406B7039D100A07E107AA30E215C40794060C05E30F9E2EDD08C4
:2065BC008A0322038C1694140C0DE30976C2F0DEBC0FA1180303E5077ACA9F180335EF26FA
:2065DC0075BD0C45C30C971F0BFABC07A70A080DE907972CE60DBE0F9F080305EF03952937
:2065FC00DD16770348789B1A0805EF0976CAEADEB7059D180A0DE70773C2A7140530DC38E1
:20661C0073BE153FCA12931717FABC0FA1080303E5079E36E80DB707A7040500DC15932AF7
:20663C00E6107E094450A71A080DE90771C0E6DFBE0F9F180305EF0375BD94260331E532BC
:20665C007AC41137D612931F11F8B7059D080A0DE707972EF009B90294160301E50F9A30AA
:20667C00E2088A094438A1180303E50778CAE8DDB707A7140500DC1573BE9D200A37E12AAA
:20669C0086C4113FD0108E150DF8BE0F9F080305EF039929DD17B7039D100A07E107A63062
:2066BC00E21084073F0E9D080A0DE707AC5EF00539023F17030448189B0A0805EF09B16692
:2066DC00EA09370548099B100E05DC07BF5A1902E235CF8F9B100A07E107BF5EE2104407D6
:2066FC0094180A05E30F7CC20CF8D60CDFDD62251F04E4EB69193B09F0E4671F5A09DDE632
:20671C0069179C11E8E76217BE05DFE36225C104E4F269196C09F0FB671F2408DDFC691754
:20673C006910E8FD62178C04DFF962259003E4076919AC0851481B006F17C9082708D511A3
:20675C009F080305EF03AD590C06030BE45369191A08F04C671F2708DD4E69172510E8556D
:20677C0062173504DF5362252603E46269192F08523499201005DC0778C2455021F8B7078D
:20679C00522F96130313DC0278CAE4E8BC07522C99201005DC0778C2E4F2C2073F25A714C7
:2067BC000500DC1571BDE4F4BE09441EA718080DE90771C2E4F7BE0F4A1794181601DE02F5
:2067DC0071D0DDF7BE0F461299081605E10FB95EDD093E0746110E0820089A059603031392
:2067FC00DC02B26613FA0810F06D46124C1094180A05E30F7CC2DDFDCA03410B94160300C6
:20681C00E30FB360E2094A0744111008200874099B100E05DC07BE5A0EF3031EDD76481281
:20683C00461299181605E10F7EC2DDFEBE0746189F080305EF03AE59DD17370246110A0AAA
:20685C002508660999101005DC07B25E13000E10DD6D5406410B94260300E30F78C4E2FFE2
:20687C00CA074418A1080305E307B366E809370752050503201639049B100A07E107BE5E5A
:20689C0011001010DD7C480A46249F180305EF0373BDDD0EB7029B200A07E10786C299205C
:2068BC001035DC2A7AC2133FCE10C557CA03410B94160300E30FB360E2094A074411100875
:2068DC0020081A099B100E05DC07BE5A0EF3031EDD334815E46B67172D08442CA1180305D6
:2068FC00E30778CA494816F8CA0396130313DC027ACA9B1A0835EF2A78CA1937C310CC5770
:20691C00BE0F4A1794181601DE0271D0DDDDBE0F461299081605E10FB95EDD093E07461125
:20693C000E082008F50496030313DC02B26613FA0810F07446124C1094180A05E30F7CC237
:20695C00DDE3CA03410B94160300E30FB360E2094A07441110082008CF089B100E05DC0747
:20697C00BE5A0EF3031EDD6C4812461299181605E10F7EC2DDE4BE0746189F080305EF0345
:20699C00AE59DD17370246110A0A2508C10899101005DC07B25E13000E10DD6A540641176B
:2069BC0094260300E30F78C4E2E5CA0799201005DC077AC29B200E35DC2A86BE0E32C31EE2
:2069DC00C552BE0F461299081605E10FB95EDD093E0746110E0820089B0496030313DC02B0
:2069FC00B26613FA0810F07446124C1C94180A05E30F7CC2DDEBCA0396130313DC027ACAB9
:206A1C009B1A0835EF2A78CA1937C310CC57BE0F4A1094081601DE02AC6CDD043E0F460B76
:206A3C000808526799101005DC07B25E13000E10DD775406410B94260300E30F78C4E2E7E1
:206A5C00CA074418A1080305E307B366E8093707520505033F5C94030A0DE309B05E1FF851
:206A7C000818EA7F410A46109B200E05DC0784BEDFE3B7153F0B9B100A07E107BF5EE21151
:206A9C0044073F090A08463D9F080305EF03AD590C06030BE47E480C441CA718080DE90711
:206ABC0071C2E4E9BE0F9F180305EF0375BD94260330E3327AC41137D610CA5FC4093F1057
:206ADC009B080A0DE707AC5EEA0539023F17030346189B0A0805EF07B166EA0B37074609C3
:206AFC009B100E05DC07B95A1902E235C28C9B100A07E107BF5EE210440994180A05E30F99
:206B1C007CC20CF8D00CDFE762252803E4F569196108F0EE671F800ADDEF69179D10E8F040
:206B3C006217BA04DFEC6225D003E4FA6919EC08F0F4671F170BDDF569172811E8F762171A
:206B5C005005DFF362255904E4016919740933089711A10A0305E307B26617F80310EA473F
:206B7C00430DDD5A4112E47569192308F071671F210A3F259B180A0DE70771C2EAE9B9022A
:206B9C003F3394130A0DE30976C2F0EFBC0F4C2094180A05E30F7CC2DDF4C40341129426DF
:206BBC000300E30F78C4E2F1CA074418A10A0305E307B366E80937074C05050320166204AE
:206BDC009B100A07E107BE5E11001012DD5B480A46189F180305E90373BDDDFCB7024618F3
:206BFC009B0A0805EF07B166EA0B370746090A102B084809A1040500DC15AB5913000A12CC
:206C1C00E239540A4424A11A0305E30778CAE802B707A1140500DC1573BD9B200A37E12AFE
:206C3C0086C2113FD012C557BE0746189F080305E903AE59DD17370246110A0A25083509DA
:206C5C0099101007DC07B25E13000E10DD584E06410B94260300E30F78C4E2F0CA07441875
:206C7C00A10A0305E307B366E80937074C050503201608049B100A07E107BE5E1100101285
:206C9C00DD39480A46249F180305E90373BDDD0FB7029B200A07E10786C299201037DC2A84
:206CBC007AC2133FCE10C557C403410B94160300E30FB360E2094A074411100A2008E908A7
:206CDC009B100E05DC07B85A0EF3031EDD764812461299181605E10F7EC4DDF2BE074618CE
:206CFC009F080305E903AE59DD17370246110A0A2508DB0899101007DC07B25E13000E104A
:206D1C00DD7B4E06411794260300E30F78C4E2F3CA0799201007DC077AC29B200E35DC2ACF
:206D3C0080BE0E32C31EC552BE0F461299081605E10FB960DD093E0746110E082008AF0464
:206D5C0096030313DC02B26613FA0810F07646124C1294180A05E30F7CC2DDF5C403410B61
:206D7C0094160300E30FB360E2094A074411100A20088F089B100E05DC07B85A0EF3031E06
:206D9C00DD6C4812461E99181605E10F7EC4DDF6BE079B200E05DC0780BE96130343DC255B
:206DBC007ACA1339C810D857BC0F4C1294080A05E30FB75EDD094403410403163F629B106E
:206DDC000A07E107BE5E11001012DD7A480A46189F180305E90373BDDD06B70246189B0ACE
:206DFC000805EF07B166EA0B370746090A104A4E94081001DE02AB6C0CF30A18E479460AB7
:206E1C00521099201007DC0778C2E401C2073F10A1040500DC15AC59E4113E0944091608C3
:206E3C00443DA10A0305E307B26617F80310EA6B43053F2A94130A0DE30976C2F0FABC0F41
:206E5C00A11A0305E3077ACA9F180335E92675BD0C45C30BCC5FBE094410A708080DE909DA
:206E7C00AC5EE4093E0F4A0903084C0C96030313DC02B366E40B3C07520999101007DC0726
:206E9C00B35E1E0FED27F58FA1040500DC15AC59E4103E0999181605E10F7EC40CF8CA1049
:206EBC00E40B6D172D08F00164127F16DD026B1F240B434826FA671F63093E761CF8691F8D
:206EDC00B5093E8826F46412A6173EC41C006919FC0951EA18006F171A0847F81A006D1748
:206EFC00540A514416F362258D0647C020FA6717400A2510D10A94060C05E30FB65E0CF8B2
:206F1C00160CDF4941183F189D200A07E10784C4E20CC40794160C05E30F7EC294181631C4
:206F3C00DE2573D00C33CC18CC59BC07521299101005DC05B55EE41142073F091604220309
:206F5C00A51894040C0DE309B05E1FFA0818EA4A410848259B200E05DC0784BE40C3190675
:206F7C00B7039D200A07E10786C499201035DC287CC2133FCE103E0856044712B71594046E
:206F9C000C0DE309A22EF00ABC0F4C1094060C05E30FB75EDD094A034104031620047F12E7
:206FBC009B0A0805EF09B06619F8030EE649691F2608DD4C75132103DD5C62134610E452DF
:206FDC006717950AE25B6F173F06E655691F5B08DD5675135703DD6A621377104683991878
:206FFC001607E10F7EC2DD04C00746899F180305EF0373BD3E2613F4C00F9B1A0805EF09DC
:20701C0078CAA1180333E52A7ACA1737C310A11306F3B71594040C0DE3099C2EF012BC0F02
:20703C00A1080303E5079A36E8087707525C96130313DC037ACA454A18F8CA094460A118FC
:20705C000303E50778CA497813F8CA0396130313DC037CCA9B1A0835EF2C78CA1937C30EF3
:20707C00CE57BE0F4A4494181601DE0271D03E841C00BE09443CA71A080DE90773C09D18BD
:20709C000A3DE72A73C21F33C50B3E1643044E1FBE0999181607E10F7EC23E2620F8BE0F0F
:2070BC009F080305EF039F29DD16B70348289B1A0805EF0976CA4BC813F6C00746209F1834
:2070DC000305EF0373BD3EF613F4C00F461299081607E10FB95EDD07400746110E08200883
:2070FC00E80596030313DC03B46613FA0810F03A4615EA396215220846389F180305EF0342
:20711C0073BDDD15B7039D200A07E10786C499201035DC287CC2133FCE10C557CA03411FBE
:20713C0094260301E50F78C4430826FABC0FA1180303E5077ACA9F180335EF2675BD0C4599
:20715C00C30CCE5FBE094410A70A080DE907AC5CE6093E0F4A09030833049A049416030121
:20717C00E50FB26011F81612E2514E0DDD486B172E104A4B94181601DE0271D03E841D00F1
:20719C00BE0999181607E10F80C294160C35E3327EC20C37D60C90120406B7039D100A0783
:2071BC00E107AA30E214C40794060C05E30F9E2EDD088A03412C94260301E50F78C443A80F
:2071DC0027FABC0FA1180303E5077ACA9F180335EF2675BD0C45C30C971F0BFABC07A70A33
:2071FC00080DE907972CE60CBE0F9F080305EF039529DD16770348189B0A0805EF09B166FF
:20721C00EA09370548090A102B084009A7040500DC15AB5A15000A12E2385412E2416F173C
:20723C001D06E63A691F39083F45A7140500DC1571BE47A01AFABC07A71A080DE90773C00B
:20725C009D180A3DE72A73C21F33C50BC565B70348409B1A0805EF0976CA4BA813F6C00785
:20727C009B200E05DC0786BE96130343DC267CCA1339C810D859BC0F4C2494160C05E30F89
:20729C007CC23EB826F4B90294260301E30F7AC499181635E13280C20C37CA10CC5FC20779
:2072BC003F10A7040500DC15AC59E4113E09440916082510F80894080A05E30FB65E0CF82C
:2072DC00160CDF4541183F189B200A07E10784C243E020F8B7079B180A0DE70773C2A71401
:2072FC000530DC3873BD133FCA12CA57CA074418A1080305E307B366E8093707520505033B
:20731C002016C4039B100A07E107BE5E11001010DD38480DE4416D171A08522D96130313F0
:20733C00DC0278CA450A19F8CA0799201005DC077AC29B200E35DC2A86BE0E32C31EC55273
:20735C00BE0F462699181605E10F7EC23E181BF8BE0F9F180305EF0375BD94260330E332C1
:20737C007AC41137D610CA5FC4073F109B080A0DE707AC5EF00539023F17030327108D0A36
:20739C0099081605E10FB85E0CF80A10E4404C0DDD3975131C033F3F94130A0DE30976C257
:2073BC0051281900C40794180A05E30F7EC294181631DE2573D00C32CA18CC59BC075224B0
:2073DC0099201005DC0778C245401FF8B707A7140500DC1573BD9B200A37E12A86C2113FCC
:2073FC00D010C557BE0746189F080305EF03AE59DD17370246110A0A444DA708080DE907CD
:20741C00AB5E13F80A18E838410DF03564121A163F2C9B200A07E10784C2436021F8B70702
:20743C009B180A0DE70773C2A7140530DC3873BD133FCA12CA57CA07442CA1180305E307D4
:20745C0078CA496814F8CA0396130313DC027ACA9B1A0835EF2A78CA1937C310CC57BE0F03
:20747C004A1094081601DE02AC6CDD043E0F460B0808521099101005DC07B35EE41142070A
:20749C003F09A7040500DC15AC591E0FE929F68CA708080DE907AC5EE4083E0F9F1803056B
:2074BC00EF0373BD0C15C30B45E01B0A67F841084380220862F822094590200862F863057C
:2074DC004033171662F30E10270AC009A708080DE907AB5E13F80A18E84B410A520D961313
:2074FC000313DC0278CA45DA19F8CA074418A1080305E307B366E809370752050503201665
:20751C00A7049B100A07E107BE5E11001010DD4969172010E84B62174B04DF4762254A03E8
:20753C00E45569196808F05A671F8108DD5B69179910E85C6217C3042203CF1694130A0DFE
:20755C00E30976C251E81900C40794180A05E30F7EC294181631DE2573D00C32CA189519DA
:20757C0009F8CA0799101005DC079E2EE411C20794081601DE02933CDD037E0F270AB90831
:20759C00A718080DE90771C245381C00C20794181601DE0273D094130A3DE32C78C21F3703
:2075BC00C818D257B7072708A6109F180305EF0373BD3E2615F3BE0F9B1A0805EF0778CAEF
:2075DC00A1180335E32A7ACA1737C310510445034525B7029B100A07E107B02EE210C4072D
:2075FC003F879B180A0DE70771C2512417F3B71594130A0DE30978C2A718083DE92A73C243
:20761C001337CA18D057B707526F96130313DC0278CA450A1AF8CA0799201005DC077AC27E
:20763C009B200E35DC2A86BE0E32C31E8E120B00BE0999081605E10FA42EDD09BE079B107F
:20765C000E05DC07A62ADF0377153F4D9B200A07E10784C2437022F8B7079B180A0DE70711
:20767C0073C2A7140530DC3873BD133FCA12931717F8BC0FA10A0305E3079E36E80AB707B2
:20769C00A1040500DC159329E4107E094431A718080DE90971C245F81B00C20794181001B0
:2076BC00DE0273D094130A3DE32C78C21F37C8189B1904F8BE079B100E05DC07A42ADF0754
:2076DC00B71594030A0DE309982EF0087C0F4C1294080A05E30FB75EDD0944034104031644
:2076FC002003BD109B0A0805EF07B06619FA0310E45B691F2F08DD6B4E06412894260300DA
:20771C00E30F7AC499181635E13280C40C37CA1045104E084517C40396030313DC02A43678
:20773C00E40ABC07A718080DE90971C245981E00C2073F18A1140500DC1571BD45901CFAA4
:20775C00BC07521099101007DC07B35EE41142073F091004417C94160300E30FB26011F823
:20777C001610E2536F194808E4584815E86B62173404415D94260300E30F78C4439828F899
:20779C00BC0FA11A0305E3077ACA9F180335E92675BD0C45C30B951F0BFABC07A708080D82
:2077BC00E909972EE40BBE0F9F080305E9039529DD16770246509B1A0805EF0776CA4BAAF2
:2077DC0017F8BE079B200E05DC0780BE96130343DC257ACA1339C810510848105219B70798
:2077FC009B080A0DE7079D2EEA04B9023F3A94130A0DE30976C251981D00C40994180A0568
:20781C00E30F7EC294181031DE2573D00C32CA18450A48085817BC0FA10A0305E307A43677
:20783C00E808B7074C0C96030313DC02B366E40B3C07520908104C1294080A05E30FB75ECB
:20785C00DD094403410494160300E30FB3601C07F5271493A10A0305E307B366E80837071E
:20787C00A1140500DC1571BD130FCA1243A828086700380A3EB81C0869004D083EE822042D
:20789C0064F396163EF31C1069FAD30851281B106FFA010845581D106DF8630A4B741803A2
:2078BC006206920545901D0A67F8C10A43D0250A62F82C094570240862F8D4052203D21893
:2078DC0094030A0DE309B05E1FF80818EA5D410A46119B200E05DC077EBE40B31506B70210
:2078FC0046189B0A0805EF07B166EA0B370746090A102B08BE0AA1040500DC15AB59130006
:20791C000A12E24D540DE2636F192708464B9B200E05DC077EBE40C31506B7029B200A0782
:20793C00E10786C299201037DC2A7AC2133FCE108E1711F4B90294160300E30F9E30E209CC
:20795C00CA0799101007DC079A2EE41082073F31A1140500DC1571BD45E01CFABC07A7184C
:20797C00080DE90973C29B180A3DE72A73C21933C50B8E2504F3BE0F9B0A0805EF079C3662
:20799C00EA0CB7079B080A0DE707932EEA0479023F1E94030A0DE309B15EF0093C0F4C0BA4
:2079BC00030827086D129F080305E903AD590C06030BE4544811E2515415E25D6F1916081F
:2079DC00462D9B200E05DC077EBE40F31506B70246349B1A0805EF0776CA4B2A16F8BE076A
:2079FC00462C9F180305E90373BD3E2616F3BE0F9B1A0805EF0778CAA11A0335E32A7ACAA6
:207A1C001737C310D253B9023F1E94030A0DE309B15EF0093C0F4C0B0308270831129F0884
:207A3C000305E903AD590C06030BE464480C442DA718080DE90971C245081D00C20794083B
:207A5C001001DE02973CDD14BE0F9B0A0805EF079436A10A0335E32A8E5602FA9418160183
:207A7C00DE0273D094140C3DE32C78C21F39C8189B1707F6C00746189F080305EF03AE59D9
:207A9C00DD17370348110A0A2508060B99101005DC05B45E13000E10DD5554064125942663
:207ABC000301E50F78C4433829FABC0FA1080303E5079E36E80BB707A7140500DC1573BE0B
:207ADC009D200A37E12A86C4113FD0108E150DF8BE0F9F080305EF039529DD167703481866
:207AFC009B0A0805EF09B166EA09370548090A102B08BF09A7040500DC15AB5A15000A123D
:207B1C00E24D75191B10EA5662153D08E45F6D174508F05764124A16DD586B1F560AE25FD4
:207B3C0075196D102D0887069D180A0DE70771C251441BF3B71594140C0DE30978C2A71A58
:207B5C00083DE92A73C01537CA18991704F8CA0396030313DC03A036E412BC07A70A080DF4
:207B7C00E907932CE6087E0F4A7194181601DE0271D03E342200BE0999181607E10F80C2C5
:207B9C0094160C35E3327EC20C37D60CC752B7153F599D200A07E10784C4437026F8B7055C
:207BBC0048559B200E05DC0784BE40531606B70348559B1A0805EF0976CA4B5819F6C007A0
:207BDC009B100E05DC07B02ADF03B71594140C0DE30978C2A71A083DE92A73C01537CA18FF
:207BFC00490843085813B9023F3F94140C0DE30976C2512A1E00C40794060C05E30FA22E73
:207C1C00DD0CCA0396130313DC037CCA9B1A0835EF2C78CA1937C30E97170B00C207940820
:207C3C001601DE02933CDD04800F461299081607E10FB95EDD07400746110E0820082C05E4
:207C5C0096030313DC03B46613FA0810F057671F5308DD5A6B176610E86E410DF076641264
:207C7C0022163F759D200A07E10784C4438026F8B7059D080A0DE7079D2EF004B902942683
:207C9C000301E50F7AC499181637E13280C20C35CC1045104E084517CA03415F94260301F0
:207CBC00E50F78C443882CFABC0FA1080303E507A436E808B707A7140500DC1573BE9D20FA
:207CDC000A37E12A86C4113FD0103E064C084C1FC2073F48A7140500DC1571BE47A020FA8E
:207CFC00BC07A70A080DE9079D2CE608BE0F9F180305EF0375BD94260331E5327AC41137FD
:207D1C00D612431050084515C00746349F180305EF0373BD3EB619F4C00F9B0A0805EF09BE
:207D3C00A236EA08B7059D180A0DE70773C2A7140530DC3873BE153FCA124308560A4A1F39
:207D5C00C4073F0E9D080A0DE707AC5EF00539023F1703042910940A99081607E10FB85E13
:207D7C000CF60C10E4644C0A3F2AA7140500DC1571BE47701DFABC07A70A080DE907972CD8
:207D9C00E60ABE0F9F180305EF0375BD94260331E5327AC41137D612931F11F8B7059D0898
:207DBC000A0DE707932EF00479023F1E94040C0DE309B15EF00B3C0F4C090306485E9B1074
:207DDC000E05DC07BE5A0EF3031EDD564A12461399181607E10F7EC23E861FF8BE0F4A1669
:207DFC0094181601DE0273D0DD04C00F9B0A0805EF09B166EA09370548090A104A3E940852
:207E1C001601DE02AB6C0CF40C18E44B460A522799101005DC05A62EE410C2079418160129
:207E3C00DE0273D094140C3DE32C78C21F39C8184B0843064E17BE0F9F180305EF0373BDE2
:207E5C003EA616F4BE0F461299081605E10FB95EDD093E0746110E083F10A7040500DC15A8
:207E7C00AC59E4113E094409A708080DE907AC5E1E0768240E087008CB0605032016B40593
:207E9C009B100A07E107BE5E11001010DD3849F859109F080305EF03AD590C06030BE44922
:207EBC0049194E08A708080DE907932E9B080A3DE72A932E6A24DF0D94160330E332B2603F
:207EDC001129161093112D1806F814F97E0F9F080305EF03992994160330E3329E3011373A
:207EFC00D610CA0FC40794080A05E30FA22E0C07D60CE4121E9694130A0DE30978C2A7182D
:207F1C00083DE92A73C21337CA18991722F8CA0396130313DC027ACA9B1A0835EF2A78CAC7
:207F3C001937C310CC57BE0F0E083F0B83045F050316200360129B0A0805EF07B06619F84A
:207F5C000310E43849002F0894081601DE02AB6C0CF30A18E44347172E0899101005DC072F
:207F7C00A02E9B100E35DC2ABE5A0E32031E8E1227009B0A0835EF2A9E361928C310904828
:207F9C004C1FC2073F48A7040500DC15AB5913000A12E24955F81310A1080305E307B266E8
:207FBC0017F80310F04A8412171694030A0DE309B05E1FF80818EA6942F82C089B100E0528
:207FDC00DC07BE5A0EF3031EDD69491F230A99081605E10FA62E94080A35E332B65E0C37C6
:207FFC00160C9B238EB51DF39B100A37E12AAC2E1130D01089484C17BE0F4A0D7008080563
:20801C002203F21794030A0DE309A02EA708083DE92A9B2E1337CA18D007B707A70405006D
:20803C00DC159B29130FCA12E717318899201005DC077AC29B200E35DC2A86BE0E32C31E64
:20805C008E122800BE0999181605E10F80C294180A35E3327EC20C37D60CC752B715030327
:20807C002710C90B99081605E10FB85E0CF80A10E4304DF85908A7040500DC15AB59130087
:20809C000A12E28655175510A1080305E3079636E20794081631DE25AB6C0C320A183E097B
:2080BC0099081605E10F9C2E94080A35E3329A2ED72AC616F9F594160300E30F9E3099089D
:2080DC001635E132A42E0C37CA10CC0FC20794081601DE02973C0C02CA18E9192A88A708DA
:2080FC00080DE9078F2EDE07E410420794181601DE0273D094130A3DE32C78C21F37C8182D
:20811C009B171FF8BE079B200E05DC0786BE96130343DC257ACA1339C810D857BC0F100856
:20813C00200869099B100E05DC07BE5A0EF3031EDD234900410A99081605E10FB85E0CF854
:20815C000A10E48E4D173108A7040500DC159D29130FCA1299081605E10F944E13079B082A
:20817C000A3DE72AAB5E1F33050B371594030A0DE309A22EA708083DE92A9D2E1337CA186C
:20819C00D027B707A7040500DC159D291300CA12E24855F80D90100870082E090A104A2E4B
:2081BC0094081601DE02AB6C0CF30A18E41467F8288899101005DC07A42E130FCE109408C2
:2081DC001601DE02875C1302E4103E097507E2B4441DA1080305E307B26617F80310F01110
:2081FC0064F306963F067710070A080833080110A1180305E30776CA1707C310A7040500AB
:20821C00DC15A1291A0F9B0A0835EF2AB066193703103E079B200E05DC0782BE96130343C5
:20823C00DC2576CA1339C810D827BC0FA11A0305E30776CA17F8C310EA6844F31596941349
:20825C000A0DE30974C2F008BC0FA10A0450E34C56A24E4C700676EB07252016C0039B109F
:20827C000A07E107BE5E11001012DD1269F8BE909F080305E903A12994260330E3327EC453
:20829C001C2CA708085DE94EA12E0C4C4A547B07E6271226B9F594260300E30F7EC4E2081A
:2082BC004A0799201007DC0776C2E410C20794081001DE029F3C97F3E41069192608F0091A
:2082DC00671F3A0ADD0A69173C10E80B62173604DF0762253803E41569194308F00E671F6D
:2082FC00510ADD0F69175110E81062175D04DF0D62255603466A9B0A0950EF4C59A2504E1A
:20831C0070061AEF0C329F180305E90379BDDD163702465D0A0A4453A7080958E94E599AEF
:20833C004A4C770E0DEE052A4C469603045EDC4760A24A4E75060CEE0A324C4394080B505B
:20835C00E354699A434C7D02F2E905383F339B100B52E14C769A48547D08E7EE0C2A463741
:20837C009F080450E9486A95435A7001E5F60C2C4426A7080958E94E6D9A4A4C770EE0EEF4
:20839C00052A4C199603045EDC4779A24A4E7506DFEE0A324C1694080B50E3545F9A434CC0
:2083BC007D02C5E905383F060A10460B7508300899101007DC07A62E9E0F84059418100168
:2083DC00DE0277D0DD043E0F9B1A0805EF0776BAEA0B37070A0846147B0807084C0505932A
:2083FC0094260300E30F78C4E208CA0799201007DC077AC29B200E35DC2A7EBE0E32C31E6B
:12841C00B7020AA09B1A0805EF0775DAEA0B37070A980F
:208430009F180305E90349CD9708052546110A9A99181605E10F56D49707E9273996D3076A
:208450004749EA06790294260300E30F8202E2084A0799201007DC0766D09E0F900862F81B
:2084700026048713620624048C3069FA450998386700090B854869F87D12905862F89F063C
:2084900087636206C3062710EA0F99181605E10F74D2970790579B100E05DC07F0CA150288
:2084B0007016B16F0C327EFC99181605E10F74D2970790579B100E05DC07F0CA150294269B
:2084D0000330E33212E45C37D1F8071F3619AFFA9B180A0DE70767D0A4038B5294160300B4
:2084F000E30FEAD01807A708083DE92C8DBB1337CA18BAFB94181001DE0265FE94130A3D81
:20851000E32C40D21F37C8184B0A1C084C17BE0F9F180305E90369EB94260330E33244D432
:208530001137D61043D0270A4517BE079B200E05DC0778CEDF03771594130A0DE3096CD24B
:20855000A718083DE92C6BD25E377E0F9F180305E90365CDDD16B7029B200A07E10778D20C
:20857000E210C409852C0C4C770E8C00052A5B0646F494260300E30F6E445CF88108390FC2
:2085900012094E170B490C547B06B3F61226DF2142080C039B200A07E10762D29C0FEF1941
:2085B00084088F072A909F180305E90357FB5706A512C9FF818A99181605E10F5CD4970761
:2085D0008C0869001A0885186FF41A03853662F328108C3A67F85008446DA11A0305E3072C
:2085F00056DA9F180335E92651CD9745C522BE0F466299181605E10F5CD494180A35E332FB
:208610005AD29737D223B9023F6285279B200A07E1074ED21105D012054C0C5D7710A28024
:20863000052AA7140500DC1555FC910F2A8A7C07A71A080DE9074FD09D180A3DE72A4FD20F
:20865000AA33C722B7153F318E349B1A0805EF0942DA19FDC30E0E4C0C657B08F480182689
:2086700096130313DC0358DAE40ABC07A71A080DE90755FE91072A90820794181601DE02D2
:208690005FDE94140C3DE32C64D0AA39CA2FC4073F0E9D180A0DE7074FD2F004B9023F1785
:2086B00003042910E30E8D07368A99201005DC055E005E00B017C2572A8496130313DC038E
:2086D00068D89B1A0835EF2C64D8A437C525C0079B200E05DC0768FC8A02239677030C1085
:2086F000270AC20C9B092890A1180303E5075C0862F8A517D543B98394260301E50F6ED4A2
:2087100099181637E13274D257358E2C0C547B06AEFF18263C0573164513800F9B1A08056D
:20873000EF0970DAA1180333E52A72DA6237853C184872019C0D052643127A0A4A178A09CF
:2087500099201005DC055E008F0F2E887707A7140500DC1563CEA00F0CFA99181607E10FD5
:2087700070D294160C35E3326ED29737D823B902DD1F42F481109B1A0805EF096CD8A40777
:2087900089559D080A0DE707E3CE260396130343DC2670DA5E3999181637E13270D2972685
:2087B00059C8EC2F1B08430B160405034E25A324AC42750AE82A160A08100C347287100898
:2087D00017100E0B0537C2F896130313DC0370D89E098E57A70A080DE907E3CC1C079B209E
:2087F0000E35DC2A7ECE593294260331E5326AD49C2863CAEA2F1D0843090C080A105917ED
:20881000A328B6367003E33803040C10063677891A0A1510100B0535B8FD9B200E05DC07A0
:2088300076CEDF03B71594140C0DE30970D2F00A7C0FA1180303E5076EDA9F180335EF26CB
:208850006DCD574577039D200A07E10772D299201035DC2868D09E3FD027B70716042203B3
:20887000FE1994140C0DE30954D2AA098A106FF80F068E1869002308852875F423038546F4
:2088900062F44B10466C99181607E10F5CD294160C35E3325AD29737D823B9023F7394146F
:2088B0000C0DE30954D2A71A083DE92A4FD0A037CC2FC2073F599818074770164C7A0E3288
:2088D0008C2E99181607E10F72F00CFBCC100C54105D70084F7B072594260301E50F5C0280
:2088F0008D07368A7C0FA1180303E50756DA9F180335EF2651CD9745C523C00F46378A2CC6
:20891000A71A080DE90767EE15FDCA18104C055D83049B7A053894140C0DE3095A009B09F6
:208930002890840794160C05E30F5AD2DD08CA0396130313DC0368D89B1A0835EF2C64D832
:20895000A437C525C00746189F180305EF0351CDDD16B70348110A0A2508940D8D0F308812
:2089700094160C05E30F600057F8B813C452179694140C0DE30964D0A71A083DE92A5FCED6
:20899000A037CC2FC20794181601DE02550E88032C907E090808330A6713950723869D1897
:2089B0000A0DE70755006AF4A712C2552C859D200A07E1077ED499201035DC2874D25E3F81
:2089D000903C054C830255F905383A067C10901A4A178A0999201005DC056CD29E0F10F84E
:2089F00094181601DE0263E094140C3DE32C68D2AA39CA2FC407DD0F4BF80C119F18030595
:208A1000EF0367CD971594140A0DE3096EF0660799201035DC2A72D25E3F9F180335EF2615
:208A300065CD973650C3EC2F170A480B160808105B17A328AA3A7510EE2A03081604012F3C
:208A50007297070317100A0D0A37A718083DE92A57429E284C1FC20794181601DE0267DEE2
:208A70009702905F9B0A0805EF07E8D620070C07D6109B200E05DC077ECE59F394260300D2
:208A9000E30F6AD49CF963C8EA3F1D08430B0A080A105918A348B6437013E35A03030A10D9
:208AB0000606778A1A081510100B054C9B180A0DE7075742AAF44707826549839B200A072A
:208AD000E1077AD09C0F965794080A05E30FEECE1307A7140530DC386BCD5E3F9B1A08357E
:208AF000EF2A68DAA42850C8EC2717104E0B030816045012A336A3357510EA2C0808160893
:208B1000043C7F89070817080A13103794181631DE25575097234C1FB60099181605E10F37
:208B300074D0970790579B100E05DC07F6CA150294260330E3326CF21137D6104390480932
:208B50004517B6FF9B200E05DC077ECEDF03771594130A0DE30968D2F008BC0FA118030521
:208B7000E3075C08930723888A0396130313DC026CDA9E090AF8A718080DE90765D29B188B
:208B90000A3DE72A65D2AA33C722B715DD178900300A99181605E10F72F094180A35E332CF
:208BB00070F00C37D60CC722B71594130A0DE3096CF0A718083DE92A67F01337CA18D027D4
:208BD000B707A7140500DC155FCB9B200A37E12A72D09C3FD2F7B707461A9B200E05DC0730
:208BF00072CC96130343DC2566D89E39CA27CA0799201005DC076CD2E410C2070308330472
:208C1000300594260300E30F6AF2E208CA0799201005DC0756D29E0F900862F82F04871304
:208C3000620626038C3069FA3508983867009108854869F8EF10905862F80504876362069D
:208C5000FC038C8069FA55093308D911A1180305E30756DA9F180335EF2651CD9745C52253
:208C7000BE0F270AD309A718080DE9074FD29B180A3DE72A4FD2AA33C722B7152003C8116B
:208C90009B0A0805EF07DE7319F80310E4606900338894181601DE0263FE94130A3DE32C3E
:208CB00068F0AA308A34A1180335E32A42DA1737C310A7140530DC385B3D9E304C1943085F
:208CD0002F084A1F471773580C4C0C657B083F7D1826AB2BB70E3F1B9B200A07E10776F066
:208CF00099201035DC2A6AF09E3F902C94081631DE25D1DC0C28CA180C4E0A5D83082C85C7
:208D1000122AA937BE079B200E05DC0768FC8A02239677029B200A07E10762D299201035A9
:208D3000DC2A56D29E3FD027B70733046C0494160300E30FE06D11F81610E2686FF8288840
:208D50009B180A0DE70763F0A7140530DC3863EB9E388C2E99181635E1324AD20C37CA10CE
:208D70009B200E35DC2A703E992345253E0323104C193F1786580A54125D70086B7D0C3293
:208D9000B430B700521C96130313DC026AF89B1A0835EF2A68F8A437852C9B080A3DE72AC9
:208DB000D3CE1F29C50B055A05587710537F0A2ABC37BC0FA1180305E3076AF89F180335E7
:208DD000EF2665EB974585070C54770AC97B182AAE3FC40794180A05E30F60008807368441
:208DF000790294260300E30F56D499181635E1325CD49737CC27BE0F2B080309A114050049
:208E1000DC154FCD9B200A37E12A62D29C3FD229B7072708FD109F180305E90351CD9426A7
:208E30000330E33256D49C37D827BC0F2D0AE9089B080A0DE707D96B19F4050BDD6E62F342
:208E50002F909B1A0805EF0768F8A11A0335E32A6AF8A230852CA1140530DC383BCD133FEE
:208E7000CA1299181635E132684497284C1745102708451747137553055A055877106E7EF8
:208E90000A2ABC30BC084C2294180A05E30F6EF094181031DE2563FE97328C349B0A0835A9
:208EB000EF2AD6D6192FC3100C4C0C657B084F7C1226AB32B71594130A0DE3095A009B0724
:208ED0002890840994180A05E30F5AD294181031DE254FE09732CC2FBE092508A508991037
:208EF0001007DC07E06B13000E10DD606FF42A8394260300E30F6AF299181635E13270F223
:208F100097308C2C9B200E35DC2A4ACE0E32C31E94130A3DE32C6242AA284A1F4B0A1C0830
:208F30004C17411F7E58054C125972038C8A0525B038BE024420A718080DE90963F09B183F
:208F50000A3DE72A63F0A433872794160330E332DAD0112DD6100A54125F70087B7C0C3295
:208F7000B437B707A1140500DC1563EB9B200A37E12A76F09C3F920E054C7708F382102AD8
:208F9000A937C40396130313DC025C088F0928888A0799201007DC076ED09E00E86B82F8E4
:208FB000230405037016B7190C3F80FC4414A718080DE90967D09B180A3DE72A67D0A433E7
:208FD000C722B71594130A0DE30954D2F008BC0FA11A0305E30766D8E808B707A1140500E6
:208FF000DC157BFBE4113E094410A718080DE9094FD2E408BE0F4A0994181001DE0263FE79
:209010009702E91F1F0A99181605E10F44540C078720000B9F180305E9036F2D9715F9F879
:20903000E48D0CFE7508306008104C1694180A05E30F42520C078D1C7BF8DD9305F77710BB
:20905000615E0808521099201007DC0766D0E410C2073F09A1140500DC155FCB9E0F9B1AAA
:209070000805EF0766D8A4FA82F816089B200E05DC076ECC96130343DC2566D89E39BC07B6
:20909000DB074C518B2A03F87E079B200E05DC0788FC19F505383F078C120C2C4409169875
:2090B0000A5FA11A0305E3077A089D470309C4F496130313DC027C0890F91E0BCA07992003
:2090D0001007DC077A009E0F6C1CA30A5026414194260300E30F7A029C07F5373D90A11AB0
:2090F0000305E3077C08A207F9FFA1140530DC387FBB4A32463599181605E10F820297073C
:20911000681F9B200E35DC2A80BC45253F3594130A0DE3097A00AA076637A11A0335E32A28
:209130006EC84E2A3F1BA1140500DC1575FB9E0F684199181635E13258D2432A460FAA12EF
:209150004E2A3F0CB00645253F1703930C54904E99081605E10FF0D004FC0A2E4A324A097F
:02917000039862
:2091740096130313DC026ED89EFC0A2A520908A0124EDD0969572210E80A62573504DF0626
:2091940062652C03E41469594508F010675F610ADD1369575F10E81562577004DF1162658D
:2091B400710346859B1A0805EF074CDAA40994180A05E30F54D297F89614AB123A25532333
:2091D4000C32467299181605E10F58D497FA0C2A46719F180305EF0371DB94260331E5321D
:2091F4006AD29C37CA0999201005DC056CD0E410C20794181601DE026FEE97F60E3246546A
:2092140099181607E10F7CE094160C35E3326CD09737CA0396130313DC036AD8E40ABC07B8
:20923400A71A080DE9076FDEA0FA0C324A3B94181601DE0265CE97F60E32463699181607BD
:20925400E10F6CC0570587A85114591754F86113062435380526482E9B1A0805EF0960C8A4
:20927400640794160C05E30F6AC057F8611356F34E2504253E320C2C4415A71A080DE90729
:2092940051D06007411F5E28052A520887F505383F050CA00C59261A744199201005DC0511
:2092B40050D28C20C2F8212BF543228394260301E50F50D48A18CAFAE73F258894160C051F
:2092D400E30F840017FC98294023FD7994140C5DE34E4ED2184E0A65126E434A7907A93BAF
:2092F400102AE217658496130313DC0352DAE40ABC07A71A080DE90747D0E608BE0F7B06AA
:20931400FEF8A7140500DC1579FC20048C2F4328106D99201055DC4A52D20C54105D056EAE
:20933400564872027F4105269D200A07E1074A54110F8A2079FBE6820C047B08DA5AA714A0
:209354000500DC15374E150F83227EFDF0830A047D08CF589D180A0DE70737521F03801B0D
:20937400790BDD7F0E04770AC95AA71A080DE90737501507862884FDDD8418F87203B968A4
:02939400039440
:209398009B1A0805EF094CDAA407E225BB8D9B200E05DC0782CE1902E235AB89910F2A8A20
:2093B80099181607E10F86E057F6AE174590330882F8B289CA024757DD08800F9B1A0805FA
:2093D800EF0952DAA40785066BF81D10901862F8330487236206BC068E4069FA400B984A20
:2093F80067006D0C85566BF871142B08530DA7140500DC154DCE9D200A37E12A60D49C3F3B
:20941800D227B705290861159F180305EF0379DBDD16B7039D200A07E10788E2E210C40749
:209438003F1E9D180A0DE70775E0AA0396130313DC0374589A09E2088A0999201005DC05C2
:209458007EE09B200E35DC2A88DC9932C535B7039D200A07E10788E29C00EA1042F6EF874B
:209478009B200E05DC0788DCDF03B7153F1C9D200A07E10788E29C0FA1180303E507566882
:209498009E07DD088A0396130313DC037EE89B1A0835EF2C7AE8A437C525C0079B200E05D0
:2094B800DC0788DC9902C255E783E6109B1A0805EF0984C87CFA05059D180A0DE7077FC0BC
:2094D80082F596130313DC0388C87E09E208A71A080DE90773BE78FA0C0F9F180305EF0369
:2094F80075BB6F0794140C0DE30978C08A0999201005DC0564C0E410820794181601DE0243
:209518005FCEDD04800F9B1A0805EF097AE8EA08B7052908FF109F180305EF0377DB9715DD
:2095380094140C0DE3096AC0AAFA671FEE0894160C05E30F80E09707A7140500DC1565BC9F
:20955800A000CC1A6717E70A99201005DC056EC09E00E81362F81F8496130313DC037EE887
:209578009E09E717D80A99201005DC0574509B200E35DC2A7E4C592394260331E5327CE22C
:209598009C37A71A083DE92A5B5E9C2A5E3F591764F9811326F3771594140C0DE309705038
:2095B800A71A083DE92A6B4E58299B200E35DC2A88DC992394260331E33252720928182EDE
:2095D8005C307B08240776F99B200E05DC077E4C96130343DC257258562C99181635E13204
:2095F80082E097289B180A3DE72A7B701724072957366E032B0F76FC99181605E10F7850A3
:2096180094180A35E33276504F2DA7140530DC3875DB9E309B1A0835EF2A70881128052E5F
:209638005E2875102F076FFDA7140500DC156B4B9B200A37E12A7E505438A1180335E32A9F
:209658007CE8A22894181631DE255B9E04230C365E2A730837077408A1180305E307566846
:209678009F180335EF26515B573694130A3DE32C7AE0AA3799201035DC2A52A09A32623702
:209698006E1737F4790294260300E30F566299181635E1325C604F299B180A3DE72A75E07D
:2096B800AA2496130343DC2582A80B2A0A2E6A28731031076FF99B180A0DE7074F60A71466
:2096D8000530DC384F5B56329B1A0835EF2A7AE8A42894180A35E33276B00428182A5923AE
:2096F8006E16240276029B1A0805EF077AE8A1180335E32A7CE8A237C527CA039613031363
:20971800DC027CE89EFAE21455F80F8FA1180335E32A62C89F180305EF036D4B4B357732BC
:209738009B200A07E10772C099201035DC2A72505E3F820794181601DE026B5E570285B045
:20975800510E531717F8B61BA1180305E307725856278508611306F3723518039B200A07CE
:20977800E1074A52110F8A20F9FDE4820C047B08745CA7140500DC154DCDE416BE0925080B
:20979800B00B99201005DC0772509B200E35DC2A7E4C51246F0994130A0DE30970505E37C9
:2097B8000A0FA1180305E30772587AFE94181601DE026B5E6FF79B200A07E1077E5099207E
:2097D8001035DC2A725056357AFF94181651DE4773CE43477710681B99181605E10F7850CF
:2097F800DD0876FA9B200E05DC077E4CDF036F0BDD039B200A07E1077E507407A118030587
:20981800E30772587AFE94181601DE026B5E7E030203760299181605E10F5C60DD0876FACD
:209838009B200E55DC4C92BC45477016361477106D1C0A2AF51A8490A1180335E32A6CD877
:209858009F180305EF0375BB4B35BE030A14A5CA690C611749005B1704F9BE379B100E05E9
:20987800DC07EECADF1E371594030A0DE309E0CEA718083DE92A65D09E3736019F0803059D
:20989800EF03DDC994260330E3326CD29C379C973402A1180335E32A6CD89F180305EF03A9
:2098B80075BB570694130A0DE30986426AF999201005DC077AC0522F79F974F89184310797
:2098D8004E2544F3551F0BFBBC37A708080DE907DBCE9B180A3DE72A65D0AA3331F694160E
:2098F8000300E30FE2D099181635E13272D09737909736049F080305EF03DDC9DD162FF8C8
:209918009B100A07E107EECEE2103CFE94080A05E30FE6CEDD0842FB96030363DC47E2D656
:20993800E413484C18FC7510E51A052A9B180A0DE7074DD2A7140530DC384DCD9E3FCC29F6
:20995800BC073308C012A1180305E3077AC862078508611306F3723570839B200A07E10781
:2099780086C0502F92084E170BF8792F718894181601DE025BCE57029B200A07E10772C05C
:209998005C005B1754480C4C770E9EEE052AA7140500DC15813D5E0FC5AAA111B198E9136B
:2099B8005B1944F855FA0B007D371708A1140500DC15374D130F8422FEFDF0820A047D0AB9
:2099D8004C5B9B180A0DE70772D2EA0539023F4794130A0DE3097F002A07E71F3B8A94184B
:2099F8000A05E30F66C05707A1140500DC155FBB5E0055195948184C750E68F0052A9B1877
:209A18000A0DE70781426403C053BB249E13EB13551949F861FA09003E1694180A05E30F4A
:209A380042520C078A1C7BF8DD9005F77710665999181605E10F5AD494180A35E33258D28B
:209A58009737D223B902201639059B200A07E10784E083100CFD77079B180A0DE70773C0DF
:209A7800640387034E2504F3792F8F8A99181605E10F80C24B278C08551F0FF872278B848B
:209A980096130343DC255ED89B1A0805EF0778C8582994180A05E30F72C04B18A114050013
:209AB800DC1567BB5E01750B3908611749008439852C9B180A0DE70773C058230747050B68
:209AD80070013CFD9B1A0805EF075CD864FE054C7706F6F5102A94181001DE0271EE57022E
:209AF80055020BFA77372A0899201007DC073E52130F8920F9FDEA7F07F77016AE559B2063
:209B18000A07E10785D2E21144093F329B180A0DE7077A002403E412279694130A0DE30976
:209B38005CD06AFC0A547D08C4ED0C2A9B200E05DC077EDC5902BE463606A540010D5317AE
:209B580057F8530211FA31149B180A0DE70737521903801B790BDD7E0C04770ACD56A718AF
:209B7800080DE9094BD09B180A3DE72A57D0643371F494260300E30F7AC25C079808531F1D
:209B980011FA722789889B200E05DC0780BC4D2285164E120B0079297D88A718083DE92CD6
:209BB8005BD09B180A0DE70773C0583396130313DC02884A5EFA99181605E10F74C257F9E3
:209BD80075093B10591744F8A1140500DC15813D5E009B1A0805EF076CC864FB6E093B082C
:209BF800551F4FF87737A1140500DC155BCB5E040C4E750671ED0A328B0AF3FB55FA0B0065
:209C18007D371708A1140500DC15374D130F8622FEFDF0840A047D0A205A9B180A0DE7072A
:209C380072D2EA0539023F3994130A0DE3097F002A07E71F2D8A94180A05E30F66D057FCD9
:209C58001248720136FB0525C5403DFDA34705FB530211FA31149B180A0DE7073752190399
:209C7800811B790BDD7F0C04770A4656A718080DE9094BD09B180A3DE72A5BD0643371F50F
:209C980094260300E30F54D499181635E1325AD49737CC27BE0F2B081109A1140500DC1512
:209CB8004DCD9B200A37E12A60D29C3FD229B70727080B119F180305E90374CD1715E2223E
:209CD800E3909B1A0805EF0782E8950917887E079B200E05DC078EDC96130343DC2584E89E
:209CF8005E397C07A718080DE90949F0E4087E0F9F180305E90377DB94260330E3327EE25B
:209D18009C37CA072510980A94180A05E30F54F05707CB043A0F822575039B200A07E10776
:209D380088E09C0FA12A1300E307922E5E0794181031DE2575EE97329B201A32E12A7A174C
:209D58005832A439B7079B180A0DE70781E095031983771594130A0DE30982E06A079920B7
:209D78001007DC0788E05E008DF81908A1140500DC1545EB9B200A37E12A94E05C3FA11AB9
:209D98000335E32A84E86228A5179104050B4525770348219B1A0805EF094AF8A1180333D7
:209DB800E52A88E8623794181631DE257DEE5724AE1F7E0999181607E10F56F094160C3554
:209DD800E33250F0573769C32703DD7A50C4EE2F170A480B160A08105BF8A327AC3A750086
:209DF800FE2A03081604012F6E06D3267B910E0A1508160D0A3284FA3F090C0846259F18C5
:209E18000305EF0377DB94260331E5327CE29C37D829BC0FA1180303E5077CE8A2073E28BE
:209E3800B70B4412769594140C0DE3097AE0AA094330B10F42151F089B200E05DC0785CE78
:209E5800DF03371594140C0DE30952D2A71A083DE92A4DD0A037CC2FC20794181601DE0277
:209E780077EE94140C3DE32C7AE0AA39BC0F4C1494160C05E30F58D294181631DE254DE003
:209E98009733CE2FBE090808521F99201005DC0578D2E410420794181601DE0279EE8803D0
:209EB8002C907E0999181607E10F5AD2DD06C00746119F180305EF034FCD971594140C0D22
:209ED800E30968D0AAFA87001C0894160C05E30F6ED094181631DE254DE09733C00FCF0978
:0A9EF8004C49914A080084070396C4
:209F04009B200E05DC0768CEDF03B71594140C0DE3095CD2F00ABC0FA1180303E5077E08D7
:209F2400E818B707A7140500DC1579FC20048C2F99181607E10F840097F6E60245107F1AB5
:209F440006F8206596130363DC485EDA0C4E0A5D187048547D076E2B0E2A9B200E05DC0724
:209F64008CFC19F7853B94140C0DE3097C00AAFAE20A4B2874180FF8140145177368A714BF
:169F84000550DC5A57CE0E540C5F0A6E564E750F5E2D05280C984E
:209F9C009F180305EF0371CDDD1637039D100A07E1079EBD110FD010611E9D180A0DE7074F
:209FBC007900F0A839023F1D94140C0DE3097E00F0B03C0F7D08A70A9D180A0DE70755E0A2
:209FDC00F00479023F8294140C0DE3095AE06A0999201005DC0564609A0FE8087707A71496
:209FFC000500DC1555DC600F9B1A0805EF095078A007DD0680079B200E05DC0768DC5902CC
:20A01C0094260301E50F82729807F00A7C0FA1180303E5075CE8620794181601DE026B8E66
:20A03C009303E6107E0999181607E10F62E057059D180A0DE7075B90A603DF037715941431
:20A05C000C0DE3095AE06A0999201005DC0554A09A0FE8087707A7140500DC1555DC600F27
:20A07C009B1A0805EF0980A8A007DD0680079B200E05DC0768DC590294260301E50F72B2AB
:20A09C009807F00A7C0FA1180303E5075CE89F180335EF2657DB5745C523800F9B1A080586
:20A0BC00EF095AE864F8DD124BF8998F9F180305EF0367BBDD16B7039D200A07E1076CE210
:20A0DC00E220C40794160C05E30F840017FC982996130313DC0362E89EFAE202510A792238
:20A0FC0013F80D679D180A5DE74C55D218480758057C4348790F942D0A2AA71A080DE90741
:20A11C0079FE20FC8C359F180305EF035BDB9706DDFE47307B1C0BF820FB3F1F8068941654
:20A13C000C55E35462D2054C18590769435A700379330C2C99181607E10F860017FA8E2D01
:20A15C009B200E05DC076CDC99F3DD103E447D220DFA12F94D197870A1180353E54C62E866
:20A17C00104C055D186A4547701553270C329B0A0805EF0790C31907C31028259B200E05B1
:20A19C00DC071EDE590294260300E30F62E25CF875171C90A1180305E3075CDA17F8C31027
:20A1BC00F0FE44120E9694130A0DE3095CD21FF8C818EA0282176F889B200E05DC0768CE69
:20A1DC00DF03B71594130A0DE3095CD2F008BC0FA1180305E307800822FC852DA714050057
:20A1FC00DC1559DB9E00E4044308871A0B001AF93A177A689B200E55DC4C68CE0747056B21
:20A21C0005694A5477090F2C182A99201005DC0780001E04902D94181601DE0259EE97F395
:20A23C00E40A452A791A19F81201471773689B180A5DE74C57D218480758057C4347770FEF
:20A25C00F42D0A2AA718080DE90779001EFC8C359F180305EF035BDB9706DDFD45507B1CEB
:20A27C000BF820F93F1F806894180A55E35416E2054C18590769435A7002D7330C2C9918F2
:20A29C001605E10F860017FC9B180A0DE70759E0AA0396130313DC025CDA13FAC810F8F8B8
:20A2BC003F1060583E087B6A9B100E55DC4C765B0747056B05694A547709B02A182A99202A
:20A2DC001005DC0780001E04902D3E28106796130363DC4750DA0C4E0A5D186E48547D076B
:20A2FC00982A0C2A9B200E05DC075CCE9902E2151E839B200A07E1075CD2E210C4079418F1
:20A31C000A05E30F840017FC98294023FD7994130A5DE34E4ED2184C0A65126E434C770730
:06A33C008433102A03988F
:20A3440096130313DC0278BA1E09E727E28A99201005DC074ED29E0F2C2094181601DE021C
:20A3640049E09702E92FC98C99181605E10F6CE0700856650C3282FA94181601DE0270E0C2
:20A38400170268240A0A75071D0099201005DC0752D29E0F900862F82C04871362062F038F
:20A3A4008C3069FAA008983867001209854869F82111905862F8A60587636206BD042710E9
:20A3C4002F0C7508C1140A32EF0A16089B180A0DE7074BD2F005B90294260300E30F6AE219
:20A3E40099181635E1326CE057377E0746110E0820082906720395220525E9125D0A9918BE
:20A404001605E10F6CE057079B180A0DE70763E06AF4A7123E9628038900188A991816057B
:20A42400E10F58D2DD0DBE079B200E05DC0784CEDF03371594130A0DE30964E06A07992006
:20A444001005DC076AE05E00B017C2273F8496130313DC0258DA9B1A0835EF2A64E8643724
:20A4640094180A35E3326EE05728B813585229063E832F1057CAEA2723084813100803088C
:20A484005517AA30AE3A6E08F62605030316FF2F79910E0A1508160B0A3284FA0308461F1F
:20A4A4009B200E05DC075ECEDF06B71594130A0DE3096CE0A718083DE92A5FE05E377E0F9C
:20A4C4009F180305EF0353CDDD1677020A10270AAC0983082B1C122AE20A5B089B200E0510
:20A4E400DC0772DC590294260300E30F6AE25CF86808E2C48F1711889B180A0DE7074BD253
:20A50400F009B90294260300E30F78D4E2084A0799201005DC0766E05E0F9F180305EF0338
:20A5240065DB5706A512C92F328A99181605E10F5ED294180A35E3326AE05737A71405305B
:20A54400DC3863DB5E30AC195B573C08E2C45DC8E52717084A130E08030861F4A523A348E0
:20A564006EF3EA320A0A080812347791140A10080A0B0C3282FA03084C1B96130313DC02D4
:20A5840052DAE40EBC07A718080DE90967E09B180A3DE72A5FE06433790294260300E30FBE
:20A5A40058D4E2088A0708102D0A3A097708C01B102AE20A220496130313DC0252DAE40B00
:20A5C400BC07A718080DE90963E09B180A3DE72A5FE064337902031620032911770AA6139F
:20A5E400182AE712230A94180A05E30F56D2DD0AC40396130313DC026AE89B1A0835EF2A72
:20A6040064E864397707466C9B200E05DC076CDC590294260300E30F6EE25CF86808E2889C
:20A624008F190C889B180A0DE7074BD2EA0AB9023F6594130A0DE3094850A718083DE92C57
:20A644005FE05E2C0C547B0745325026F9F594260330E33266D499181605E10F5052D707F8
:20A664000A08524FC23794181031DE2561E094130A0DE3094850EA0708105869B7379B184C
:20A684000A0DE70761D2A4F4DF6742060B039B200A07E10770D29C0F06FD030846219B2079
:20A6A4000E05DC076CCE990294260300E30F64D49CF8541608107D0A9E0C9B180A0DE707E5
:20A6C4005DD2A1140530DC385FCD9E3FBE0908083308AB107D0A25130C2A803C9F18030503
:20A6E400E9036F2D9715F9F70A1077095DFE1608442DA11A0305E30752DAE80CB707A1146E
:20A704000500DC154DCDE410BE0999181605E10F74E294180A35E3326AE057378403961350
:20A724000313DC0258DAE40A7C07160844857D0AF8120C2AE912430894181001DE025FDEB0
:20A744009702E91F270A99181605E10F6CD2970728759B200E05DC075CCEDF03B7159413BE
:20A764000A0DE30964D0F00EBC0FA11A0305E30778DA7B0768F6122639F53F1D94130A0D76
:20A78400E30950D2F00ABC0FA11A0305E3076AE89F180335E92661DB5745770246449B1A55
:20A7A4000805EF0776DA2409F9019B180A0DE70771D27D034AF1053837F59B200A07E10748
:20A7C40070D29C0F060594180A05E30F68D294181031DE255FE09732BE0F9B1A0805EF0719
:20A7E40064E8640994180A05E30F72E057F8B2134083731682F312909B1A0805EF0750DA44
:20A80400EA0AB7070A0846189F180305E9034DCDDD16B7024611770A8112182AE722738AEE
:20A8240094180A05E30F6AE05707A1140500DC156BDB5E00AC19C7276C8899101007DC0726
:20A84400E2CEE41B420794081001DE02DBDC94130A3DE32C56D26A373401A11A0305E30710
:20A8640058DA62F8DD6C8F130D8394160300E30FE2D0E26C42F999101007DC07E2CEE410AC
:20A884003AFA94081001DE02DBDCDD0336039B0A0805EF07E0D6EA0A2FFC9B080A0DE707FE
:20A8A400DBCEEA0431F894160300E30FE2D0E20842FE99101007DC07E2CEE4103AFF94083D
:20A8C4001051DE47DBDCDD0C4A540CFE750822130A32A11A0305E30772E87B089A621226FA
:20A8E40079F503A694130A0DE30974D2F0093C0FA11A0305E30754DAE808B707A1140500C6
:20A90400DC1565BB9B200A37E12A78C09C3FD229B7070A989B200E05DC078E3E590285163A
:20A924004E120B0079296A8BA718080DE90949529E07E91F690B03087D036BC30538DD4577
:20A94400493FA10C99081605E10F9ABD0C07CA10C97F198894081601DE028DC90CF4CC1818
:20A96400E42267F8F08A99101005DC0596BB1300CE10DD2075F40E8394260301E50F7802F0
:20A98400E208CA09441DA1180303E50778089F080335EF268FB60C45C30CCE2FBE0999189C
:20A9A4001607E10F8E4257059D180A0DE7074952AAF4500344177E041E24551A59086119AB
:20A9C4005910A1180303E50778081707C310B65395029416042CE53236FD38376A095300F5
:20A9E40011F8721557089B200E05DC076CFC96130343DC267A081339C810A70A0938E92AAF
:20AA04007F099C2A5E3F820794181601DE025D0E94140C3DE32C76001F39C818B04A93284D
:20AA24009D080B58E74C7F0B46465932771594140C0DE3096600A71A083DE92A71FE1537C3
:20AA4400CA189F080430EF2631F693385733800F9B1A0805EF096A08A1180333E52A78086B
:20AA64001737C310B64695259416044CE55436FD384A6A397C0F4C5594160C05E30F640033
:20AA840094181631DE25710E0C33CC18AA4C982AA70A0958E94C7F093C4A5E3F820794183B
:20AAA4001601DE025D0E94140C3DE32C76001F39C818B08A93289D080B58E74C7F0B46463C
:20AAC4005932771594140C0DE3096600A71A083DE92A71FE1537CA18AE4A932AA704064BE1
:20AAE400DC5A2FF73C525E397C07A71A080DE90765FE9D180A3DE72A71001F33C50BA3984A
:20AB040093269D100B52E14C42FD3852643777050C082710F60894081601DE028DC90C0320
:20AB2400CC18C9C91388A70A080DE9078DB915F8CA18E82162F8ED8496030313DC0396C35A
:20AB440013FAC810F0236700198894160C05E30F7C00DD08CA03411094260301E50F780299
:20AB640099081637E1329ABB0C35CC10CCCFC20794181601DE02815057039D200A07E10776
:20AB84005C549C005B08440787081C24591854086113560394260301E50F78021107D61222
:20ABA400A85FA00794060D30E3325E0B33376A0350F30406721357109B1A0805EF095E085E
:20ABC400A1180333E52A78081737C310A704062BDC3863179C325E397C07A71A080DE907BA
:20ABE4005DFE9D180A3DE72A71001F33C50BA35893269D100B52E14C761D38526437770537
:20AC04009D180A0DE7076100A7140530DC3871FC153FCA1299081732E132600B93286037BA
:20AC24007E0F9F180305EF0367FB94260331E53278021137D612A852A02A94060D50E354CF
:20AC44005E0B334A6A3379023F6394140C0DE3095E00A71A083DE92A71FE1537CA18AE4A97
:20AC6400932AA704064BDC5A63173C525E397C07A71A080DE9075DFE9D180A3DE72A710020
:20AC84001F33C50BA39893269D100B52E14C761D3852643777059D180A0DE7076100A71459
:20ACA4000530DC3871FC153FCA12A84AA62C99101150DC4A5C0B3A5262377707A7140500EC
:20ACC400DC1565FC9D200A37E12A8402113FD010A3889C2A9B100F50DC4C660735455745B9
:20ACE40077039D100A07E107A0BD110FD010C2C520889B100E05DC07A0B70EF3C31EDD1CD1
:20AD04006B00150A99081607E10F9ABB0CF6CC10E4296DF89D88A7140500DC156DFC9D2056
:20AD24000A37E12A94445C3FA1180333E52A505AA2284E0857058003152A4E145B1055192F
:20AD440059F88A0799201005DC0770009B200E35DC2A70FC593294260330E33260025C2809
:20AD64008108390FA1180335E32A6C08622894181631DE25610E572475113B0A531767F88E
:20AD840099201035DC2A74005E309F180335EF2663FB57376E043B109B1A0835EF2A5E088B
:20ADA40064296E176BF97E0F9F180305EF0369BB94260330E33274025C37A718083DE92A95
:20ADC40069005E2885100E1C4E1867047003341594130A3DE32C4E52AA28531051094E17A3
:20ADE4004BF88510200C4E1767F4790294260300E30F6EC299181635E1327A0057379B1867
:20AE04000A3DE72A69006A248003032A4E135B10750A2907A718083DE92A49529E285510D7
:20AE24004F094E1757F48003151A4E125B0076FB99181605E10F74C094180A35E3328C426A
:20AE4400573782F6411694260300E30F6EC2E2088A0799201005DC076EC0E4107AF9941845
:20AE64001601DE0267CEDD0376020A0A445D8307D3CD122ADD4B69FA5A909F080305EF0319
:20AE84008FB60C15C30B5D9F2DFA99081605E10F74E9130713071818ED173008A7140500EE
:20AEA400DC1567BB9B200A37E12A94425C3FCB68690EA5680013591744F88A039613031341
:20AEC400DC026EC89B1A0835EF2A864A6437BED8D614A5D0060B4E1757F471F4942603000C
:20AEE400E30F6EC299181635E1328E42573776FA46239F180305EF0369BBDD1677029B20EA
:20AF04000A07E1077AC0E2107CF994180A05E30F72C0DD0882F67203FC1C0525E922708A9B
:20AF240099181605E10F72D094180A35E33272C05737611306F4B71594030A0DE309E0CECD
:20AF4400F0253C0FA1080305E307E2D69F180335EF2667CB97452FF49B100A07E107EECEA5
:20AF640099201035DC2A6CD09E3F94972FFAA7140530DC3865CB9B200A07E1077AC0502FBB
:20AF84005B1704F9BE379B100E05DC07EECA96130343DC256CD89E3934FBA708080DE90702
:20AFA400DBCE9B180A3DE72A65D0AA338B922F0A94030A0DE309E0CEF0083405A108030547
:20AFC400E307E2D6E8082FFEA7040500DC15DBC9E410360199081655E154E8CEDD114A4CC3
:0AAFE4000C047B08840F1826059367
:20AFF000DD030C0F9B1A0805EF074EDAA407E227D1899B100E05DC07F6CA0E02CB1EE2120A
:20B01000C9119B1A0805EF075CDA1907C31090579B100E05DC07765B15023E9635F5B6043D
:20B030009B1A0805EF075CDA1907C31090579B100E05DC07765B15023E9635F5B6059B1A41
:20B050000805EF075CDA1907C31090579B100E05DC07765B15023E16E5F7B606E40A0AF967
:20B0700033080B119F4923F89B080A0DE707E3CE26030E02CB1EE212FE109B1A0805EF0731
:20B090005CDA1907C31090579B100E05DC07765B15020C06CB0B99512AFA99081605E10F65
:20B0B000F0CE13071307D2188D179E88A7140500DC1557CD130FCA128E57A708080DE9076E
:20B0D000635F1A0799512EF894081631DE25E3DC1325133FD212B4FCA718080DE90757D2BD
:20B0F0001307CA18945794081601DE02636D130299512AFA99081635E132F0CE132A13378F
:20B11000D418BAFD94181601DE0257E00C02CA18905999081605E10F7061130799492A0026
:20B130009F080335E926E5C913380C32D618B60099181605E10F64D40C07CA10905F9F08BF
:20B150000305E903655A131592442A009B0A0835EF2AE8D6202C0C37D810B6079F18030558
:20B17000E90359CD0C15C30B905F9B0A0805EF076867200992492AF89B100E35DC2AF0CA84
:20B190001525574577029B200A07E1076AD2110FD01289579B080A0DE707635F2003944419
:20B1B000230694030A3DE32CE8CE262A113FD412AFFA9B180A0DE70757D21903C50B8965C9
:20B1D00094030A0DE309685F2607975130FA94080A35E332EECE132A1933CB0BAF09924426
:20B1F0002A009B0A0805EF07E8D62009DD08B6FC99512EF894081001DE02E3DC1302E4108A
:20B21000B6FF974936F899101007DC07EACE1A0FE808AFFE9F4525F394160300E30FEAD0E5
:20B230001807F008B4079F4B23F89B080A0DE707E3CE2003DF03771592442A009B0A08058B
:20B25000EF07E8D62009DD08B6FA99512EF894081001DE02E3DC1302E410B6FD440B1608E7
:20B270004416D21B0519E46C49010C06DD1812FC96130313DC0280081EFE99181605E10FAD
:20B2900062D40C07CA1045107F0A06001AF43C12737694130A0DE3095CD21F07C818965985
:20B2B00094080A05E30F6E5F13FC12480788057C4347770FC0250A2AA718080DE90957D283
:20B2D0009B180A3DE72A57D21933C50BC535B7029B200A07E1076AD21100D012DD0249F858
:20B2F00012909F180305E90359CDDD16B7029B200A07E10768D21100D012DD0289F8189036
:20B310009F180305E90357CD94260330E3325CD41137D610CA2FC40994180A05E30F8400F7
:20B3300017FC9229DFFD3E1674050D08146A99181655E15462D4054C0C5D0C764E4C70071F
:20B35000801F072594260300E30F80021CFC982DE20A4B2A740A0D0014709F180355E94854
:1EB3700059CD055A05580C764A4E750770230A32A11A0305E3076ED8E808B707109433
:20B3900094260300E30F4ED49C07F5277A92D5094749E4107E0F9F180305E9034FEBDD163A
:20B3B000B7022710B30B99181605E10F64F2852C9B180A3DE72A4DF0A4333C12736605477A
:20B3D0000C6577081DE9182A99201037DC2A50529E3F591744F95BF646F3BE16030BA5E002
:20B3F000530E531767F87C0FA11A0305E30762F8902C94181031DE254DFE9732411F7A5A8D
:20B410000A4C185D750E2CEB052A85883E0459FA54F8840396130313DC025EF85E09991808
:20B430001605E10F74C257F855170B007D375109A1140500DC1557EB5E009B1A0805EF07E4
:20B450006CC858294EF80BF8791F4E0994181001DE025BFE57028C10551909F885373E118A
:20B47000A11A0305E30762F862077E082C0850120406721235119B1A0805EF076AC8A409C5
:20B4900094180A05E30F66609307A1140530DC3865BB9E3F9B1A0835EF2A6068A02C573767
:20B4B000CC277E0F9F180305E90361EB94260330E3325EF25C37A718083DE92C81425E28BE
:20B4D00075103F077707A1140500DC1565BB9E0F9B1A0805EF075078A00994180A35E33272
:20B4F00070C09737A1140530DC384B6B9A325E3999181635E1326CF2572875082B0F8207FB
:20B5100094181601DE0265CE97039D200A07E1078E72980FA1180333E52A66F862289418BC
:20B530001631DE255FFE57259D200A37E12A78C29C3FA1180333E52A82789E2A57378114D7
:20B550006602771594140C0DE3096AC0AA0999201005DC0574809A0F9F180335EF2661EBC1
:20B57000574594140C3DE32C64F06A2A531F510894160C35E3326AF05729A7140530DC388E
:20B5900065BCA03F9B1A0835EF2C7088A02A573577186B0F820794181601DE0265CE97033E
:20B5B0009D200A07E1076E92980FA1180333E52A66F8623794181631DE255FFE5724571FE5
:20B5D0004BFA99181637E1326CF0572657174B109F180335EF2661EB573794140C3DE32C85
:20B5F0006AC0AA3999201035DC2864909A3262376E187703790294260301E50F6CC29C07D5
:20B61000A71A080DE9074B9E9C079B200E35DC2A78BC993294260331E53252A2982A6A3967
:20B6300099201035DC2864F05E30790824078A0396130313DC036EC89E0999181607E10FA4
:20B6500088A093059D180A3DE72A5FF06A2496130343DC2664F85E2B99181637E13272C017
:20B6700097359D180A3DE72A7BA0A62659326E266403800F9B1A0805EF096AC8A4079416A4
:20B690000C05E30F76B09307A7140530DC385FEC603F9B1A0835EF2C64F864284E154D083C
:20B6B0009B200E35DC2A6EEC592494260331E5326CC29C37A71A083DE92A6BAE9C2A5E3F04
:20B6D000791864078A03410F94260301E50F5AF299181637E13260F05735CE277E0F9F185D
:20B6F0000305EF034FEB94260331E53254F29C37D829BC0FA1180303E50754F8A2F8DD8529
:20B7100055F4588194260301E50F6AC299181637E13270C09735CE27BE0F9F180305EF0399
:20B7300065BB97153E844A1049199C08A71A080DE90763BEE608BE0F9F180305EF0351EB7C
:20B75000DD1677039D200A07E10766F2E210840794160C05E30F70C097F8F00F84F31116D8
:20B7700094140C0DE3096AC0A71A083DE92A65BEA037CC2FC2073F0FA7140500DC1565BCEB
:20B79000E610BE0999181607E10F72C097059D180A0DE7075B60A603DF03771594140C0D03
:20B7B000E3096AC0AA0999201005DC0554709A0FE8087707A7140500DC1565BCA00F9B1AF0
:20B7D0000805EF098078A007DD0680079B200E05DC0778BC990294260301E50F7282980786
:20B7F000F00A7C0FA1180303E5076CC8A20794181601DE025B9E9303E6107E0999181607AF
:20B81000E10F72C097059D180A0DE7074BA0A603DF03771594140C0DE3096AC0AA0999205B
:20B830001005DC0584A09A0FE8087707A7140500DC1565BCA00F9B1A0805EF0970B8A007BD
:20B85000DD0680079B200E05DC0782CEDF04371594140C0DE3095ED2A71A083DE92A63BE27
:20B87000A0377E0FD3074749918405F3771503944C549B1A0805EF0974D8645777054C4C45
:20B89000BA544E4C94181601DE026BDE94140C3DE32C74D06A397C0FA1180303E5077ED891
:20B8B000625777075648B547435A94140C0DE30978D0A71A083DE92A77CE60377E0F9F18DC
:20B8D0000305EF0381CB576577034C54BA4E484CA71A080DE9077BCE9D180A3DE72A7FD035
:20B8F0006A33790294260301E30F82D299181635E13288D057375E48551F4FF87707A7148D
:20B910000500DC1577CB9B200A37E12A8AD05C3F64484E174BF87E0F4E4CB34C5648961322
:20B930000313DC0272D89B1A0835EF2A70D86437574855174B00820794181601DE027FDEEC
:20B9500094130A3DE32C84D06A375C505B1744F87E074A54BE4C434CA7140500DC1573CBE0
:20B970009B200A37E12A86D05C3F64484E174BF87E0F9F180305EF0371CB94260330E332EF
:20B9900076D25C376A48531F51F877074A4CBA544E4C94181601DE0273DE94130A3DE32CA2
:20B9B00078D06A375C505B1744F87E079B200E05DC0792CC96130343DC2586D85E395C4817
:20B9D000611749008407434CBA4C4A549F180305EF037DCB94260330E33282D25C376A4844
:20B9F000531F51F877079B180A0DE7076FD0A7140530DC386FCB5E3F5E4A531757F87C0F40
:20BA1000504CB34C4A4C9B200E05DC077ECC96130343DC2572D85E395C4861174900840729
:20BA300094180A05E30F82D094181631DE2577DE57325E50551949F88A074854C04C434CFE
:20BA50009B180A0DE7076BD06A0396130313DC027AD85EFA7308370799201005DC0782D073
:20BA70005E0079082407A7140500DC156FCB5E00750A3907A718080DE90777D05EF87510BE
:16BA90003F0794181601DE027FDE57F375103B390A2A520908A0E0
:20BAA80043549B180A0DE70753E0F004B9023F3894130A0DE30958E0AA0799201005DC0792
:20BAC8004E509A0F9F180335EF2655DB974594130A3DE32C7050A62A5C3F840794180A0599
:20BAE800E30F5EE094181631DE2553EE9732CC2FBE0999181605E10F60E097F8E411490083
:20BB0800E78794181601DE0243EE94130A5DE34E4C50564C750FC206052A7EFA9B200E059D
:20BB2800DC075A4C96130343DC2556685E397C07A718080DE90747509B180A3DE72A4F6097
:20BB4800622571F694260300E30F4E5299181635E1325C604F2A76FE9B200E05DC0756DC05
:20BB680096130363DC474E584A4E75079D060A3F7CF994180A05E30F525094181631DE252B
:20BB88004F6E573276019B1A0805EF074C58A1180335E32A56685A296FFCA7140500DC1529
:20BBA800474B9B200A37E12A626054327CFF94180A05E30F525094181631DE256B5E57328A
:20BBC8007E0F9B1A0805EF074C58A1180335E32A72585A2B6FFBA7140500DC15474B9B20BF
:20BBE8000A37E12A7E5054367CFE94180A05E30F4EE094181651DE47475E4347770F480807
:20BC08000A3782FA99201005DC074E509B200E35DC2A625C59326F0894130A0DE3094C5006
:20BC2800A718083DE92A4F60562976059F180305EF03494B94260330E3325662542A82003D
:20BC480099201005DC074E509B200E35DC2A7E4C51246F0794130A0DE3094C50A718083D8A
:20BC6800E92A6B50562C76049F180305EF03494B94260330E3327252542F82FF9920100515
:20BC8800DC074AE09B200E55DC4C5A4C45477015F8000C3F76FD99181605E10F50E04B277E
:20BCA8009B180A0DE70743E06AF45012540677D24ADCBA5648D4A718080DE90743E052377C
:20BCC8009B200E05DC0756DC59F34E2554F37EDF4AD6B85456D499201007DC074AE0524F42
:12BCE8009F180305E90345DB57064E125B007ED9089870
:20BCFC0099201007DC076AE29E02102A3F09109496130313DC025BFA1EFC0A2A520908A020
:20BD1C00A11A0305E3075AFA22FA052A4C05059394260300E30F5DF41CFA182A4411109A7B
:20BD3C0043570C570C047B06F8C412260725E2280D830C044AFE7506A7C50A047D08E3C525
:20BD5C00460C8C62102A3F18A1140500DC1579CD9B200A37E12A8CD2113FD012C527BE07BD
:20BD7C008C12102A3F09109496130313DC025BFAE40A3C07A718080DE90963E2E408BE0FFC
:1ABD9C009F180305E90367DDDD16B7029B200A07E1077AE2E210C409039888
:16BDB8009B200E05DC0760EEDF03371585270C54770A20081698E5
:0EBDD000A11A0305E3075BFAE8093707109490
:16BDE00094260300E30F5AF4E2094A078A54124E70080E080AA09E
:0EBDF800054CA1140500DC1557ED3E040A9A17
:20BE0800A718080DE90963E29E07E91F780894181001DE026B9FDD043E0F77097D07182AC7
:20BE2800E7226F8A94180AD5E3DC769194181001DE0267F097025DDF2AFA99181605E10FFE
:20BE4800DC6213FCBA1C9B200E05DC0774DE990256E523F39B200A07E107E260180F24FE89
:20BE6800434C0C4C770F7607052A44C696130313DC0272991E09E7174A8899201007DC0745
:20BE880052818F0F2E887707A1140500DC1563DD9E0FC9291508A718080DE90963E29B1890
:20BEA8000A3DE72A63E2A433C702B71594130A0DE3096CE2A718083DE92C67E29E37CC2F47
:20BEC800C20794181001DE0267F097F3E47449FA1008A718080DE90967E2E408BE0F0E98F2
:20BEE800434C124896130313DC026AEA9EFAE26A95F89010A11A0305E30775992207E21772
:20BF0800898496130313DC027599E40B3C07A718080DE90963E29B180A3DE72A63E2A433FD
:20BF2800C722B71594130A0DE3096AE2AA075BDF30FA94180A05E30FDA60130744F8961353
:20BF48000313DC027399E40A3C07522E99201007DC076CE29E0F61D723F8A1140500DC157C
:20BF6800CF5B1A0F9B1A0835EF2A7199243913079B180A3DE72A6C912433154517452FF4A2
:20BF88009B200A07E1077F9199201037DC2A73911E3FD0273707A1140500DC156C8C1E0F69
:20BFA800C999DE07A718080DE90965E29B180A3DE72A65E2A433C722B71594130A0DE3099D
:20BFC8006AE2AAF8E2744FFA0B089B180A0DE70765E2EA04B90294260300E30F7593E20870
:20BFE8004A0799201007DC077491E41042073F0FA1140500DC156D8CE4113E090808521A49
:20C0080099201007DC073E52130F6220F9FDEA5807F770162A439B200A07E1078091E2124F
:20C02800440994180A05E30F789117FA1226410403A623139B200A07E1077CE29C0FEF19C3
:20C04800B910E46C9B200E05DC0770DE99F35516DD17891FB41299181605E10F7CE45707ED
:20C068005D672A009F180305E903457C5706821294189B0A0805EF0790C31909C310682049
:20C088009B200E05DC07768DDFA737153F0A9B200A07E1077C91E2B6440994180A05E30F76
:20C0A80074E297F8EAA264F3A99794130A0DE30978E2AA0799201007DC0736521300CE108F
:20C0C80082179A0596130313DC0378EA5E095B6736FA931F15F894160C05E30F4E8157F83D
:20C0E8009513790494260301E50F36541107D61243D02208821521889B200E05DC07687DC4
:20C1080096130343DC26385A1339C810A71A083DE92A73E0A028AC1FD007770752309613F1
:20C128000313DC035E899B1A0835EF2C325A1937C30E9D180A3DE72A73E2AA24A7123EC674
:20C1480015044E1F45CA1A0863CAEA2F1D0843090C080A105917A329B6367003F33803046E
:20C168000C1006367308E62C7791140810060C0B0C4382FB94181631DE255D8F94140C0D12
:20C18800E3095A816A0999201005DC055401DA0F56277737A7140500DC1573DEA00F0C097F
:20C1A80099181607E10F80E294160C35E3327EE29728D814B9F3E22535849D200A07E1072A
:20C1C80070835C04124C70058C244A324E2C434C830346214338432600B29B1A0855EF4E2A
:20C1E8006AA9A108045EE55D4E334E4C435D8302BCCA053894140C0DE3096AA1F00C3C0FD5
:20C20800A1180303E5076CA9E8282F01A7140500DC156F8DE6103E09442CA71A080DE907F6
:20C228005D7F60FC0C547B07532456264527435A70031D2E4A2C482A0AAC99201055DC4A40
:20C2480078919B100F60DC5D5F274547436B700293D70C2C99181607E10F7C91DD263800A0
:20C268009B200E55DC4C789D96130373DC5978994A4E485D8308A4E0502A94160C05E30F83
:20C2880060815707A7140500DC154BFDDC0F9E091E078AB999201055DC4A78919B100F60FD
:20C2A800DC5D63274547436B700266D70C2C99181657E15472A194160C65E3657A91434C2F
:20C2C8005659720178E643269D200A07E10768835C0FA1180303E5075209DE07970744FB99
:20C2E8009603040EDC035E334A09440EA70A0908E9075C294C079B200E55DC4C789D454705
:20C30800430B700261E04A2C99181607E10F628157059D180A0DE7074B01E60399023E06D3
:20C3280002043200E4A947F8260A99201055DC4A6EA19B100F60DC5D76274547436B7002D2
:20C3480043E04A2C4426A71A085DE94C659F9D180A0DE70755816A0396130313DC0354097B
:20C36800DA099C0751FA0710361794060D00E30F1688D307DE194547436B700225E04A2C51
:20C3880099181657E15472A194060D60E365722B434C565972010FE643269D200A07E1077E
:20C3A80068835C0FA1180303E5075209DE0797072C0340C30816810B9D200A07E1077CE4A4
:20C3C800E210C4070306480F9B200E05DC077CDEDF03B71594140C0DE3095E81A71A085DCD
:20C3E800E94C659F4C4C770E3FD8052A8AF622038B1994140C0DE3096EE2AAFAE2AF6FF8B7
:20C4080049879D180A0DE70773E2AA0396130313DC03887913FAC81095191811A11803036E
:20C42800E50776EA6207566736F49012080694140C0DE30948816AFA871F100994160C0554
:20C44800E30F8A710CF8D60CDFFD820618849D200A07E107688399201035DC288871133F13
:20C46800CE1094181631DE2573F09724AE1FCC097C07523499201005DC055E819B200E358B
:20C48800DC2A946D0E32C31E94140C3DE32C78E2AA2AAA1F9BA71206E60257D0F0271008DD
:20C4A8005607050303164EF4AA31AA3C73F8062A08101008FF3475F8DA327D890708230440
:20C4C8000506054977F69B200A07E1076C81E220840794180A05E30F749117FCA7140500DB
:20C4E800DC15597C5E059B1A0805EF075E89640794180A05E30F608157F851047615062519
:20C508000DF4411F7A6A99181655E1544C81054C0C5D0C764E4C70079915072594260300CC
:20C52800E30F7AE49C07180799201005DC077AE29B200E35DC2A86DE9923C526B7F3E91F13
:20C54800268A99181605E10F4C810C07CE107EBF9F180355EF48679C9416045BE365712D34
:20C56800484C565D750E0CCD052A9B180A0DE70765A1F006390294260300E30F46835CFC22
:20C58800184C750FB222432A4A2C4A547B07662456264525F7B894130A5DE34E7491A708C2
:20C5A8000968E95D772B4A4C4A657B06DCCD182696130363DC476CA99B1A0865EF5D7499AB
:20C5C800504C435D7706FEDE4E2A94181601DE023F8F0C02D2187EB999181605E10F4C811D
:20C5E8000C07D41082119F180305EF03417C0C15CF0B82129B1A0805EF0744891907D11026
:20C60800820B9B200E55DC4C828D9603046EDC5884334A4E485D8306ABD5122A94180A55AD
:20C62800E35470A194181661DE586F9F43474A657708C6D6562A442BA1180305E3076CA940
:20C64800E8083707A7140500DC1573DD9E0F9B1A0805EF07847919F8C31089170D104A0F47
:20C6680094181601DE0269F0DD03BE0F9B1A0805EF075E89A1180355E34C6CA94E4C700605
:20C68800FBD207257708200346129B1A0805EF076EEAA4F8DDA869F83E929F180305EF038C
:20C6A800577CDD16770246289B1A0805EF075A89640794180A05E30F32011307F004390296
:20C6C80094260300E30F5C8399181635E13262815737CC277E0F9F180305EF03577C5715D4
:20C6E8003E031E104919EA07A718080DE9074F81E408BE0F9F180305EF03517CDD16B702F9
:20C708002710EE0B99181605E10F5C8197075D972D009F080305EF0369E413150C02181835
:20C72800E929D189A718080DE90773E29E07905F9F180305EF0329FC130A94130A0DE3093B
:20C748005481AA075B9F33F894080A05E30F72E913075FF9280D853A43474A650C4E7506BA
:20C7680077D64832A11803D5E3D458899F180305EF03517C971556922D009B0A0805EF07DA
:20C788006CF120074CFC2D124A547B0662D61826B9C594260300E30F7AE49C079C57992017
:20C7A8001005DC072E011A04BE2C94181601DE024F8F97025D9F2DFA99081605E10F74E9FC
:20C7C80013079B180A3DE72A5181AA33C7D213154CF82D1A8C4E484C565D0A547D0625D634
:20C7E8004A2A9B200E05DC07627D990256A526F39B100A07E1077AE9180F19F82A10E449D8
:20C80800891F3D0894181601DE0273F09702905F9B1A0805EF072C092007DD0936049B20A6
:20C828000E05DC07627D990256A526F39B100A07E1077AE9180F19F82A10E44B69001D88B6
:20C8480094181601DE0273F09702905F9B1A0805EF072C092007DD0B36040A104A169418E6
:20C868001601DE0273F09702905F9B1A0805EF072C092007DD0836049B200E05DC0786DE86
:20C888009902896594130A0DE3092C01260799201037DC2A56819E3F619726F8A104053059
:20C8A800DC3867E41A32962DB4FBA718080DE90973E29E07905F9F180305E90329FC1315AC
:20C8C80094130A3DE32C5481AA375B9F33FA94080A35E33272E9132A9C2858B22306AFF751
:20C8E8009B200A07E10786E29C0F965994180A05E30F32011307A1140530DC384F7C9E3FDA
:20C908005D992BF8A708083DE92C67E91A2A133F18114E1711F5B1F894260300E30F688330
:20C92800FCB7A718080DE909658102099B200E05DC07767DFD0594260300E30F56839C07B4
:20C9480069972B00A10A0305E3076EF11E074CFC1F0E9603046EDC5858434A4E485D83066E
:20C9680023D4122C94180A05E30F7EE29707965396130313DC022E091A0999181635E132E0
:20C988006E83573736059B200E05DC0780DE9902896594130A0DE3092C0126079920103739
:20C9A800DC2A6C815E3F3A0694181001DE02698F57024510870A87F82D8899201007DC07E4
:20C9C8007AE29E0F945794181001DE02270F13029B200A37E12A7C815C3F4B0A8008AC1734
:20C9E800360F4A1A94181001DE0273F09702905F9B1A0805EF072C09200994180A35E332E8
:20CA0800748157373C0396130313DC027AEA9E098E57A718080DE90927011AFC9B100E659D
:20CA2800DC5DD1678727435A43580C547708EED4182AE7122C0A94180A05E30F7EE29707DA
:20CA4800965396130313DC022E091A0999181635E13280E4973790579B200E35DC2A34FD91
:20CA680015250F421982360C462499181605E10F80E4970790579B200E05DC0734FD15023E
:20CA880094260330E3327AE49C379C5799201037DC2A2E011A321A3499883C00961303137D
:20CAA800DC027AEA9B1A0835EF2A78EAA439C527BE079B200E05DC075C7D96130343DC25B7
:20CAC80056899E39CA27CA0799201007DC0756819E00E81242F8288296130313DC0260894A
:20CAE8009B1A0835EF2A4889643977079B180A0DE7072301A1140530DC3827FCFE029B1A85
:20CB08000805EF075E896409E217F90A9B200E05DC0728FDDF4A371594130A0DE3096EE275
:20CB2800AAF8E2AE6FFA14089B180A0DE70769E2A4F4DFA262060C039B200A07E1077CE291
:20CB48009C0FEF1901899B180A0DE7075381EA04B9022016AD039B200A07E1072E019920D9
:20CB68001037DC2A76E25E3F45176BF8636325F32F0794130A0DE3092001A718083DE92CB4
:20CB88006FE25E375D6F2EF889973CF696130313DC0276EA9B1A0835EF2A74EA6439C52774
:20CBA8007E079B200E05DC0728FD4502B35594130A3DE32C5881AA375B6F30FA94180A352D
:20CBC800E33270A1132A1933050B371594130A0DE30920015607B85FA11A0335E32A5A8920
:20CBE800A237566730F4C72294260330E3326CA3182A1F370818440994180A05E30F2601A0
:20CC08004307C06396130343DC255A899E395B6736F8CA3FA11A0335E32A6CA91E2A0C375C
:20CC2800100C390294260300E30F22034807C67799201037DC2A5A819E3F616723F8D2437F
:20CC480096130343DC256CA91A2C113716103C0FA11A0305E30722094E07B387A114053077
:20CC6800DC38537C9E3F5D6928F8D85799201037DC2A6CA11A32173703104A0396130363BB
:20CC8800DC482409E413484C18FE750F3B0105289D180A0DE7075381A7140530DC38537D4B
:20CCA800A03FCC29BC07A71A080DE907537FA0079B200E05DC076C7D59F3856750C4EE3F83
:20CCC800170A480B160A08105B18A347AC477520FE4C0308160401FF6E26D3487B920E0A78
:20CCE8001508160D0A544F573B859D180A5DE74C65A1A7140500DC15537DA00F5D6928F8BD
:20CD0800A71A080DE907659F1CFD4A544E5D700695BF452594260301E50F70E49C07F519F4
:20CD28001591A1180303E50760899F180355EF48679C435A700296DB0C2C7CFAA71A080D64
:20CD4800E907597F60078C605BC8E5272304450603160304571FAA2BA847810AF8321008E8
:20CD6800030608047510DE2A72891A04120303190537EB13A60A99181607E10F628194168A
:20CD88000C35E332648157378A03411B94260301E50F5C835C07A71A080DE907659F1C07F8
:20CDA800E410420794181601DE02558F94140C3DE32C5A816A39CA2F840794160C05E30FF8
:20CDC80060815707D573E98294260301E50F220399181637E1327CE25735431772006167F3
:20CDE80023F842F596130313DC0324099B1A0835EF2C74EA643756652CF8909F3AFA94181A
:20CE08001601DE026FF094140C3DE32C74E26A39CA2F840794160C05E30F26014307C64310
:20CE280096130343DC266EA9133908104A0999201005DC0524014A0FBE5794181631DE25F3
:20CE480065AF0C330D183E0999181607E10F28014305BC679B200E35DC2A789D0E32051E3D
:20CE680037039D200A07E1072E03480FC07794160C35E33270A10C37190C39029426030189
:20CE8800E50F22034807C68999201035DC286EA1133F12103707A7140550DC5A1BFDE619B3
:20CEA8004A4E0AFC83092608122A94160C05E30F2601DD1D4A0396130313DC032409E40A02
:20CEC80034F9A71A080DE9071BFFE60836029F180305EF031DFCDD162FF79D200A07E1077E
:20CEE8002E03E2103CFC94160C05E30F2601DD0842F996130313DC032409E40A34FEA71A2F
:20CF0800080DE9071BFFE60836079F180355EF481DFCDD1F43480E047709ECFF182C99205F
:20CF28001005DC057CE2E410C20794181601DE026FF0DD04800F460B0808330ADC10A11823
:20CF48000303E50770EAA2F8DDA875F4D18394260301E50F5A83E208CA092510AC089416C2
:20CF68000C05E30F260194181631DE256FF05733431F72FA5B6736FA3401A1180303E50700
:20CF880022099F180335EF2671DD574556632C00909934FAA71A080DE9076FE09D180A3D23
:20CFA800E72A6FE26A33C722771594140C0DE3092001A71A083DE92A537FA0375D6F2EF873
:20CFC80094181631DE25230FD7261C321E3934FBA71A080DE9071BFF9D180A3DE72A53818F
:20CFE800AA335862230694140C3DE32C2801EA2C18321C292FFA9D180A0DE7071B01A714E1
:20D008000530DC38537DA03F5D6928F8A71A083DE92A23FFE02A1A321A2A2FFDA714050069
:20D02800DC151BFD9D200A37E12A66839C3F636723F69D180A3DE72A2301EA2615250F396C
:20D048002FFA9D200A07E1072E0399201035DC285C819E3F616723F8A7140530DC3823FDF5
:20D06800DE321A2C142C42FF99201055DC4C2201E4194E4C05FC83033AFA053894130A0D1B
:20D08800E3095881A718083DE92A53819E37CC2FC20794181601DE02538F97029B200A0755
:20D0A800E1076C815C00925950C8EC3717104E0B030816045013A357A3427520FA4E08083D
:20D0C8001608040C7B18D34C798A0E101B08030B18484452499594130A0DE3096EE2F00850
:20D0E800BC0F10083F559B180A0DE7071B01F019390294260300E30F2203E20842F99920E7
:20D108001005DC072201E4103AFA94181601DE021B0FDD0336039B1A0805EF072009EA080B
:20D128002FFC9B180A0DE7071B01F00431F894260300E30F2203E20842FE99201005DC071C
:20D148002201E4103AFF94181651DE471B0FDD0C4A540CFE7507DCFE0A32A1180305E30747
:20D168007AEAE808B707A7140500DC1569DDE410BE0999181605E10F7CE2DD087E070A1045
:20D188004A1B94181601DE0273F0DD03BE0F9B1A0805EF076EEAEA08B7079B180A0DE707F7
:20D1A8006FE2F004790203163F169B200A07E10786E2E210C40794180A05E30F7AE2DD0872
:20D1C8008A0396130313DC026CA9E40A3C0716982820124C4354E41269046BA69408163195
:20D1E800DE258BC90C32CA18682299181635E13282B1DDAC3E3746179F180335EF2677AC62
:20D20800DDBC37329B200A07E10768F2E211440717C8E408691F6908DD0975139303DD19FA
:20D2280062124711E40E6717850AE2156F17B20AE40E691FD50BDD1075130711DD1F62128B
:20D248005513E4146717CC0BE21C6F173D16E416691F9916DD177513B711DD266212E21E4E
:20D26800E41B6717CE18E2226F178F19E41B691F8F1DDD1E7513BC08DD2F6212F016E42409
:20D288006717B311E22B6F170813E424691F7B14DD2575132E12DD346212BD29E4296717B7
:20D2A800F021E2606F17B220E459691FC120DD5A7513A91CDD7A6212362AE46F671718235A
:20D2C800E2766F1795232708E62D9F180305EF037EEC0FD737029B200A07E10769F21C0009
:20D2E800EA1262F81B889B200E05DC078FED1902612C85170C54770A5B50520D8A14124CD5
:20D30800700858509B200E05DC074A4E0E024C2E79F8E4590CFE7508053A99201005DC07ED
:20D328003E52130F552079FDF04B07F77016E7350A10270AB825A718080DE90756F216C95A
:20D348003E0F9F180305EF0358ED1715217C9B200A07E10769F21C00EA1262F8A788CF0F2B
:20D36800FED9880706D5C0F302249EF3091F30197C07A718080DE90756F21E07688E9F1828
:20D388000305EF030DCDDD17B7029B200A07E10728D2E211C4073F1D9B180A0DE7073752FB
:20D3A8001F035C1B790E94130A0DE30910D2F008BC0F4C0F94180A05E30F16D2DD09CA0353
:20D3C80096130313DC021ADAE40BBC07A718080DE90755F2E4093E0F7B07FBFCA714050084
:20D3E800DC1519CDE411BE0999181605E10F24D2DD09BE077710F63D94181601DE02675F12
:20D40800DD173E0F9B1A0805EF076C59A1080335E32A1D3422372FF9A7140500DC15674C22
:20D42800E41036FC99181605E10F745194180A35E33216E257372C0331F694260300E30FB2
:20D448006E5399181635E13218E457371097200F3AFC94181001DE02675F88023E202009EA
:20D468009E4842FD99201007DC076E518F0F421819073CFA96130313DC026E59E40E34FF36
:20D48800A718085DE94E6751E4114A5410FC700739F9072503162003082C16CB267D22C91E
:20D4A80043B0100A81109B180A0DE70756F21CC539023F1794130A0DE3095CF22A07267491
:20D4C800100A700767FC9B200E05DC0726CEDF03B71594130A0DE3091CD2F008BC0FA11AE7
:20D4E8000305E30753EAE8083707A1040500DC15F536E4103E0999181605E10F80D4DD02D7
:20D50800BE079B200E05DC070401DF03B71594130A0DE3094E52A718083DE92CF7059E37A6
:20D52800BE0F9F180305E903F700DD16B7029B200A07E107060599201037DC2AFC059E3F25
:20D54800C20794181001DE027F50DD03BE0F9B1A0805EF076C59EA0D37079B180A0DE70777
:20D5680067515003B52294260360E3654CF48A7C56FC4865124E70065FCF4A329F18035588
:20D58800E948694CDD1F43470C047709DDFB182A4390484B054C77086D579F180305E903C8
:20D5A800694CDD1A37029B200A07E1077A51480FC02994080A35E332120CD72D927845F767
:20D5C800436B0547770E38D1482AA718085DE94E6751E4114A5410FC7007BEF707253E966B
:20D5E8003B440C54770A444FA718080DE9096751E40D3E0F9F180305E903694C4315B322E7
:20D608009B100A37E12A1A0CDC35C07F857C4AFC4A65104C700616CB452594260350E3543E
:20D628006E53E211564C0A047D0989FB0C2A45904649054C7D04194A94260300E30F6E5335
:20D64800E20E4A0799201007DC076E514A0FBE2794081031DE25071AD725533518148A7C1A
:20D6680056FC4865124E7006E7CE4A329F180355E948694CDD1F43470C04770965FB182AEF
:20D688004390484B054C7708F5569F180305E903694CDD1D37029B200A07E1077A51480F98
:20D6A800C02994080A35E332120CD72A59291A0D853A43F74A650C4E7506CACE4832A11A77
:20D6C8000305E3076E594E07B347A1140560DC6B4DED8C644AFE485D184C750EB3D0432AEB
:20D6E8009B180A0DE7076751EA0431FA94260350E3546E53E211564C0A047D0920FB0C2A1A
:20D708002710D7230FC9EF131D03031670020E030C2CE71A26088A44124E7007FA14770F9A
:20D728006BFBDD6C12F872039E5C85170C547709EE14160844387D09F2FA0C2AE922328834
:20D7480003087D033CF694260300E30F6754E2124A078A44124E7007DC14770E0BDE9418A6
:20D768001001DE0237600C02582880FFE25618FC7510D23ADD6C0CFC7710804E852C12487E
:20D788007202C02203032710902599181605E10F63F4170728819B200E05DC0763EE19F351
:20D7A800DD2062F3A09016CBE717330899201007DC0761F21E0FED271708923807477015C2
:20D7C800A10F9B200A07E1076DF2E2114409DD6C0CFC7710534E851C12487202932203039B
:20D7E80046399B1A0805EF075FFA2409E2272D889B200E05DC0767EEDF0337157002E4021A
:20D808008C3E0A4C8307831C7D08A9DE9B180A0DE70737521903531B790BDD510C04770A9D
:20D828007338F06C0A047D0A1E4E8C2C0C547B076914A7140500DC156D2EA00F8001991894
:20D848001607E10F58E2DD0740079B200E05DC077A4DDF16371594140C0DE3096C51F00A31
:20D868003401A1180303E5076E599F180335EF264DDD17452FF69D200A07E1077A5399200E
:20D888001035DC2863F21E3F3AFBDD08180396130313DC03705936010A07A71A080DE907DB
:20D8A800674F38FE0C0F9F180305EF03694C2F0B94140C0DE3096C5142FE99201055DC4ACB
:20D8C8007051E4194E4C05FC830311F6053803042910EB2499081607E10FA4BB97F618C953
:20D8E8006900730894081601DE0297C90FC5C00F9B1A0805EF094C89A40794160C05E30FBF
:20D908001A91D307F017B1F594260301E50F4E839C07A71A080DE9070F8FDC079B100E3572
:20D92800DC2AAAB79932AF0994140C0DE3094C81AA0999201005DC051891DA0F7B08674A53
:20D94800182679F594260301E50F4E839CF8F03C87001408DD07480AE4109F180305EF0352
:20D96800497CB71594140C0DE3094E81AAFAE2428FF80706E6094612E83A94181601DE022A
:20D98800498FB7039D100A07E107AABD9C0F060094160C05E30F6E52DD084A03410A94268B
:20D9A8000301E50F6A54E2094A0908102D0876209D180A0DE70774B2F005390220166E1EB6
:20D9C8009D200A07E107888314D29F97230618C9B000C2F894181601DE02496097039D204B
:20D9E8000A07E10788839C006F1767069D180A0DE7074952A7140530DC38757DA03FBE099B
:20DA080099181607E10F548197059D180A0DE7070F91E603DF0FAF0894140C0DE3094C816D
:20DA2800AA0999201005DC051891DA0FBE7794181631DE2549609733C00F9B1A0805EF09C3
:20DA48004C89A40794160C05E30F1A91D3078304E044053877F69D200A07E1075A839C0088
:20DA6800EA3A82F61A089B200E05DC075A7D96130343DC2650899E39CA27CA094417A118DF
:20DA88000303E5074E89E808B707A7140500DC15497DA000E43C87F8230A99201005DC0575
:20DAA80052819B200E35DC2A5C7D9932C535B7039D200A07E107888314D49F97230618CB44
:20DAC800B000C2F894181601DE027F5097039D200A07E10788839C006F1767069D180A0DAC
:20DAE800E7077F42A7140530DC38757DA03FBE0999181607E10F548197059D180A0DE707EA
:20DB08000F91E603DF11AF0894140C0DE3094C81AA0999201005DC051891DA0FBE7794187E
:20DB28001631DE257F509733C00F9B1A0805EF094C89A40794160C05E30F1A91D307830438
:20DB48006844053877F69D200A07E1075A839C00EA3A82F61A089B200E05DC075A7D961349
:20DB68000343DC2650899E39CA27CA094417A1180303E5074E89E808B707A7140500DC15A5
:20DB8800497DA000E43C87F8230A99201005DC0552819B200E35DC2A5C7D9932C535B7036D
:20DBA8009D200A07E107569399201035DC2852529E3F591744F9910405074E2544F48710AB
:20DBC8001C0E531767FA83B03F0C4E155DF87E0F9F180305EF03F50094260331E5325EE498
:20DBE8009C3761194901A1180333E52A4A9962284E1767F450120407B7039D200A07E1077E
:20DC0800080799201035DC2862E29E3F591744F9A7140530DC38438D5E30551959F8611784
:20DC28000901C40794180A05E30F020594181631DE255BF09732551F4BFB99181635E13280
:20DC48005091572855175B00591704F9CA0396130313DC02FE0D9E09FE05A718080DE90745
:20DC68005BE29E0780079F180305EF03F900DD17B7029B200A07E1075C529C0FEF179E0823
:20DC88009B180A0DE707F705AA03E412971694130A0DE309F805AA07E71F9D0894180A05BA
:20DCA800E30F00059707F5138B0394260300E30F86449C07F5178710A1180305E307695A04
:20DCC800E8093707A7140500DC15757CE410BE094470A718080DE90775819E079B200E05CF
:20DCE800DC07060199F3422513039B200A07E10788819C00EA8494180A05E30FFE0597F922
:20DD0800B8238412121694130A0DE3097A81AA0799101005DC07FE3B1A0FE8093707523A4E
:20DD280096130313DC027C899EFAE246A718080DE907F5059EF9AC2F4DF82008A71405001C
:20DD4800DC15757C9E0F9B1A0805EF07FA0DA4F88EE80D0849001D0894181601DE02758F31
:20DD680097029B100A07E1070A3B180FEA0B370746159B200E05DC07887D99029416030066
:20DD8800E30FFE3D1807F00A3C0FA1180305E3077C899F180335EF26777C9745C522BE0FB3
:20DDA8009B1A0805EF077A89A4F8DD8549F89D8F4A0F94181601DE026260DD033E0F9B1A95
:20DDC8000805EF074E5AA40779029B180A0DE7077F42AA037BF703167002A6F50A0A25086B
:20DDE8007020750F1FAE052AE44B89029D0894181601DE02758F0FC5999F2A0A14C9BCF834
:20DE0800BC00A1180305E307525A62074E1717F5373294260300E30F7C839CF875177E1048
:20DE2800A1180305E3077C89A207E217850496130313DC02525A9B1A0835EF2A7A89A437CD
:20DE48004E174BF98510200C4E1767F4790294260300E30F4E839C07A718080DE9070F918E
:20DE6800DA07E424BAFA94181601DE02478F97029B200A07E1072291D80FA1180335E32A9F
:20DE8800525A62377E082808501244064E120B01B6FD99181605E10F548197079B180A0DBB
:20DEA800E7070F91E6037203B25505257E029B1A0805EF074C89A4F8DD3A89F818109F181D
:20DEC8000305EF03497C94260330E3324E839C37D827BC0F4C0F94180A05E30F5281DD084B
:20DEE800CA0396130313DC0250899EFAE23A95F81510A1180305E30750899F180335EF26E9
:20DF08004B7C9745C522BE0F9B1A0805EF077A891CCC92972A0816D3B4F8B7F8A7140500A0
:20DF2800DC15813D5E0F551909F9483799201005DC077C819E006D176A08A7140500DC15DB
:20DF4800813D9B200A37E12A88819C3F5B1744F97E079B200E05DC075A7D990294260300FC
:20DF6800E30F1693D807F01DB402A1180305E3074E89A20794181601DE020F9FD3029B2050
:20DF88000A37E12A94425C3F5B1704F9B6FB9B200E05DC075A7D990294260300E30F169321
:20DFA800D8078308394F122A77FA9B180A0DE7074781AAF4DF35820611039B200A07E10738
:20DFC8005A8199201035DC2A4E819E3FD027B707520B96130313DC024E89E40ABC07A718B8
:20DFE800080DE90749819EF8E4428DF81008A7140500DC15497C9B200A37E12A5C819C3FBC
:20E00800D229B7079B180A0DE70775811CC9B90294260300E30F7C839C072C0B0A047D09D5
:20E0280044E19B180A0DE7074952A4037BFD94260300E30F86449C078CFC08107D096DECA6
:20E048000A082710361F94181001DE0257F00FC4BE0F9B1A0805EF075CEAA40994180A0530
:20E06800E30F569197F86F13680394260300E30F529399181635E13264E49737BE079B200A
:20E088000E05DC07547D990294260300E30F1693D807F011B402A11A0305E3074E89A207FB
:20E0A80094181001DE020F9FD3029B200A37E12A6AE29C3FBCFD94180A05E30F5281970733
:20E0C800A1140500DC150F8CDA0F770AA546182A7C02A11A0305E3074E89A2F8DD3A8FF425
:20E0E800130394260300E30F4E8399181635E13254839737CC27BE0F4A0F94181001DE0218
:20E10800478FDD03BE0F9B1A0805EF074E89A4FADD3A89F817109F180305E9034B7C94265C
:20E128000330E33250839C37D827BC0FA11A0305E30760EA1ACAB707A1140500DC1559DDA5
:20E148009E0F9B1A0805EF075299A4FA62176D089B200E05DC075A8D96130343DC2560EA09
:20E168009E39BC07A718080DE90947819E079B200E05DC071C8DD502DD20AFF59B200A072C
:20E18800E1075A819C0FA11A0305E3071699DE0794181031DE2559F09732B6039B1A08054B
:20E1A800EF074C89A40994180A05E30F1A91D3077D042F41053877F59B200A07E1075A8184
:20E1C8009C00EA3C82F818089B200E05DC07547D96130343DC254E899E39CA27CA0744179E
:20E1E800A11A0305E3074E89E808B707A1140500DC15497C9E00E43C87F82308992010073D
:20E20800DC0750819B200E35DC2A567D9932C535B7029B200A07E1076EE214D3C409941889
:20E228000A05E30F66E29707A1140500DC15498C9E0069196B08A718080DE90949919B1889
:20E248000A3DE72A5BE2A433B90294260300E30F4E839C07A718080DE9090F91DA07E41B26
:20E26800BAFA94181001DE02478F97029B200A07E1072291D80FA11A0335E32A62EAA23763
:20E28800AFFBA1140500DC15477C9E0F9B1A0805EF071499E0097008C1450C3282FA94187F
:20E2A8001001DE02478F97F3E44289FA1608A718080DE90947819B180A3DE72A4781A43306
:20E2C800C722B7153F0A9B200A07E1075A81E210C40994180A05E30F548197F8EA3684F342
:20E2E800101694130A0DE3094E81A718083DE92C49819E37CC2FC20794181001DE02439F7C
:20E3080094130A3DE32C4E52AA37531F51FB7E080A0C551F4FF87E082208501254067EA3D5
:20E328003914551959F88A0799201007DC07FA059B200E35DC2A64DE99324E2544F49B200F
:20E348000A37E12A56915C305B1954F855170B01C20794181001DE02F51394130A3DE32C53
:20E368005EE2AA37531F51FB94180A35E3324E9157285B1356F34E2504F4BE0F9B1A0805A7
:20E38800EF07FC0DA11A0335E32A62EAA2374E1751F596130343DC254A995E2A531767F882
:20E3A800531F11FBB7079B180A0DE707F705A403FB0094260300E30F62E49C078CFF9920E7
:20E3C8001007DC07FE05E411C20794181001DE0249609702E91FAB0A99181605E10F040717
:20E3E8009707E917A4109F180305EF03F5009715E2139F109B1A0805EF09FA0DA407E2156A
:20E4080098089B200E05DC07923E9902E22588049D200A07E1077554E211440794160C052D
:20E42800E30F7251DD0742F996130313DC037E89E40ABC07527299201005DC057E819E0F8B
:20E448009F180305EF03F500970642131C109B1A0805EF097A89A4F8DD829D180A0DE7077E
:20E46800F305AAF5A722822512049D200A07E10788839C0FA1080303E507FE431E07DD0924
:20E488004A03413994260301E50F7C839CF8F04899201005DC05FE059E01B02742F8330497
:20E4A80096130313DC037E899E0999181607E10F020597F697E80D104DF81208A7140500FB
:20E4C800DC15757DA00F9B0A0805EF09FC432007DD094007461D9F180305EF03777C9715B2
:20E4E80094040C0DE309FC3B2609E212440794160C05E30F808194181631DE25758F973360
:20E50800CE2FBE0999181607E10F828197F6E6854900A1873F15A7140500DC15624EE6105A
:20E528003E0999181607E10F7451DD0638FD9B100E05DC07EB671902790E94140C0DE309AF
:20E548006C51F00934014C0F94160C05E30F7251DD0842F596130313DC0370594A09B83738
:20E56800A71A083DE92A73D0A037BE0FE8080507A7140500DC15674D38079B1A0805EF0939
:20E588006C593CFC70054AAA0C32E84B62FA1F8496130313DC037059E40B34FE52119920F9
:20E5A8001005DC057051E4103AFE94181601DE02675FDD0E400F270A761CA71A080DE90744
:20E5C800757F18CA999F2E080FC9BCF4B9F394260301E50F0C189C07A71A080DE907757F88
:20E5E800A0F8691F720894181601DE02052494140C3DE32C7A81AA39BC0FA1180303E50759
:20E608004E89A20794181601DE020F9FD303E616B6FC99181607E10F548197059D180A0DA2
:20E62800E7070F91E603B57294260331E5320C189C37CA0999201005DC0550819E0F9F1881
:20E648000305EF03118CD3157004EA4B0C2C7CFAA71A080DE907477FA0F8E4428DF81108F4
:20E66800A7140500DC15477D9D200A37E12A5A839C3FD227B705480F9B200E05DC075A7DC8
:20E68800DF03B71594140C0DE3094E81AAFAE2428FF810069D180A0DE7074981A71405306F
:20E6A800DC38497DA03FCC29BC07A71A080DE907757F18CC999F2E080FCBBCF4B9F39426E5
:20E6C8000301E50F0E189C07A71A080DE907757FA0F8691F720894181601DE0207249414A7
:20E6E8000C3DE32C7A81AA39BC0FA1180303E5074E89A20794181601DE020F9FD303E617C2
:20E70800B6FC99181607E10F548197059D180A0DE7070F91E603B57294260331E5320E187B
:20E728009C37CA0999201005DC0550819E0F9F180305EF03118CD3157004724B0C2C7CFAE9
:20E74800A71A080DE907477FA0F8E4428DF81108A7140500DC15477D9D200A37E12A5A836E
:20E768009C3FD227B705480F9B200E05DC075A7DDF03B71594140C0DE3094E81AAFAE24230
:20E788008FF810069D180A0DE7074981A7140530DC38497DA03FCC29BC07A71A080DE90729
:20E7A800757F18CE999F2E080FCDBCF4B9F394260301E50F10189C07A71A080DE907757F9A
:20E7C800A0F8691F720894181601DE02092494140A3DE32C7A81AA37BC0FA1180305E30777
:20E7E8004E89A20794181601DE020F9FD302E418B6FC99181605E10F548197079B180A0DC4
:20E80800E7070F91E603B57294260330E33210189C37CA0799201005DC074E819E0F9F18A0
:20E828000305EF03118CD3157003F84A0C2C7CFAA718080DE90747819EF8E4428DF8110808
:20E84800A7140500DC15477C9B200A37E12A5A819C3FD227B707460F9B200E05DC075A7DEB
:20E86800DF03B71594130A0DE3094E81AAF8E2428FF810089B180A0DE7074981A714053092
:20E88800DC38497C9E3FCC29BC0716082510131B94180A05E30F80810FCAA59325030FD7B4
:20E8A800A9F3BE009B1A0805EF07040DA40794180A05E30F808197F8751369039426030094
:20E8C800E30F060799181635E13282819737BE079B200E05DC075A7D990294260300E30FBA
:20E8E8001693D807F008B402A1180305E3074E89A20794181601DE020F9FD302BA7F9B1A9B
:20E908000835EF2A040DA437B7079B180A0DE7074781AA0396130313DC021699DA09750816
:20E9280089420A3284FA94180A05E30F528197F8F03684F3111694130A0DE3094C81A71841
:20E94800083DE92A47819E37CC2FC2073F0FA7140500DC15477CE410BE0999181605E10FBD
:20E96800568197F8E43A89001B0894181601DE02498F94130A3DE32C4E81AA37CA2FC40773
:20E9880094180A05E30F80810FCCA59325030FD9A9F3BE009B1A0805EF07060DA407941822
:20E9A8000A05E30F808197F87513690394260300E30F080799181635E13282819737BE0767
:20E9C8009B200E05DC075A7D990294260300E30F1693D807F009B402A1180305E3074E89A4
:20E9E800A20794181601DE020F9FD302BA7F9B1A0835EF2A060DA437B7079B180A0DE70798
:20EA08004781AA0396130313DC021699DA09750811410A3284FA94180A05E30F528197F8B2
:20EA2800F03684F3111694130A0DE3094C81A718083DE92A47819E37CC2FC2073F0FA71412
:20EA48000500DC15477CE410BE0999181605E10F568197F8E43A89001B0894181601DE02AB
:20EA6800498F94130A3DE32C4E81AA37CA2FC40794180A05E30F80810FCEA59325030FDB70
:20EA8800A9F3BE009B1A0805EF07081EA40794180A05E30F808197F875136903942603009D
:20EAA800E30F0A1899181635E13282819737BE079B200E05DC075A7D990294260300E30FC3
:20EAC8001693D807F00AB402A1180305E3074E89A20794181601DE020F9FD302BA7F9B1AB7
:20EAE8000835EF2A081EA437B7079B180A0DE7074781AA0396130313DC021699DA09750820
:20EB080099410A3284FA94180A05E30F528197F8F03684F3111694130A0DE3094C81A71850
:20EB2800083DE92A47819E37CC2FC2073F0FA7140500DC15477CE410BE0999181605E10FDB
:20EB4800568197F8E43A89001B0894181601DE02498F94130A3DE32C4E81AA37CA2FC40791
:20EB680003082708A2219F180305EF03777C0FD892922A1016CBAEF8CAF899201005DC07AD
:20EB880000059E0F9F180305EF03777C970662126E109B1A0805EF07FE0DA1180335E32AC7
:20EBA8007C89A237B707A7140500DC15477C9E0F9B1A0805EF071499E009DD0BB6FA9B20EF
:20EBC8000E05DC07547D990294260300E30F1693D807C67799201037DC2A00059E3FC207A6
:20EBE80094181001DE02478F97029B200A07E1072291D80F7D0A0B410C2A7E029F1803056B
:20EC0800E903497C9706DD358900180A99181605E10F548394180A35E33252819737D223B8
:20EC2800B9023F1D94130A0DE3094C81F008BC0FA11A0305E3075089A2F8DD3A8FF41203AC
:20EC480094260300E30F508399181635E13256839737CC27BE0F9F180305E903777C0FDA2D
:20EC680092922A1016CDAEF8CAF899201007DC0702059E0F9F180305E903777C97066212CD
:20EC88006E109B1A0805EF07000DA11A0335E32A7C89A237B707A1140500DC15477C9E0F72
:20ECA8009B1A0805EF071499E009DD0CB6FA9B200E05DC07547D990294260300E30F1693F0
:20ECC800D807C67799201037DC2A02059E3FC20794181001DE02478F97029B200A07E1079D
:20ECE8002291D80F7D0A93400C2A7E029F180305E903497C9706DD358900180A99181605CC
:20ED0800E10F548394180A35E33252819737D223B9023F1D94130A0DE3094C81F008BC0F3D
:20ED2800A11A0305E3075089A2F8DD3A8FF4120394260300E30F508399181635E132568392
:20ED48009737CC27BE0F9F180305E903777C0FDC92922A1016CFAEF8CAF899201007DC0736
:20ED680004059E0F9F180305E903777C970662126E109B1A0805EF07020DA11A0335E32AE1
:20ED88007C89A237B707A1140500DC15477C9E0F9B1A0805EF071499E009DD0DB6FA9B2011
:20EDA8000E05DC07547D990294260300E30F1693D807C67799201037DC2A04059E3FC207C0
:20EDC80094181001DE02478F97029B200A07E1072291D80F7D0A1B400C2A7E029F1803057A
:20EDE800E903497C9706DD358900180A99181605E10F548394180A35E33252819737D223D7
:20EE0800B9023F1D94130A0DE3094C81F008BC0FA11A0305E3075089A2F8DD3A8FF41203CA
:20EE280094260300E30F508399181635E13256839737CC27BE0F0E0820083D149613031384
:20EE4800DC025DFA1EFAE21275F84090A11A0305E30778891AC90CC8520C948323164512C2
:20EE6800BE0F9B1A0805EF073C5A19095A20E9172F109F180305E903737C971592922A10F0
:20EE8800E41455C8F8271510500D03080A085500AE29A3477BF4F52503160303060C75FA58
:20EEA800D82A85890C101D0A030B0C2A41125E48054C7D041C2F053803032710F619E262D0
:20EEC80018FC7510DF3294180A05E30F61F217F8EA0E64F3109643CFBA2C4ACE750751108F
:20EEE8000A32122E054C77085D4A4A400FCD0F33318394260300E30F748314CCA5972910C0
:20EF08001CCD92172BF84C001ACA929730F447F30FD745F37E009B1A0805EF07728964FECC
:20EF2800054C77083F4A1ACD6125100472036F4D0532C510E218A3A806084A1F12FE70086E
:20EF480031420A104A1343D4C02045C77015060B0C320C2E0A4C8308234AEA6505FC770891
:20EF68008B382B089B17A1040500DC1583A616D113CA4A10A588281052FA0FCB99172B0099
:20EF880050F80FCC9F9326F3450635537E009B0A0805EF0788B36409BE08860AA5A00E08A9
:20EFA8008112A7040500DC1583A7C7104A03A36789017C0F100820067A179B100E05DC0738
:20EFC800D29711C40CD6450C9B902A0A4AF822CD971F31F845F618CC999F2FF845F88AF410
:20EFE80096030313DC03C8A35E09C308920CA3A0100881109D080A0DE707BF9BD10445FC3A
:20F008009E7576FB800F0A0A25085B1999101005DC05E16B1E0FED171808A7040500DC1543
:20F02800F53718D13E0999181607E10F59E2DD0740079B200E05DC077A4DDF022F073F1169
:20F048009D200A07E1075FE4E210440794160C05E30F7251DD0842F596130313DC0370597F
:20F068004A09B837A71A083DE92A73D0A037BE0F9F180305EF03694CDD162FF89D200A07F8
:20F08800E10775541C0F6E2094160C05E30F7251DD0742F9410A94260301E50F6E53E208C7
:20F0A80042FF99201005DC057051E4103AFF7007BFA00725DD5962F615909B1A0805EF097B
:20F0C8006C59EA092FFC480F9B200E05DC077A4DDF032F0C94140C0DE3096C51F0143C0FA0
:20F0E8002D08DC149D180A0DE7074CE22A03E4225A970FC58E2069FA1608982A670069083A
:20F1080085466BF88C104988030875F42204201646059D200A07E10774541C0FEF271A86D2
:20F128009D180A0DE7075BF2F004390294260301E50F26F3E2089F093D18A1180303E50734
:20F1480026F9E8098C074C0C413394260301E50F26F3110776128A106FF80C068E5869006B
:20F168001408856875F408033F3494140C0DE30924F1F00B910F301094160C05E30F2AF132
:20F18800DD089F03260B94260301E50F26F3E2089F093D18A1180303E50726F9E8098C07AF
:20F1A8004C0C410603163F050C10270AFF08A71A080DE90761502007682F9F180305EF0311
:20F1C8005DEDDD8437039D200A07E10732F3E2109907380E481E9B200E05DC0732EDDF0377
:20F1E8008C15230C9D200A07E10732F3E27E9907240E9D180A0DE7071FF1F0048E02381E86
:20F2080003042910D50A99181607E10F2CF10CF66D10E4748DF83D88A7140530DC381FEDBB
:20F228009D200A07E10732F350CFA1180303E50772EA62F83E481C1452C3E54510044C1303
:20F248000A0A0808611AA850B0476E16EC4C0A100E08FF0485860903101603070E5457CA5F
:20F26800EA17230A4813100803065757AA30AE476E48F62605030316FF007B900E0A15082D
:20F28800160D0A32992A240E9D180A0DE70761522A03E4221C9694140C0DE30924F1A71A3D
:20F2A800083DE92A5BF02037930F2F1094181601DE025B0094140C3DE32C60F22A3993BF66
:20F2C80010F837059D180A0DE7076751F01C390294260301E50F6E5399181637E1322CF188
:20F2E8000C356D103601E8080507A7140500DC15674D38040C0999181607E10F74512FF9B4
:20F308009D180A0DE707675142F6DF03051594140C0DE3096C5142010A0FA1180303E507CE
:20F328006E593AFE94181601DE02675F2FF99D200A57E14C7A53E219504C05FA7907DCF536
:20F34800102A3F33A7140500DC15614E200F682299181607E10F2CF1DD0B95072A189F1888
:20F368000305EF0321ECDD1A8C0342189B1A0805EF0924F9EA086F049D180A0DE7071FF198
:20F38800F00471FF94260301E30F26F3E2099F073D184C0B030846090A104A090FCA9804BF
:20F3A80064F31016851369000D0A4417A718080DE9078630E4093E0F4A1294181601DE02A2
:20F3C800863EDD033E0F460D0808520908102D0865159B180A0DE707758122C50EC3451EE6
:20F3E80092832A104C19BC07A718080DE90775819EF8E40A6DF81C88A7140500DC1573CD56
:20F40800E48DBE0999181605E10F745194180A35E3327ED29737C2F596130313DC026E59F2
:20F42800E40A34FC523999201005DC077C819E0FED171C88A7140500DC1573CDE40ABE0972
:20F4480099181605E10F745194180A35E3327ED29737C2F596130313DC026E59E40A34FCCC
:20F46800521B99201005DC076E51E4103AFA94181601DE02675FDD0336039B1A0805EF0745
:20F488006C59EA0A2FFC9B180A0DE7076751F00E390294160300E30FDF6D1C078C00992084
:20F4A8001005DC076E51E40F3AF93F0FA7140500DC15674CE41036FB99181605E10F6F5213
:20F4C800170768209B200E05DC077A4DDF022F0B3F0A9B200A07E1077A51E2103CFD94085C
:20F4E8000A05E30FE46B0CF8160CDF444124DD45691F1D0AE24B75171F10EA4C6217250871
:20F50800E4556D172208522896130313DC026E59E40B34FE522C99201005DC076E51E41219
:20F528003AFE3F25A7140500DC15674CE4133600441EA718080DE9076751E40C36064A172B
:20F5480094181601DE02675FDD083606461299181605E10F7451DD0836FE46119F18030511
:20F56800EF03694CDD162FFA9B200A57E14C7A51E219504C05FC7707BFF4102A2008A110D0
:20F5880096130313DC026E59E41B3C07F0080A0FA1180305E3076E593AFA94181601DE0263
:20F5A800675F2FF4E4100C0999181605E10F74512FFC9B180A0DE707675142F7DF03051500
:20F5C80094130A0DE3096C5142FE99201005DC076E5136059F180305EF03694CDD162FFA4F
:20F5E800770F1AA40A2AF049670219080308770713AA102ADD4A75F6BF8694260300E30FC2
:20F608005A93E20D8A074441A1180305E3076E599F180335EF26694C0F37892236019B1AE8
:20F628000805EF075899640756972DF89B100E05DC077AE515020C15110B682C9B1A0805A7
:20F64800EF076C59A1180335E32A6E591A29990942F596130313DC025A999B1A0835EF2A6B
:20F6680058996437C5077E079B200E05DC07668D59020225CE829B200A07E1076691E21B87
:20F6880084073F399B180A0DE7076751A7140530DC38674C1632902934FAA718080DE90745
:20F6A80053915E075D9F31F894081601DE0267F71302130F18126624A718080DE90767517C
:20F6C8009B180A3DE72A675122269B042F0894130A0DE3095891A718083DE92A53915E371E
:20F6E800CC0F820794181601DE02539F5702097FD58999181605E10F6091DD257E0746410F
:20F708009F180305EF03694C94260330E3326E53142D9C273405A1180305E3075A99620774
:20F72800569739F496030313DC026EF11A0911072410662CA1180305E3076E599F18033559
:20F74800EF26694C0F3B990436059B1A0805EF075899A1180335E32A5A996237C5078A0329
:20F7680096130313DC025A995EFAE22095F8D28FA10A0305E30794C31707C3100FD343831C
:20F7880094160300E30F94BD1107D610077F2B8A94180A05E30F7251DD093CF796130313F0
:20F7A800DC026E599B1A0835EF2A6C591C2D94080A35E33298BB0C28D00C141213062FF6CC
:20F7C800462A9B1A0805EF076C59EA0B2FFC9B180A0DE7076751A1140530DC38674C1634A9
:20F7E8009B0A0835EF2A92C3192AC310CCA8191F1EF82FFC1004413094160300E30F94BD39
:20F8080011F8D610E2348FFA28889B080A0DE7078DBB19F4C50BDD3482F326909B1A0805D7
:20F82800EF076C59EA0B2FFE9B180A0DE7076751A1140530DC38674C16369B0A0835EF2A7B
:20F8480092C3192AC310958828101D1713F83CFA96130363DC476E59E413484C18FC750F4F
:20F8680051ED052AE4080C0F9F180305E903694C2F0894130A0DE3096C5142F9E2101209C6
:20F8880094180A05E30F72512FFCA1140500DC15674C3603E40A0A07A718080DE9096751B1
:20F8A80036FE9B200E05DC07744D31F894260300E30F6E53E20842FF99201007DC075A9138
:20F8C800E410820720085C0696130313DC025A995E095B9739F899101007DC076EE91A0FDC
:20F8E80017071110EF236F8394260300E30F7E83FCB7A718080DE9097B8102099B200E05BF
:20F90800DC078C7DFD0594260300E30F5A935C0769972B00A10A0305E3076EF11E074CFC5E
:20F928001F0E9603046EDC5858434A4E485D83063BBC122C94180A05E30F72519418103160
:20F94800DE25778F573236019B1A0805EF076C59A11A0335E32A828962372FFAA1140500D2
:20F96800DC157F7C5E0F450A850855171810A11A0305E3076E599F180335E926817C5745AB
:20F988003E038710AC1934FB521399201007DC076E519B200E35DC2A8C7D59322F09941345
:20F9A8000A0DE3096C51A718083DE92C53915E3795FF0FF837074C0B96130313DC026E5959
:20F9C800E40A3C07A718080DE90953915E075D9F31F894081001DE0267F71302130F28620E
:20F9E800E7277F8899201007DC077E81FEBF9F180305E9037D7CFB1794130A0DE309848116
:20FA08000E0A99201007DC075A915E0F619726F8A1040500DC1567E41A0F53FE2762A7080D
:20FA28000968E95F513B4A4C4A657B06B8B3122696130313DC026E599B1A0835EF2A7C899C
:20FA480064392FFC9B180A0DE7076751A1140530DC387B7C5E3F36FF99181605E10F8C83D4
:20FA68005707450887104D171308A1140500DC15674C9B200A37E12A92815C3F4B0A8008CD
:20FA8800AC1736064A1394181001DE02675F94130A3DE32C84816A373406A11A0305E30715
:20FAA8006E599F180335E926558C57458EF20B003E0999181605E10F7453170780039B204B
:20FAC8000E55DC4C744DDF0C435A05F7770F14EC0A2AF0080A0FA11A0305E3076E593AFADB
:20FAE80094181001DE02675F2FF4E4100C0999181605E10F74532FFC9B180A0DE707675151
:20FB08003CF7DF03051594130A0DE3096C5142FF0A0FA11A0305E3076E593AFE9418100184
:20FB2800DE02675F2FF89B200A07E1077A51E210440994180A05E30F5E915707639328F327
:20FB480094160300E30F6EEB1807C6D2FCB3E9FD515813470A18E2ABB352F5236E839426DF
:20FB68000301E50F7E83FCB7A71A080DE9077B7F04099B200E05DC07927DFD059426030184
:20FB8800E50F5A935C0769992B00A1080303E5076EF11E07DCFC65549603046EDC595A435F
:20FBA8004A4E485D830800BA122A94160C05E30F725194181631DE25778F573338019B1A9B
:20FBC8000805EF096C59A1180333E52A828962372FFAA7140500DC157F7D600F450A850890
:20FBE80055191810A1180303E5076E599F180335EF26817C57453E048910AC1934FB521522
:20FC080099201005DC0570519B200E35DC2A927D59322F0994140C0DE3096C51A71A083D26
:20FC2800E92A538F603795BF10F83707A7140500DC15538D600F5D992BF8A70A080DE907C7
:20FC480067E71C07BADA02ABDCFB74A40E42031ED7A7BC5AE9297188A71A080DE907777F2F
:20FC680000B79B200E05DC078E7DFD0494260301E50F8683000AA71A080DE907538F600734
:20FC88005D9F31F894081601DE0267F71303E50469AA99081762E1655E3B434A4C5D770E80
:20FCA80089B2052AA7140500DC15674D9D200A37E12A8A835C3F3CFC94160C05E30F725114
:20FCC80094181631DE257B8F573338059B1A0805EF09848964073E068908491F1E08941814
:20FCE8001601DE02675F94140C3DE32C84816A3943108D08A51538FE461B9F180305EF03AD
:20FD0800694C94260331E53286835C37420099201005DC0570519B200E35DC2A668D593251
:20FD28008EC505F4400F9B1A0805EF096C59240779019D180A5DE74C6751F00D4547050A5D
:20FD48007003DCF00C2C99181607E10F609194160C35E3325E915737D823790294260301C4
:20FD6800E50F5A935C07D579B98D100820069F10770F569E052AF04764F5979694140C0D8F
:20FD8800E30958F22A09E72F5B0843D2BC544AD47B076E471826E415449694140C0DE30941
:20FDA8006C51F01C3C0FA1180303E5076E59E86C2FF9A7140500DC15674DE62136FC9918EA
:20FDC8001607E10F7451DD0638FB9B200E05DC077A4DDF032F0A94140C0DE3096C51F00A3C
:20FDE8003405A1180303E5076E59E8082FFEA7140500DC15674DE610360175079BE90A3265
:20FE0800EF1A0F869D180A5DE74C6751F00D4547050A700373F00C2C0808524A9920100515
:20FE2800DC057051E422420794181601DE02675FDD6838019B1A0805EF096C59EA192FF839
:20FE48009D180A0DE7076751F00B31F694260301E50F6E53E20842FE99201005DC057051F9
:20FE6800E4103AFD94181601DE02675FDD0438069B1A0805EF096C59EA082FFD79074EEF6D
:20FE8800102AE21A228496130363DC487059E413484C18FE750F36E805280C082710BE0AFF
:20FEA8007007C6990725DD5982F6E7119B1A0805EF096C59EA082FF79D180A0DE707675189
:20FEC800F01531F594260301E50F5AF41C07F5296711A1180303E5077A89C9F80207CA03F1
:20FEE80011C4E22530049D200A07E1076693E21084073F2218C9381C9F180305EF03757C86
:20FF080094260331E5325A935C37CA0944261CC9890538C99B200E05DC07668D9613034310
:20FF2800DC265C995E39CA278A0999201005DC055C915E0FCD77E387160441610FD8E21358
:20FF480038109B1A0805EF075899EA087707462516D23C1594181601DE02738F94130A3D01
:20FF6800E32C58916A37CA7FC4073F1E16CA900F3ACA94181601DE02539F94130A3DE32C5A
:20FF880058916A37CA2F840794180A05E30F5E915707D573E48203163F3216D3E9193508F1
:20FFA800A718080DE9075391E4087E0F4A260FCB441296130313DC027A899B1A0835EF2ACD
:20FFC800589964378E970BF8BE0F4A1E0FCB9C0331C694260300E30F5A9399181635E13215
:20FFE80060915737CC277E0F9F180305EF03558C5715C272E88F9B1A0805EF07788919F887
:02000004801367
:20000800C310E4268900CA8894081601DE028BC90C02CA18682299181605E10F82B1DDAC47
:200028003E0746179F180305EF0377ACDDBC37029B200A07E1076A9199201035DC2A7CB190
:200048001E34E88094181631DE25738F0C23CA18907A99181655E1547C51054C0CFD0C1631
:200068004E4C7006F3F70725B70894130A0DE3094C91A708483DE92ADF689B180A5DE74C31
:200088006F51F07C4547050A030337120A0A0A2ACAFA99201005DC075E919E0FED176788F6
:2000A800A7140500DC15478C9E0FE9196588A718080DE90757919E07E91F5888941816011C
:2000C800DE02479F9702E91F4D8A99181655E1547C51851C4A4C0C547B0607C4A704050029
:2000E800DC158DB69B200A37E12A8681113FD010B707E4AE8C354908046CA7140550DC5A6E
:20010800737C0C040C5F0A6E564C750E9EFC052A9B180A0DE70737521F03831B790BDD8124
:200128000C04770AF123A718080DE9076751E41236019F180305EF03694CDD262FF59B2021
:200148000A07E1077A51E2103CFB3F13E4860C047B088B27A7140500DC15674CE41836FD16
:2001680008085213E28E12FC700886279B200E05DC077A4DDF0B2F09030346179B1A0805A0
:20018800EF076C59EA0A2FFB0A0846179F180305EF03694CDD1D2FF69B200A07E1077A510B
:2001A800E222440794180A05E30F7251DD0842F896130313DC026E59E40A34FDA718080D02
:2001C800E9076751E40836069F180305EF03694CDD162FFA9B200A57E14C7A51E219504C1A
:2001E80005FC770789EE102A94181601DE02675F0B3245100B0A6717488899201005DC07B8
:200208006E51E42E3AF994181651DE47675FDD0C4A540CFE75077CE60A32A1180305E3077E
:200228006E59E8622FF9A7140550DC5A674CE4194A4E0AFC83075EEE122A94180A05E30F2A
:200248007251DD6C42F596130363DC476E59E413484C18FC750F56E6052A0A08461D9F18A0
:200268000305EF03694CDD272FF59B200A07E1077A51E2123CFB94180A05E30F72510B3743
:20028800510406036225BF039B200A07E1077A51103F4B080408880F9B200E05DC077A4D73
:2002A800DF032F0970023AED0C2CE70A460899201005DC076E51E422420794181601DE02AA
:2002C800675FDD673601E40A0A07A718080DE907675136FD9B200E05DC077A4D31F7DD1694
:2002E80005029B200A07E1077A513407A1180305E3076E593AFE94181651DE47675FDD0CA4
:200308004A540CFE750704E50A327D0706DB9B180A0DE70767511E334003041662127A908B
:200328009B0A0805EF07DD73240921209B080A0DE707F53BEA0439023F1794130A0DE3094E
:200348006C51F0123C0FA11A0305E3076E594E07B337A1140530DC3873CD9E3FBE09991845
:200368001605E10F7453DD0836FC9B100E05DC07E5671902790E94130A0DE3096C51F0079F
:2003880034014C1194180A05E30F7251DD083CF596130313DC02695A1E096620A718080D5C
:2003A800E9096751E40736054A0F94181001DE02675FDD03360577092D9B182AE2536FFC64
:2003C8000C889B180A0DE7076751EA0531F93F1D94130A0DE3096C51F0083406A11A030540
:2003E800E3076E59E8082FFFA1140550DC5A674CE4194A4E0AFC83077DED122C030827082C
:2004080054151AC93E481D048304031620034D159B1A0805EF0748891CCC0CC84D109990F1
:200428002E084517840396130313DC0270EA16CBBC07A718080DE90969E29EF8E4AE6DF862
:2004480007882D04DD0394260300E30F70E49CF8F0A767005B8A94080A05E30F96BB0C0779
:20046800D00CE422439694130A0DE3095491F0187C0FA11A0305E3077CB922FC852DA11430
:200488000500DC154F8C5E00E4044308871A0B001A6B94180A55E3548A71054C1259076958
:2004A800435A7001C7010C2C99181605E10F82B317FC8C2D9B200E05DC075C8D59F3DD1096
:2004C8003E237B220DFA12F94D177870A11A0355E34C8879104C055D126A45477014A3F494
:2004E8000C320A0A25089D0899201007DC0770E29E00E8A862F81384418094260300E30F3C
:2005080070E49CF8F0AD6700658A030877070EEC102AF936A1140500DC1574ADE4103E0905
:2005280099181605E10F7FB4DD093E07464B9F180305E903694CDD2837029B200A07E107B6
:200548007A51E2743CFB94180A05E30F7251DD083CF696130313DC026E59E41134FBA7186D
:20056800080DE9096751E40836049F180305E903694CDD162FF89B200A07E1077A51E210A3
:200588003C0094180A05E30F7251DD083CFB96130363DC476E59E413484C18FC750FDCE5AE
:2005A800052A9B180A0DE70769E2EA04B9023F3894130A0DE3096EE2AAF8E2B66FFA1888A4
:2005C8009B180A0DE70774B2EA04390294260300E30F7AB4E2094A0799201007DC0770E2EE
:2005E800E410C2073F0FA1140500DC1569DDE410BE09080833085714100A2008560C16D1FB
:2006080004FC0FCAEF131B0394260300E30F743414C91FC84A189F8A23084C17BE0F9F1821
:200628000305E903634DDD173702770E63CA4417A718080DE9096D32E408BE0F9F180305F7
:20064800E903634DDD163702770E4CCA080833082A14100A3F099B180A0DE70775B124F84A
:2006680087283ED6FF669B200A57E14C5A910A54125F056E4A4C770EE1F8052AEF06F202C8
:2006880094260300E30F6E53E23F4A0799201007DC076E519B200E35DC2A548D9932191520
:2006A8002FF49B200A07E1077A5199201037DC2A4E919E3F949719073CF696130313DC02B4
:2006C8006E59E40A34FBA718080DE9096751E40836049F180305E903694CDD162FF89B2055
:2006E8000A07E1077A51E2103C0094180A05E30F7251DD083CFB96130363DC476E59E41384
:20070800484C18FC750F28E5052A2708CE139F180305EF035B8C0FD70CC44E18998A280852
:2007280058FA14D39F1724F64EF816D49D9724F858F479F394260301E50F689314CD1FCAF9
:200748004E189F8823064E17BE0F9F180305EF0378AC0FDD37039D200A07E1078EB3E210C5
:20076800440794160C05E30F81B11707F533468394260301E50F78B4E20C4A09E29D12FC8C
:2007880070067C24CF0FE2E98807EAE5C0F302249EF40B1F30197C07A71A080DE90709D034
:2007A800E608BE0F9F180305EF0307CDDD16B7039D200A07E10726D4E210C40794160C051C
:2007C800E30F22D2DD08CA0396130313DC0322DAE40ABC07A71A080DE9070D14E60ABE0F8A
:2007E8009F180305EF031D11DD16370348179B1A0805EF0980B9EA3037059D180A0DE70783
:200808006591F004B90294260301E50F6E93E208CA0999201005DC056691E41082079418EC
:200828001601DE027BFFDD05400F9B1A0805EF096C59EA6C37059D180A0DE7076751A714D0
:200848000530DC38658D153FCA128E9742FB99201005DC0570519B200E35DC2A788D0E320A
:20086800C31E2FF69D200A07E1077A5399201035DC2884B11E3F3AFBDD081803961303135F
:20088800DC03705936FF99181607E10F74512FFAE6080C0F9F180305EF03694C2F0D941474
:2008A8000C0DE3096C51420099201055DC4A7051E4194E4C05FC830344DD05382004F7127E
:2008C8009B1A0805EF0968991CC90CC64E1099902E084517CA0396130313DC0380B916CDFE
:2008E8003C07A71A080DE9077AAFE6083E0F9F180305EF037AACDD1637039D200A07E107C9
:20090800789399201035DC286E91133FCE10C527CA0396130313DC036E991309C810A71A80
:20092800080DE907638F15F8CA186D172808A7140500DC157BADE62E3E0999181607E10F23
:2009480088B1170580B79B200E05DC07788D0E02C31E7B059D200A07E1077693110FD0101D
:200968007B089D080B58E74C5A3B56487201E7B9052648479B1A0805EF0980B9EA08370590
:200988009D180A0DE70763911F03C50B94260301E50F689311F8D6128700348894160C0513
:2009A800E30F86B1DD264A0396130313DC0384B91E097CB7A71A080DE907618F1507CA18CD
:2009C800860994181601DE02639F0C03CC18820C99081752E154673B434A7906B7B3102AC9
:2009E800030833045D0594260301E50F80B314C94A0999201005DC0583B19B200E35DC2A4F
:200A08008DAD1932C53537039D200A07E1078DB31C0FA1180303E50780B922F862173A043F
:200A280096130313DC0384B9E4283C07A71A080DE9077BAF20077EBF9F180305EF037CAC57
:200A480017157B059D200A07E1078CB31C0F880A94060D50E354653B434C830272A60538F9
:200A6800200419129B1A0805EF097EB9240794160C05E30F82B117F8D854876450D6E533BF
:200A880019104A0D0808160A5320B049A3457718FA540E08030812007013D35A7286101072
:200AA800170A080B184E8704340894160C05E30F86B1DD264A0396130313DC0384B91E0997
:200AC8007CB7A71A080DE90777AF200782119F180305EF037BAC17157B069D100B52E14C79
:200AE8006D3D48547D062BA90E2A2710D60994181601DE02677F43D0BA3CFE0699181605A1
:200B0800E10F6091DD087E072710C00994181601DE02679F97029B200A07E1078FB1180F25
:200B2800A1180335E32A6E79E22A0C37160C390294260300E30F6E9399181635E132749158
:200B48009737CC27BE0F9F180305EF035F8C94260330E33264935C37D8277C0FA11803058C
:200B6800E3077FB99F180335EF267AAC1745C5223E0F9B1A0805EF077DB9240794180A05BD
:200B8800E30F82B117F875135A8394260300E30F221899181635E13288B117373E079B2035
:200BA8000E05DC077A4DDF67371594130A0DE3096C51A718083DE92A65911337CA183AF90B
:200BC80094181601DE02675F94130A3DE32C6A911F37C81896972FFA9B180A0DE7076751B0
:200BE800A7140530DC387BAC1E3F36FDE208180799201005DC076E5136059F180305EF03CD
:200C0800694C2F0ADD030C0F9B1A0805EF076C593CFF94180A05E30F72512FFEA71405507E
:200C2800DC5A674CE4194A4E0AFC83078DE8122A94180A05E30F729197F8F00344F334163A
:200C480094130A0DE3097FB12A077CBFA1180305E3077FB922077B09A704064BDC5A6536E9
:200C68004A54770871AA182A99201005DC0783B1FEBF9F080450EF486F36435A700166B253
:200C88000C2C99181605E10F7491DD08BE079B200E05DC078EADDF2537152003D1109B1AB4
:200CA8000805EF076C79E4070CF80A10E41A6DF8C088A7140500DC15678CE410BE09991880
:200CC8001605E10F649194180A35E33286F1172CA7140550DC5A7CAC0C544A4E7506DCE2B3
:200CE8000A32C4FA94180A05E30F629197F8F00464121E16DD04691F290AE20A75173210CF
:200D0800EA0B62172A08E4146D172E08F00964123216DD09691F3D0AE21075173F10EA1244
:200D280062174508464B9F180305EF037DECDD16370246469B1A0805EF0780B9EA12370757
:200D480046379B200E05DC078EADDF0F37153F2B9B200A07E1078EB1E21D44073F299B1826
:200D68000A0DE7077BB1F01839023F3094130A0DE30980B1F01D3C0F4C1B94180A05E30F41
:200D880086B1DD164A03410F94260300E30F82B3E2164A07441510083F0B0A0846119F187C
:200DA8000305EF03598C9715E2124A109B1A0805EF0780B9240777B79B080B58E74C703B24
:200DC80056487201BCB705259B200A07E10784B2E2114407DD940CFC77105221C807EAE524
:200DE8008A02D7F73E030A11B0197C07A718080DE90709D2E409BE0F9F180305EF0307CD0B
:200E0800DD17B7029B200A07E10726D2E211C40794180A05E30F22D2DD09CA0396130313A0
:200E2800DC0220DAE40BBC07A718080DE90778B11E079B200E05DC078AAD19F381183F2121
:200E48009B200A07E1077A7199201035DC2A6E71DE32BE1AF7FAA7140500DC15538C9B20E4
:200E68000A37E12A66915C3FD22777079B180A0DE70753916A03C4724E940303461B77090D
:200E88006B4118376625EA5405FC7708F5280E083F09A7140500DC1577CD9B200A37E12A8F
:200EA8008AD2113FD010C527BE070AA07B072FDF1826E4152999C8022E111E093F1777FBC2
:200EC800E71F320894180A05E30F86E294181631DE257BF09732CC2FBE0999181605E10F0D
:200EE80088E497F8E414891F1B0894181001DE0237600C02712800FFE26F18FC7510C22284
:200F08000308461A9B200E05DC07444E0E026A2E79F8E4770CFE7508051C99201007DC074C
:200F280082E2E410C20794181001DE022DF09702E92F768A99181605E10F38E49707E92797
:200F48006F900E087007F8DA0725E22857839B200A07E1074A52110F7622E21754889B2083
:200F68000E05DC07444E0E02532EE2124C909B1A0805EF073C5A19096A20E91744909F18FB
:200F88000305E90329DD9715E2122C109B1A0805EF077EEAA11A0335E32A80EAA237C52724
:200FA800C40396130313DC0280EA9EFAE21495171510A11A0305E3073E5A1707542006F926
:200FC800DF54050A700358280A0A441AA718080DE909375213075B2884FDDD5912F8720340
:200FE8008E2A94130A0DE3097EE2F008BC0F100A3F149B180A0DE70737521903561B790BA5
:20100800DD540C04770A801CDB072C1124093A17EBFAE91F300894181001DE0281F09413F3
:201028000A3DE32C86E2AA37CA2FC40994180A05E30F8CE297F8EA1044F3101694130A0D84
:20104800E3093C521F076E2806FFDD6E0CFC7710172003084C1696130313DC023E5A13097E
:201068006E208CFDE27612FE7008501C9B200E05DC078EDEDF03B71594130A0DE30932E27C
:20108800AA07E72F7C8A94180A05E30F36E29707EF236A830316700249E60C2CE71A6A8834
:2010A80099201007DC073E52130F7420E2175A8496130313DC023E5A13095920F5174A90A8
:2010C800A11A0305E3073E5A17076A20EF133F8394260300E30F30E49C07F5172A10A11AF0
:2010E8000305E30786EA9F180335E92681DD9745C522BE0F9B1A0805EF0784EAA4FADD14E5
:20110800891717109F180305E903394D0C15531B0005E45A0AFC8308AD27100A3F1A9B1872
:201128000A0DE70737521903551B790BDD530C04770AEA1BA718080DE9097FE2E408BE0F63
:201148000E083F14A1140500DC15374D130F5A227EFDF0580A047D0AD21B7707E7E5102A88
:20116800E21A388596130313DC028C381E09C727348999201007DC073E52130F7420E21789
:201188006B8496130313DC0232EA9E09E717598899201007DC077EE29B200E35DC2A84DEA0
:2011A8009932C535B7029B200A07E1078AE29C00EA1642F833089B200E05DC07444E0E0225
:2011C800512EE2122B909B1A0805EF075BFA24FADD1269F81F909F180305E9035CED17158F
:2011E8006119E45E0CFE7508531F4417A11A0305E3077EEAE808B70710044108DD6405F77A
:2012080077103A2199081605E10F94BDDD087E0746229F180305E903394D0C15511B8005D2
:20122800E4580AFC83087023A11A0305E3077EEAE808B707A1140500DC152DDD9E0FE9191F
:201248004688A718080DE9097DE29B180A3DE72A7DE2A433C722B71594130A0DE30982E28F
:20126800AAF8E21C4FFA2C089B180A0DE70737521903521BE22524839B200A07E10769F2C2
:201288001C00EA1462F81F889B200E05DC0767EE1902612CDD500C04770AEC1E520F99209B
:2012A8001007DC0784E2E410C20703084C09DF50050A7003E1260A0A441AA718080DE909B9
:2012C80037521307572884FDDD5518F87203172994140C0DE30982E2F00ABC0FA1180303D7
:2012E800E50732EAA207E227788496130313DC038E381E09C767718A99201005DC052CE2BF
:201308009E0FED174608A7140500DC1543EE9D200A37E12A56F49C3FD227B7059D180A0D35
:20132800E70743F2AAF4DF0F82252C049D200A07E1074A54110F7520E2152D889B200E059C
:20134800DC0769EE19F3DD2062F421909B1A0805EF095FFA2407611CE66D0C047B08851EF7
:20136800520B96130313DC034CFAE40ABC07160A4415EA6D05FA79087F269F180305EF03CD
:2013880025DDDD16B70348229B1A0805EF093C5A1907681E82FDE47510FC7008C316961358
:2013A8000313DC034CFAE40ABC07160A2510AB0894160C05E30F76C21707F5234E8394268B
:2013C8000301E50F32E49C07F5194A10A1180303E5077CEAA207C2473E0496130313DC0349
:2013E8002CEA9E09E7172A0A99201005DC054052130F7320F9FDF06907F77016361A9D2020
:201408000A07E10736E4E210C4073F129D180A0DE70737521F036A1B790BDD690E04770A5C
:20142800731A160A4422A1180303E5072AEAE808B707A7140500DC1575DE9D200A37E12A17
:2014480088E49C3FD227B7050C08465C9F180305EF0377DDDD16B7039D200A07E10736E450
:20146800E210C40794060C05E30F92BBDD088A0396130313DC03405A130956208CFFE25EB6
:2014880012FC7006451A9B200E05DC078ADEDF03B71594140C0DE3093C521F09552886FD37
:2014A800DD530EFC7710361A94181601DE027DF0DD04C00F9B1A0805EF093C5A1907681E5D
:2014C80082FDE47510FC70082D1696130313DC032CEAE40ABC07A71A080DE90743F0E60819
:2014E800BE0F9F180305EF032DDD9715F9FB9D100A07E1079ABDE2108407030648869B20B0
:201508000E05DC0790DEDF03B71594140C0DE30984E2F00ABC0FA1180303E50788EAE808CC
:20152800B707A7140500DC1543EEE610BE0999181607E10F30E2DD06C0079B200E05DC071B
:201548004A4E0E02692E79F9E6760CFE7508EA1B99201005DC054052130F5E2079FDF0544F
:2015680007F77016CC159D200A07E1074A54110F612079FBE6590C047B08C119A714050029
:20158800DC1577DEE610BE0999181607E10F86E2DD06C0079B200E05DC078EDEDF03B715A5
:2015A80094140C0DE3093C521F096F2886FDDD6D0EFC7710AF1994181601DE0237600C03BA
:2015C800592880FFE25518FE7510A61994160C05E30F42520C07641C7BF8DD6405F8791064
:2015E800951B99181607E10F44520C0571208005E86D05FC8304851494260301E50F32E47A
:20160800E208CA0999201005DC0536E2E410C2070398A7140500DC1555EE200FE9194688F3
:20162800A71A080DE9075CF020070C0F9F180305EF035EED94260331E53263F41C28D81AC0
:201648003C00CFC72C869D180A0DE70719D2F004B902701598D7790FB7DD99181607E10FDC
:2016680067F2DD0640079B200E05DC074A4E0E024C2EF901E6590CFE75080A1E750EEAF5C2
:2016880005356A1D8C34104C70064FF18707055A700492360A0A441AA71A080DE9073750C7
:2016A8001507532884FDDD5118F87203282794140A0DE30961F2F0083C0FA1180305E3071C
:2016C8005CFAE8083707169496130313DC0264EA9E09E717610899201005DC0768E29E0F33
:2016E80061D723F8A7140500DC159F2B1A0F1EFE99181605E10F6EE297075DD72A009F1810
:201708000305EF03A12B130AB3170C544A4E750777E599201005DC0768E29B200E35DC2A45
:2017280074DE9932C535B7029B200A07E10774E29C00EA6C42F812089B200E05DC0774DE7E
:20174800DF03B71594130A0DE30962E2AA07C72F1D0894180A05E30F68E294181631DE252C
:201768005DF09732CC0FBE09089818500A6FA1180305E3075FFA22F8E218BF847BF8DD611C
:2017880005F77710791E99181655E1547871058C4A4C770EEF97058C8302AB9394260300AA
:2017A800E30F727310B7F5172490A1180305E3075DFA22072181A7140500DC1556ED1E00E4
:2017C800E41467F8248899201005DC0760F2E411420794181601DE025500DD043E0F9B1AE2
:2017E8000805EF0762EAA4F8DD6789F876109F180305EF037FECDD163702463A9B1A080521
:20180800EF0764EAA40756D72AF89B200E05DC07B22C150294260330E33284F31C372607E3
:2018280099201035DC2A84F11E3F9F180335EF266D6C13380F2D36019B1A0805EF0782F9FC
:20184800A1180335E32A84F92237C5274A0396130313DC0284F91E09C797E8079920100517
:20186800DC0766E29E0F61D723F8A7140500DC159F2B1A0F3E0299181605E10F6CE294189B
:201888000A35E3326AE29737D823B90294260300E30F64E499181635E1326AE29737CC2709
:2018A800BE0F9F180305EF0361DD9706DD674900120A99181605E10F6CE2DD08BE070A1050
:2018C8004A0DDD5D18F87203D02903939B200A07E1076BF2E211440703982AA0E4101000A3
:2018E800DD0818FD2203F01656CC2A001AB9E2089F071C18A1080305E30794C31707C310F5
:2019080075FD1E83569F26F39B100A07E1077AE9180F1907111068269B200E05DC074A4E58
:201928000E025B2EF9FA5DD92AFA18B7F009910F241056912DF89B100E05DC077AE51502FA
:201948000C15110BE92F988A5BD136F818BF639126F89B080A3DE72A67E926260E32261EAA
:201968002FFF5DD92AFA18B769912B00A1080335E32A6EF11E2A0C373A0C310056DF23F349
:201988001ABF53FC181269912B00A1080305E3076EF11E078B57CA3358CC230613B2530263
:2019A80018145B9139F899101005DC076EE91A0F9647B73769CD25F313C5568C2D009B0A10
:2019C8000835EF2A6CF1202A0C37141185B0550C4E1757F450120407AFFC53BF0E34FCB735
:2019E8005FB7103A08094CB716320212619126F8A7040500DC1567E41A0F53FE1712A708C1
:201A08000968E95D513B4A4C4A657B06C8A3182658CC230613B2623193091D1069D128003C
:201A280020B75B2A9307201861D123F826B35D263E56090357D0EC291508560B081010083D
:201A48004E17AA28AA427908E32A16040503FF4272840E10170A080B1847910F27103F3479
:201A68005DD12A001EB7DD28420058CC230613B2E43036075BD136F818BFEA08AF005DD187
:201A88002A001EB7DD08C2FB58CC230613B2E410B6035BD136F818BFEA0A8C071F105DD9C1
:201AA8002EF813B7EA048E02191E56CC2A001AB9E2089F071F18D2233A117A980CA9CDB10E
:201AC800180759B3110D4315DD030C094644E2519FB7183899B21430E40893BF20301707CA
:201AE80099B3182B4315B3224A0F1E0991B72A30480FC02943071E0793BF23304307C0237F
:201B0800450217158CB220384A09B82756071C0F99B91A304A07BA2F4E07700705D4072553
:201B2800E2280D8353B41A34E211564C0A047D09DCD90C2ACC6845106B88128CC71C05AFE9
:201B4800DD1B4909D009080816982818A11A0305E30760FA2207E2273684DF0337C59413E4
:201B68000A0DE3095CF22A0734B1EA0A050736AC0C0F3AAB2FAAEA0407022FBD050236B665
:201B880036AF51AC1612E219504E05FC7707B4E1102A053706FB96130313DC0260FAE40A2A
:201BA8003C0716982820124E114F9B180A0DE7076A9144F8410F94260300E30F7193991881
:201BC8001635E13277931737CC273E0F9F180305E9036C8C1706DD6769001A8A164CF0188C
:201BE80034B64C13DD0836AE9B200E05DC07778DDF66371503034613E40A34AEA718080D82
:201C0800E9096A911E077EBF9F080450E9487836435A70019BAA0C2C75078CD80A32EF0CF1
:201C28001F08E41A36B49F180305E9036C8C17152FA8E41036B1E20842B0E2103CB3DD086A
:201C480036B2E4103AB34CAC140EDF0C435A05F7770F52DB0A2A169899201007DC077191CB
:201C68001E02102A3F091094720251E60525E9227E9199181605E10F5AE4DD093E07770F7C
:201C880059D8052AEF16788903167001DDFA0C2CE71A838E99201007DC0755E2E411420703
:201CA80094181001DE0262601702E92F398B99181605E10F5CE4DD093E079B100E05DC0700
:201CC80088D70E02C31E94030A0DE3097EDB1FF8C818B21994180A05E30F020597F88F1312
:201CE8000D0394260300E30F9E12E208C2FA99101007DC0786DB130FCE1094081001DE0236
:201D08007DE90CF3CA18AC1999181605E10F040797F8891712109F180305E903990BDD1655
:201D2800AFF69B200A07E10790D21C0FEF2931889B180A0DE7074CE22403231B031670020E
:201D4800FDDF0C2CE21275FA1A90A11A0305E3079E389F180355E948A10BDD1E43470C0456
:201D68007709F2D7182A3C024C1A94180A05E30FA23094181051DE47971EDD0B4A540CFE36
:201D88007507F0D70A3244FC94180A05E30FAA1094181031DE25971E0C32CE18B6FC9918E9
:201DA8001605E10FAC1294180A35E332A2100C37D60CB1F6DD1605029B200A07E107AA106C
:201DC800B403A11A0305E3079E18BAFA94081001DE027BE9DD03BE0F9B0A0805EF077EE386
:201DE800A10A0335E32A82E31737C310C40396030313DC0286E3E40ABC07A708080DE90941
:201E08007DDB9B080A3DE72A7FDB1933C50BB71594130A0DE30982D22A07E72F6F8A94183B
:201E28000A05E30F5BE2DD09440396130313DC0253EA1E0926201608750F86D9052AE412C2
:201E48006902208894181001DE02973E94130A5DE34E9410987C4854124E700777D70C32FF
:201E680042FA3F18A1140500DC15972B9B200A57E14C9A108A84504E054C770767DF102A6C
:201E880037FAA7140500DC15972C200FE9192388A71A080DE90779D09D180A3DE72A79D252
:201EA8001F33C50BC535B7039D200A07E1074A54110F632079FBE65B0C047B0820151604B6
:201EC800410F94260301E50F3E5411076922FE05EA5B05FA7908D0209F180305EF03910BBE
:201EE80094260331E5328E121137DA12B402A1180303E50796189F180335EF26890B0C4509
:201F0800C90CB803270A0708A71A080DE9077DD02007E92FC68894181601DE02973EDD04F0
:201F2800400F9B1A0805EF0951EA2407211E0C08770F08D6052AF00E64F55796DD040E0F02
:201F48009B1A0805EF099228BC0194160C05E30F9820AF00A7140500DC15972C9D200A37C2
:201F6800E12AAA321C3FA1180333E52A9428572C131298284547055A7003EADE0C2CAE37B2
:201F88004A0999201005DC05A0309B200E35DC2AAA2C193294260331E5329422512C2E14C8
:201FA8008A44504C054A7907D1DE102AA9374A0396130313DC03A0389B1A0835EF2C9C3873
:201FC800243794160C35E33298204C2C360E8747435A0548790FBAD80A2ABC393C0F4C5A3E
:201FE800DD060E079B200E05DC07A01CB1FC94260301E50F9422B400A71A080DE907972E20
:202008009D180A3DE72A97302A3396030343DC26A8B3532E1812982E4854124C700598D6FD
:202028000C32B4373707A7140500DC15972C9D200A37E12AAA321C3FA1080333E52AA6B336
:20204800572C1B1298384547055A700381DE0C2CAE374A0999201005DC05A0309B200E354E
:20206800DC2AAA2C193294160331E532A6AD512C36148A54504C054A790768DE102AA93779
:202088004A03DF0305153F139D200A07E107A022580FA1080333E52AA6B35E2A9728CAF472
:2020A800C72205153E440D104919F887A71A080DE907972E2007E91F298894181601DE0287
:2020C80079E094140C3DE32C7ED21F39C818D227B7059D180A0DE70737521F03581B790B06
:2020E800DD570E04770A1014160A441CA1180303E5073E5A170756200CF9DF56050A7004D9
:20210800BD1F9B0A0805EF09FA432407E2152B0A9B200E05DC07A42C19F3DD1562F4C49074
:202128009B1A0805EF09943824F8DD056BF849909F180305EF03942B171594140C0DE3098E
:202148004BE22AFA871F2A8894160C05E30F89D2DD0842F696130313DC0387DAE40934FB8E
:20216800A71A080DE9079B2E9D180A3DE72A9B302A339B0437153F1C9D200A07E10791D432
:20218800E2103CFA94160C05E30F89D2DD0842F796130313DC03A4389B1A0835EF2CA0388A
:2021A800243719F640070A104A7794181601DE028F3E17039D200A07E1075BE41C008F174A
:2021C80017869D180A0DE7077ED2F00331F594260301E50FA23299181637E132A83017357C
:2021E800A20B3E0F4A5394181601DE027EE0DD0438029B1A0805EF099838240794160C05B4
:20220800E30F54E217F895F4348394260301E50F99321CF8F00967002A8894160C05E30FEF
:202228009D30DD124A0396130313DC039F38E4143C07A71A080DE9079B2E9D180A3DE72A41
:202248009B302A339B0737153F109D200A07E107AE3299201035DC28A4301E3FA40D370759
:202268001604410F94260301E30FA23299181635E132A8301737A00A3E0F9F180305EF038B
:2022880080CDDD152FF60A10270AB108A718080DE9077ED2E40736029F180305EF03912B2A
:2022A8001706DD0269005B8A99181605E10FA23017079B180A0DE70747E22AF484F31796FD
:2022C80094130A0DE30983D2F0073403A1180305E307A2389F180335EF269D2B1745990A79
:2022E8003E0F463A99181605E10F9F3017079B180A0DE70746E22AF48412179694130A0D61
:20230800E30983D2F0073403A1180305E307A2389F180335EF269D2B1745990B3E0F461C46
:2023280099181605E10F8BD2DD0836FB9B200E05DC07AE2C96130343DC25A2381E399E0E0E
:202348004A0708104C5394180A05E30F89D2DD0742F796130313DC029A381E0999181605E6
:20236800E10F56E217F889F839909F180305EF03942B1706DD026900248A99181605E10F95
:202388009F30DD123E079B200E05DC07A92CDF0D371594130A0DE309A030A718083DE92AE3
:2023A8009B301E37A01A42073F14A7140500DC159B2B9B200A37E12AAE301C3FA6133707F1
:2023C8000A08461C9F180305EF039D2B94260330E332A2321C37AC113C0FA1180305E3072C
:2023E800A2382207F900A7140500DC15672D5E0FE9196508A718080DE90767325E07E92FDE
:20240800298894181601DE027EE0DD033E0F9B1A0805EF0783DAEA082FF99B180A0DE707EE
:202428007ED2F00331F594260300E30F85D4E20842FB4430A1180305E3076E3A6207E237B3
:20244800308496130313DC0285DAE4093C07A718080DE9077ED2E40836019F180305EF03AC
:2024680080CDDD162FF59B200A07E10791D2E2103CFB94180A05E30F7232DD088A03961344
:202488000313DC029E389B1A0835EF2A9C38243094180A55E35489D2DD13564807F7701589
:2024A8004ECF0C32B0323C00520999201005DC078E309B200E35DC2A9B2C193237159413C8
:2024C8000A0DE3098E30A718083DE92A8A301E373E0F9F180305EF038D2B94260330E33255
:2024E80093321C374A0799201005DC0794309B200E35DC2AA12C1932371594130A0DE309E4
:202508009430A718083DE92A90301E373E0F9F180305EF03932B94260330E33299321C37E7
:202528004A0799201005DC079A309B200E35DC2AA72C1932371594130A0DE3099A30A71826
:20254800083DE92A96301E373E0F9F180305EF03624D1715C2221F909B1A0805EF07655A1D
:20256800A1180335E32A675A2237C5074A0396130313DC028E28E40ABC0733081911A11800
:202588000305E307BC28A207E2170E8496030313DC024CF39E09E717070899201005DC07F8
:2025A800C6109B200E35DC2A9A1C0E32C31EB7029B200A07E107AB30E21144073F849B1866
:2025C8000A0DE70787201F03C50B94260300E30F7AD49CF895175510A1180305E3077ADAB4
:2025E800A2F8DD859513140394260300E30FBE2299181635E13294200C37CA10900FC20741
:202608003F14A7140500DC15B71B9B200A37E12A9A20113FD010B7079B180A0DE707B7209E
:202628001FF4C50BDD9342F312909B1A0805EF07BC28EA84B7079B180A0DE70798302A03F3
:2026480096130313DC02C6185A0999181635E132C4220C37CA109B100E35DC2A52E75525DB
:2026680097368E038A02D41A8EF8CAF8441DA11A0305E3079F38220794181001DE02BF1EAA
:202688005302E410BE0999181605E10F942294180A35E33292200C37D00CC722B715941383
:2026A8000A0DE3099D30A718083DE92C98301E37CC2F420794181001DE02983E1702C95F14
:2026C8008A0999181605E10F94220C07CA109B200E05DC0780CE99F3422511039B200A072E
:2026E800E1079A20E210C40994180A05E30FC020DD3AC40396130313DC029E389B1A0835A1
:20270800EF2A9C38243994180A55E354CA10856C50480747701513CE0C32B0393C07A718E5
:20272800080DE90997301E07E91F298894181001DE0279E094130A3DE32C7ED21F37C8186C
:20274800D229B7079B180A0DE70737521903581B790BDD560C04770AD7101608441CA11A80
:202768000305E3073E5A1707562006F9DF56050A7003821C0A0A441BA718080DE909B520D1
:202788009E07C92F1B0894181001DE02B52E94130A3DE32CBA20AA37CA0FC40994180A05D8
:2027A800E30F91301707EF23E083881523839B200A07E107D0205C00620ADD268917DA900F
:2027C8009F180305E903A90BDD2C37029B200A07E107CC208A34A11A0335E32AC228172DC4
:2027E800C3101248075870141EAA0C32850A1AFC61FA49008B8A370C55175B00591704F9E6
:20280800C40396130313DC02AE189B1A0835EF2ABE28A4392FF99B180A0DE707A710A1146C
:202828000530DC38B91B9E3F36FE99181605E10FB41294180A35E332C42097379B138505F6
:20284800AE1532F3909F36FF99181605E10FC622852C9B180A3DE72ABB201929C50B055A78
:202868000558770ED3B00A2AA718083DE92C49529E37551F4FF94EFA51F4C003031E9ED390
:202888005314551959F861170901C40994180A05E30FB21094181031DE25B92E9732360274
:2028A8009B1A0805EF07AC18A11A0335E32AC028A2378E179006B0023206899236039B1AA5
:2028C8000805EF07C028A11A0335E32AC2281737C310D223B90294260300E30FC22211F8AE
:2028E800D610E28D4FFA0B889B180A0DE707BB20EA04B902DD1605029B200A07E107BA10EB
:202908003407A11A0305E307AE183AFE94181001DE029A3E94130A5DE34EAC10F0114854BC
:2029280012FE7007E9D20C3242FA94181001DE029A3E1702E91F1E8A99181605E10FA63201
:2029480094180A35E332A4301737D223390294260300E30FC4228D0736887C0FA11A0305E8
:20296800E30784DAE80937074C0B96130313DC0284DAE40A3C078307DFD9123921800A0815
:20298800770FE0D1052AEA0E64F5EA9694130A0DE30968522A07E72FF08A94080A05E30F36
:2029A8004EEB9707A1040500DC1581D69E00AC198E07A708080DE90997BB9EF8491F300810
:2029C80094181001DE027BE01702C94F138A99181605E10F58E4DD093E07461C9F180305E5
:2029E800E9037DCD94260330E33282D41C37D8273C0FA11A0305E30783DAE80837074C24FC
:202A080096130313DC0283DA1E09C7471F8899201007DC0752E2E41042073F14A1140500A7
:202A2800DC157CCD9B200A37E12A8FD21C3FD22937079B180A0DE7077BD2F004390270159F
:202A48006ECD0E3F682199181607E10F58E2170582009B200E05DC076DEE1902F90A030496
:202A6800790FB2D375076ED30A32EF0A14869D180A0DE7074BE22A03631D94260301E50F6F
:202A880061F41C07741E08107D07ABCF9D180A0DE7077F001E3396130313DC0354EA1EFA90
:202AA8008615A71A080DE9077FFE14479B200E05DC076DEE19F3622553049D200A07E10729
:202AC80080349C0F86FF94160C05E30F56E2DD094A0396130313DC038808E41D3C07A71ABF
:202AE800080DE9077FFEE60836019F180305EF0381FB94260331E53252E41C3742FC992075
:202B08001005DC0588009B200E35DC2A6DEE19322F0994140C0DE3098400F00A3404A11831
:202B28000303E5078608E8082FFDA7140500DC157FFCE610360099181607E10F8C00DD066C
:202B480038FF9B200E55DC4C92FCDF0C435A05F8790FD2D30A2A8309E7D8122AE218238850
:202B68009B200E05DC07982C19F3DD2A82F419909B1A0805EF098A38A1180333E52A8C3868
:202B88002237C5274A0305033F1D94140C0DE3098A30F00A3C0F7D0650E90E2AE9221C88E8
:1A2BA80094181601DE0275E094140C3DE32C7AD21F39C818D227B7050C983E
:202BC40010570560186D7202A4DE0526EB22438A99181607E10FC410851640F89B200E0572
:202BE400DC07CA0C31F494260301E50FBE128E9742FC99201005DC05C01032489F18030556
:202C0400EF03B90B2B5F94140C0DE309BC10F00A3405A1180303E507BE18E8082FFEA7146B
:202C24000500DC15B70CE610360199181657E154C410DD0F4C4C0C047B0759D1182605936D
:202C4400701567CC0E32E91C7D8AA71A080DE907AF0EE6143E0F9F180305EF03B10B94267B
:202C64000331E5327CD41137D6123401A1180303E507B6189F180335EF2677CD0C45C30C6F
:202C8400929F36FC99181607E10FBC1094160C35E33282D20C37D60C31F694260301E50FF1
:202CA400B61299181637E13284D20C35CC10909F3AFC94181601DE02AF1E94140C3DE32CEF
:202CC4007ED21F39C8183CFD94160C05E30FBA1094181631DE2579E00C33CC18909934FEEB
:202CE400A71A080DE907AF0E9D080A3DE72A152C2A3331FA94260351E554B612E211564EE1
:202D04000A047D07F4CE0E2A9B200E05DC07C20CDF10371594140C0DE309B410982E0A54D4
:202D24007D064FAA0E2A851020FC4EFA57F48083371A4E135D00551909F942FB992010050A
:202D4400DC05B810E4103AFA94181601DE02AF1EDD0438039B1A0805EF09C628922C941602
:202D64000C35E3328E3097374D137553055A0559790E4EAE0A2A910A08045BFA54F657171D
:202D84000B01C20794181601DE02AF1E94140C3DE32CC620AA393404A1180303E507B61870
:202DA4009F180335EF26C31B97458E138C12B50937F89C993405A1180303E507B6189F0897
:202DC4000335EF2689B657452FFA9D200A07E107C21299101035DC2890BB5E3F94972FFFE1
:202DE400A7140550DC5AAF0CE6194A4E0AFC830983D8122A94160C05E30F8E3094181631B0
:202E0400DE25833E9733CE2FBE0999181607E10F903097F6E6854900160894181601DE02DC
:202E2400833EDD04BE0F9B1A0805EF07B418EA1737079B180A0DE707C12098280747701431
:202E44001CA70C32BEFC99181605E10FBC1094180A35E332CC20973742F596130313DC029D
:202E6400B6189B1A0835EF2AC628A437899736FA9B200E05DC07D41C8737055A700104B376
:202E84000C2CBCFAA718080DE907AF109B180A3DE72AC120AA3331F694260300E30FB61256
:202EA40099181635E132CE209737909736049F180305EF03B10B94160330E3327CDD9C3757
:202EC40061174901A1180335E32A6E4A62286E084703501204072FF89B200A07E107C21012
:202EE40099101035DC2A7EDB9E3F591744F9A7140530DC386B3D5E30750A3907611709017C
:202F04003CFE94180A05E30FBA10852C1848720158B9052585903EFE53FA67F88310220C7F
:202F24004E174BF8551F0FF92FFFA7140550DC5AAF0BE4194A4E0AFC8307DED7122A941879
:202F44000A05E30FBA10DD184A0396130313DC02B618770AF912182A931290FAAEFA390710
:202F6400909F3AF994181601DE02AF1E94130A3DE32C7EF2AA37931F900AAE0739F8909FCC
:202F84003AFA94181601DE02AF1E94130A3DE32C7CF2AA37931F900AAE0739F8909F3AFBA7
:202FA40094181601DE02AF1E94130A3DE32C7AF2AA37931F900AAE0739F8909F3AFC941810
:202FC4001601DE02AF1E94130A3DE32C80F2AA37931F900AAE0739F8909F3AFD941816017E
:202FE400DE02AF1E94130A3DE32C82F2AA37931F900AAE0739F8909F3AFE94181601DE0292
:20300400AF1EDD0336079B1A0855EF4CB418EA11434C0CFC770F76CF052AA7140500DC156C
:203024005F4D1E0F79191B08A718080DE90789209B080A3DE72ABB9B6A337902941603007B
:20304400E30FC29DE2088A074421A1180305E30790289F080335EF26B996574577029B10D5
:203064000A07E107CA9BE210840794080A05E30F003B1707F513630394260300E30FB61296
:20308400E20842FD99201005DC07B610E4103AFE94181601DE02AF1EDD0336079B1A080511
:2030A400EF07723AA40779009B180A0DE7078920510482F3771594130A0DE309B410F01120
:2030C4003C0FA1180305E307B6189F180335EF268B1B57452FF49B200A07E107C210992080
:2030E4001035DC2A90205E3F14972FFAA7140500DC15AF0B9B200A37E12A9C205C3F9F17E1
:2031040022F836FB9B200E05DC07C20C96130343DC2590285E39979734F83404A1180355FF
:12312400E34CB618E811434C18F87202E0DC05250AA000
:203138000A4C185D685F92083F11E409191F1EF877075603B5524315C513E43049FAFF0755
:2031580076578A104C1657070C074A0FBE57430798151404132641178C220C2C442ED818C7
:20317800E2304FF8F5076A57E4104A0E77075603B5524315C5220C6010EA47170F07685F17
:20319800EA083F145EF80C104E07B357560364F3081685250C324613CA2718580EF04F172D
:0A31B800F6078C0A0C324A0903984E
:2031C4008A022316BEE3091FA5FA07173C170A047D0619E1CF072E1093072708AC0C7902B2
:0E31E40088152303A0110CFE750620E108A03B
:2031F40088072A08C5F00D179EF815132B12050A700108E8CF092C089B072C10CB7A02176E
:16321400A5F8091F3417770795032503991705F7770EF8E20898AB
:20322C0083E08059054C7706F1E8D3072708EA04790288152303A0110CFE7506F3E0CD0F85
:20324C00102ABE089AF8A51FAEF97707D5030923DD167702CF0F1E2AE2088A07CD0F282AA8
:20326C00DD087E07CF0F2A28DD088403CA022336DD037E0FCF09D8489B07D850CBFAF31719
:20328C00A5F8091F341799288403CA02D3568802DA50C5FA0708B1F8071F36193E080A0ADB
:2032AC00B01F820788073004C0E302259EF3091F30190AFC8306A8E8D5090F0845E849048D
:2032CC008207880730049B04050A70019FE8CF09E4489B07E450CBFAF317A5F8091F341737
:2032EC00992884038A022316BEE3091FA5FA07173C170A047D0883E0CF070E20E808770774
:0E330C0095032503991705F7770E80E20898C0
:20331C000A54125F920C2BF899952E084517D22307F770146CDB0AA00C598DF83608C3F0FE
:16333C000F299EF909273020100C70066DDCCA02131677020AA039
:2033540028101850E21144B93F099B180A0DE7077B72A403E422FE9594130A0DE309807200
:20337400F009BC0FA11A0305E30786F9420094181001DE027FFFDD0436019B1A0805EF071C
:2033940084F959AC0312F21A9B200E55DC4C8CED4547701472D50C320C39E71731089920ED
:2033B4001007DC073E521A0F22F8F90C12F87203561C94030A0DE309E89BF0787C0FA11A6B
:2033D4000305E307827AE808B70792F607253F5294130A0DE30984F1A520480144099418D2
:2033F4000A05E30F8AF1DD093CF596130313DC0286F953AC0912FE1A99201057DC4C86F119
:203414004A547B063ADA1226073294260300E30F82748A08CAF8E71F250A94180A05E30F19
:203434004252130724F4FB07050A70031F169B0A0805EF07E8A3EA7A77078CFA0C324A0CCA
:203454000FA912F6410403A6230B0C58E40F3CB7520999201007DC0782729E0FED27FE87EA
:20347400A1140500DC157B6DE411BE0999181605E10F8CF337009B180A0DE7077FF1EA0560
:2034940031F494260300E30F86F351AA1612F022A11A0355E34C86F94E4C7006FBD50725C9
:2034B4000545E21225109B1A0805EF073C5A200917F8000C0C047B08D20DA1040500DC15E6
:2034D400E396E4807E0999181605E10F8874DD08BE078C02102A3F44A1140500DC157FECB1
:2034F40099284AFB3C07A718080DE9097FF1E40936019F180305E90381EC4CB8040DF222D4
:203514009B1A0855EF4C84F9504E7006BDD90C32103794181001DE027B808503BE00E919BE
:203534001D08A718080DE90937521A071E00040C05FC7D04960894160300E30FEA9DE27814
:203554008A078A02122C3F0C16A90C024A090398124C96130313DC02827A9EFAE71883885D
:2035740099201007DC0784728C20C2F8DD986F933203DDAC62924510E4A4468DF0A6679FB3
:20359400240A3F4D9B180A0DE70767F2A1140530DC3863ED9E3FBE0999181605E10F70F43A
:2035B4008507BE0746519F180305E90369ED94260330E3326CF49C37CA0799201007DC0755
:2035D4006CF28C0FC2073F38A1140500DC1567ED9B200A37E12A72F29C3FC40994180A05D1
:2035F400E30F6AF28507CA03412294260301E50F6EF499181637E1326EF29735C0079B20DA
:203614000E05DC0774EE8702B7153F129D100A07E107F69DE27D840794160C05E30F72F264
:203634008507CA03410494260301E50F6EF49CFA182C2510FC0894160C05E30F887285087D
:20365400CAF496130313DC03847AE40BBC07A71A080DE9077FEF40009B200E05DC0792EDA6
:20367400DF042F0794140C0DE30984F1A71A083DE92A69F0F41A9B200E55DC4C92ED45472A
:203694007014FBD40E32E90C2E08A71A080DE90749FF20079B200E05DC074A4E1502171597
:2036B400F9FD9D200A07E1075C031C04124C7006DF0C9B100E05DC07F697DF71771594145A
:2036D4000C0DE3098072F00ABC0F92FA05282908A8109F180305EF0381EC922E43F5400F13
:2036F4009B1A0805EF0984F9EA0A2FF79D180A0DE7077FF1A7140530DC3847FDF4229B1A28
:203714000855EF4E84F9504C7004C0D80C32ED0A2808A7140500DC1549FD200F9B1A080589
:20373400EF093C5A2007170502019B200E05DC075CFD19F7055A70049B149B0A0805EF095B
:20375400E8A3EA7677059D180A0DE7077B72F004B90285080526486A9B1A0835EF2C6CFABB
:20377400A1180303E5074E0922079297360496130313DC0350091229AEF8D18A070F36F830
:20379400B7269D180A0DE7077B72F004B902DDA662932C10E4A067973E0AE2AA4E8CDDA47D
:2037B4004A95463D9F180305EF0365ED94260331E5326EF49C37CA094432A1180303E50762
:2037D4006CFA9F180335EF2669ED9745B70348279B1A0805EF0964FAA1180333E52A6EFA92
:2037F400A237B707521096130313DC036AFA9B1A0835EF2C6CFAA437B70548099B200E0591
:20381400DC077AEE99F505383F050CA02A120A4C18698A2044A82FA748099B200E05DC070D
:203834008E6E9902E235FE83E6A04856E29E5456E2AA4E4CDDA44A4C46190E083F181604D4
:20385400411103163F100C10461499081607E10FF09BDD7380078C02102A3F4EA7140500FF
:20387400DC157B6EE611BE0999181607E10F8CF137FA9D180A0DE7077FF1F00631F4942631
:203894000301E50F86F351AA1614F022A1180353E54C86F94E4C700603D307250545E2135C
:2038B40027109B1A0805EF093C5A200717F6020C0C047B08D40BA7040500DC15E397E67F39
:2038D4007E0999181607E10F8872DD06C0078C02102A3F12A7140500DC157B6EE610BE097B
:2038F4008A0A182C44111098054E8E11E4AF8D003089A70406FBDC150B840D080D0011F8BD
:20391400D6128A116F0916068E3969111E0885497505410385676205A710E4106717100AF3
:20393400E2186F171207290819119F080400EF030D83040E06FA1504CC128A0DA70A0908F0
:20395400E9070B860D000D0617FEC31018480758057C70033B099B1A0805EF0970FAA118F6
:203974000333E52A72FAA237C507CA0396130313DC0374FA9E09FEFEDB09CC108B8803F695
:2039940080070A102B08E508A7140500DC15374EE6103E0999081702E10F18880CFACE10B1
:2039B4008C159F080400EF030D830C0CC30C0E540C5F0A6E830906084B883B470E4C771029
:2039D400571D940817FCDE020B9604FC0D0613FECA10980D8A46124C055D0C6E770FF80004
:2039F40094181601DE026B0094130A3DE32C70F2AA37CA0FC40794180A05E30F78F20C0797
:203A1400D60C4083A516621220909B1A0805EF073C5A1827F9009B180A0DE7076DF2F0047D
:203A3400B9023F1E94130A0DE30972F25148A400C40794180A05E30F76F297070CFACA02BF
:203A5400C7167E830A007E090808528799201005DC073E52E4103AF9940817FCDE020B9662
:203A74000CF7D4188C0F99081700E10F18880CFED2100C54105D056E8303A1FB3E963B44BF
:203A94000C54770AEF1CA7080908E9070B880B000D0617FCC51098098739055A05580C763E
:203AB40077099000A718080DE9076BF29B180A3DE72A6BF2AA33C702B71594130A0DE3093D
:203AD40072F21F07C8184B489F08691720909F180305EF03394D1715F9FB9B200A07E107F3
:203AF40080F2E210C4073F109B180A0DE7076DF25184A7F3B71594130A0DE30970F2AA0725
:203B1400FE06D507C70885880A0082070308522196130313DC0272FA9B1A0835EF2A70FA46
:203B3400A437C507BE079B200E05DC077EEE9902F90CC802CE10858A08F88A0708104C0D8F
:203B54000308460B8C294A09E2118584DFA2820E0D839B200A07E1074A52090810FEDD08FC
:203B74003E079B200E05DC07404E0E02C31E94130A0DE3095001E607C3101000A900BE008A
:203B94009B200E05DC07404E0E02C31E94130A0DE3095001E607E210BCF994180A05E30FA5
:203BB40038520C07D60C96130313DC025209DA0975083A190A3F7CF910084A0B0A109F18CB
:203BD4000305EF032F4D94260330E33234541137D610CA2FC40794180A05E30F38520C0795
:203BF400D60C40C31516421212909B1A0805EF07325AEA08B7079B180A0DE7072F521F035C
:203C1400C50B3ED61503891F188A99181605E10F3C5294180A35E3323A520C37D60CC72266
:203C3400B71510030A130A9AE2081807441AA1180305E3073E5A1E0785084AF4C722051533
:203C54003EC31C104919FD87F0AE4310A6583E48116C9B200E55DC4C5EFD07F7056B0569CE
:203C74004A547708DFDD182A0A32EF0A4988E4AE8C354948A06CA7140550DC5A2D4D0C044F
:203C94000C5F0A6E564C750ED5DD052A0C30E4B6902D3E68B36896130363DC47365A0CFE07
:203CB4000A5D186E48547D06B8DD0C2AB038109094181601DE022F600C02CA1845CA1A083E
:203CD40055F81590A1180305E307345A1707C31051C4170342060683809D9B1A0805EF07DF
:203CF400345AEA08B7079B180A0DE7072D52F004B90203163F109B200A07E1074252E210EA
:203D1400C40794180A05E30F3852DD08CA0396130313DC02345A1309C810D1F8071F8E0F30
:203D340094180A05E30F3852DD08CA0396130313DC02365A1309C810D1F8071F8E0F94182D
:203D54000A05E30F3A52DD08CA0396130313DC02325A9B1A0835EF2A325A1937C310BE0768
:023D74000AA0A3
:203D780094181601DE022D60DD03BE0F9B1A0805EF07345AEA08B7079B180A0DE7072B5223
:203D9800F004B902DDBC85284570A76E99181655E1543C5205FC0C5D0C764E4C700653DA44
:203DB8000725DDBC85284550A76E99181655E1543A5405FC0C5D0C764E4C70063EDA0725B0
:023DD80003A640
:203DDC0017104A0D0808A718080DE90931529B180A3DE72A2D521933C50BB71594130A0DC0
:203DFC00E3093852A718083DE92C2F521337CA18C2071008100796130313DC02827A9E0933
:203E1C00E727ED0899201007DC073852130FCE1094181001DE022B600CF3CA186919D108E2
:203E3C00A718080DE90931521307CA189F180305E9032D4D0C06C30B491F1F8A991816053F
:203E5C00E10F425494180A35E3323C520C37D00C96130343DC25325A132AC810B817BC0FE8
:203E7C004C1994180A05E30F40523EC822F496130343DC25325A132AC810B817BC0FA11A80
:203E9C000305E3073C5A1707C310CF430D8394260300E30F3C54E20ACA0799201007DC073C
:203EBC0038529B200E35DC2A384E0E32C31E94130A3DE32C3A521F28C8185219B7079B1825
:203EDC000A0DE70731521903C50B3ED61503491F128A99181605E10F3E54DD08BE079B206F
:203EFC000E05DC07404E0E02C31E3EC31C1089FA1888A718080DE90933529B180A3DE72A8B
:203F1C0033521933C50B3ED61503AC1FBE09E2AEA718080DE909355213FDCA18143D94185A
:203F3C001001DE022B600CF3CA18103A43481D1C4A20470A73689B180A0DE7072B5219F422
:203F5C00C50B94260300E30F520309F8194E0A04125F056E4A4C770E6CDD052AEAAA872841
:203F7C003E76A0679B200A57E14C46520A04125F056E4A4C770E5DDD052AEAAA87283E563C
:203F9C00A0679B200A57E14C44520A04125F056E4A4C770E4EDD052AA1140500DC152B4D95
:203FBC009B200A37E12A4452113FD012B7070A98E4104A4F94181001DE02376013021E00C2
:203FDC00E90A2988A7080908E9090B88DA071300CE10026826849603040EDC021290DA09E8
:203FFC0011FCD8108A15A10A0400E3071290DE070CFED00C0747056B0569770FE1FF080869
:20401C00522799101102DC071288DA0F17F8C3100F641C83941604FBE30F128AD8071FFCC4
:20403C00CA184BFA12589B080B08E7070B88E0030EF9C31E05470C650C707507CDFDCA2F59
:20405C004BCA15084917C28F0E080398124C870CDDB582FB0C919B0A0900EF0710901102BC
:20407C0006FE13F8CA189009620923048734621713038C51690B430898596711920ADD0E32
:20409C006917DA10E8106217F4042203E71694030B08E309108817000B0619FEC510E407E2
:2040BC009B100F00DC07188406FB060C0CF9CA180C4E0AFD186E750F89FF94180A05E30F11
:2040DC0076F294181031DE256B009732CC2FBE0999181605E10F78F4970780FDCF0FD2087B
:2040FC00DD10840305032016BB039B200A07E1074A52E20F440994080B00E30F16880CFC67
:20411C00D20CDF02941604FBE30F128A11FED6100A5412FF056E7707530549883B49124831
:20413C007203972794030B08E309108817000B0619FEC510E4078C46104C05FD126A7202E3
:20415C00380B94130A0DE30970F2A718083DE92C6BF29E37CC2FC20794181001DE026D00DB
:20417C003E83AC00BE0999181605E10F78F4970780FDCF0FD208DD10840305033F8394130F
:20419C000A0DE3093C52F0073401A10A0400E307129017FCCD10F0039603040EDC031490FA
:2041BC001300D010184E0A05126E70050BFC45904649054C83044F14941604FCE50F128AA6
:2041DC00090019001104D210DD058E3E0C5410FD056E8303F0F794260301E50F72F49918E6
:2041FC001637E13278F29735CE27BE0F9F180305EF036FED0C15C30C02089B1A0805EF098A
:20421C0072FA4B489FF6C0079B200E05DC077EEE9902790BC803D010E4127C07160A442C37
:20423C00A1180303E50772FA9F180335EF266DED9745C523C00F9B1A0805EF0970FAA4078B
:20425C0079FBD107CE10E81077071604410803163F078E29460BE711828AE2AF8F000D8621
:20427C009D180A0DE707375217FC05F9DD1537039D200A07E1074054110FD01094160C059D
:20429C00E30F5601D307CAFC96130313DC03365A1309C810A71A080DE9074BFFDC07E40F11
:2042BC00BAF994181601DE022D600C03CC189B1A0805EF095009E0077006A8150C3F7AF921
:2042DC0010085607050394260301E50F345499181637E1323A520C35CC10CC2FC2079418E1
:2042FC001601DE022D600C03CC1845CA1A0855191090A1180303E507345AE808B707A7144A
:20431C000500DC152F4E150FCA1243C8280A871F1E8894160C05E30F3A5294181631DE2556
:20433C002F600C33CC18CC29BC07230A0813109888052C08C5F00D179EF815132B12050A63
:20435C0070025EE09B0A0907F012910F10513F079D080B0F17070351852301029416040306
:20437C00C7404902910722538D0F300899070EFC770E48D894081703DF278C15174D9D1031
:20439C000B0943D88BFE910F205194060D0745301EF88C07464D960304153E241C0093090D
:2043BC003C51DB09D8909507D386C7F8091FA9F8F3173C1380030C16A913800FCF09D8880A
:2043DC009B09D890CBF80215A7F8091034177E08160DAB127715C803E0908F09DC88D1FAE4
:2043FC00F81FABF802153217A0A08207940817034003C3078C0324599B0A0907F034910F76
:20441C002C5194060D0745C00EF98C074A7D960304153E840C0193094481A70A090FA1089B
:12443C00043515371A59C9080310BC138E02135F03942A
:204450000C4E9908170991043051039619080A129F0804071F032D4C72A516049D100B0906
:20447000430826FA910F3C5194160C05E30F42520C07692CFBF8DDA905F8790FF90799080C
:204490001709110F3851319D9D080B0F490823F89F03314C94160403150F325377B7290A70
:2044B000991011073E064CF8930F3A5194181601DE0237600C03613800FFE29D18FE750F7C
:0A44D000DD0510064C0A0A100E88E4
:2044DC0023040505941604039D100BD911D72E53C3001F889EFE0B97309F97071B5123043C
:0644FC00450503160384D0
:204504009B1A0805EF0936AAA4FA052848090AA01057F900A7140500DC152B9EA0020C2C83
:124524004410A71A080DE9072DA0A0FA0C324A090398D8
:2045380096130313DC037CFA9EFC0A2A520B08A01250DD060E01E4AA900D05FC1859720217
:20455800680F05260E32E9FC1688A70A080DE907E3996007411F7648054C83038000DDB043
:2045780005FDE6AE8C0F0AFC185F750F5F0105280E2AE9021C8894081601DE02E3A9570324
:20459800411F724A0A4C83076D0DEAA605019B180A0DE7076FF2F09A07F7701558FA0C3241
:2045B800BEFC99181605E10F7CF297F8E4A969001D88DD9E980907F7056B700231090C2C67
:2045D8000A32F0790A047D074805461EE41A6D001188F09A96130363DC477EFA0CFE484C05
:2045F800830618CB123205B2460FE4A610FC7006D5C0072D05C0E2FD18909B0A0805EF071E
:20461800E8A364073A1772480C547B072605F09A07FC94260300E30F12E45C07D1F8071FF0
:2046380036173E884209891F5A8894181601DE020BF05702C50009192E17F5174A10A11838
:204658000305E30778FAE89805FC830302F90538B7F59B200A07E10784F29C00EAA962F840
:204678001588E4A0900D05FC18597202D20E05250C324620E21275001690EA9894180A5534
:20469800E35484F205FC56487201BFD005250C324611E29818FC750E7BC4052A0C2AE90255
:2046B8001C8894081601DE02E3A95702411F724A0A4C8307D70CEA9805010A0846179F1839
:2046D8000305EF0373EDDD15B7020CA2460B0898184CE7049C0894180A05E30F6A0297F883
:2046F800F01844F31C1694130A0DE3096002A718083DE92A5B025E289B200E35DC2A6CFEBD
:20471800993294260330E3323AA4582AAA37AA0084F83F149B180A0DE7075F02A7140530F1
:20473800DC385FFD9E3FCC29BC07A718080DE9075B029B180A3DE72A5B026A334752771511
:2047580094130A0DE3095E02AA0799201005DC073AA25A0FC2FC94181601DE027300941315
:204778000A3DE32C60026A3799201035DC2A66029E305BC8E5272304450603160303551F5A
:20479800AA2BA83A8108F8321008030806347510DE2A72891A04120303190525BE029B1AC4
:2047B8000805EF075E0AA1180335E32A600AA237C527CA0396130313DC02600A9EFAE21CDF
:2047D80055F81010A1180305E307600AE808B707A7140500DC15374D130F61227EFDF05FED
:2047F8000A047D0784000A08461C9F180305EF03394D0C155A1B0005E4610AFC8307320C32
:20481800A1180305E3077AFAA2FC054C8304E50394260300E30F7AF49CFA182A4411109811
:20483800054CE90C75909F180305EF033ABDDD1C37029B200A07E1073AC2E2F0A1180355A8
:20485800E34C3FCA901D05FC5648075870163D0D0C32BEFC99181605E10F45C2DD093E07A7
:204878009B200E05DC074BBEDF042F0794130A0DE3092CC2A718083DE92A27C29E30E49271
:204898009F180355EF483ABD853B05F74A540C5F75082E120A32B630B7009B180A0DE707B0
:2048B80027C2AA03E402249694030A0DE309E89B6A0799201005DC073E521A0F2207F9038D
:2048D800A7040500DC15E3965E0F41197048184C750FD00394080A05E30FEE9BDD7C8A0360
:2048F80087F505383F769B200A07E10744A2E210C407850A0C2A467A9F180305EF033ABDAE
:20491800DD1737029B200A07E1074BC2E2103CF994180A05E30F32C2DD8AA7140550DC5A1C
:2049380038BD8C350CFE484C185D7510DB11052ABEFA9B200E05DC074BBEDF0737159413AB
:204958000A0DE3092CC2A718083DE92A27C29E30E4F09F180355EF483ABD852B05F74A5425
:204978000C5F7508C5110A32B632B7009B180A0DE70727C2A403E402249694030A0DE30904
:20499800E89B6A0799201007DC073E521A0F2207F903A1040500DC15E3965E0F41197048E7
:2049B800184C750F670594080A05E30FEE9BDD7C840387F505383F0D9B200A07E10744A2E6
:2049D800E211C409850A0C2A46110E9805504B04D5F542A510039B200A07E10736C29C0F7E
:2049F800EF191E084508AA028D971A08A1140500DC1523BD9E00E43C471723089920100790
:204A1800DC072AC29B200E35DC2A30BE9932C535B7020A10461199181605E10F30C4DD0839
:204A3800BE079B200E05DC0730BE99F3DD48821218109B1A0805EF073C5A18D9F9FDE41460
:204A58000C047B070A031004410E94260300E30F3E5410D78CFDE21C12FE70074FFF451063
:204A7800AEF842001D0496130313DC0228CA9E09E71731084310E0FA820021089B200E0502
:204A9800DC072EBE99F3DD48421217109B1A0805EF0726CAA11A0335E32A28CAA237C527A4
:204AB800C40305033F1D94130A0DE30926C2F008BC0FA11A0305E30728CAA2F8DD3A8F136C
:204AD800140394260300E30F3E5411075B30FE05EA8F05FC7707C80A0E083F14A1140500D3
:204AF800DC15374D130F4F327EFDF08D0A047D09FEFE0A989B200E05DC073C9EDF03B71523
:204B180094130A0DE3092AC283082419122CB7FA9B180A0DE70725C2A403630294160300D8
:204B3800E30FEA9D5C07A718080DE90937521A071E0F04F903084C38DF79050A7002940AE1
:204B58009B1A0805EF072ACA921E054C7707740E102AB7FAA1140500DC1525BD9E0FE90979
:204B78002288A708080DE909E39B5E079B200E05DC07444E15021715F9FE9B100A07E107B9
:204B9800F69B5C0F47196B480C4C770F710203084C0B96130313DC0236AAE40BBC0716985E
:204BB80099101007DC0792BB130FCE10E2273184DFA7853B3E0306739B1A0855EF4C32AA06
:204BD80012FE055D0C6E4A547B0625D61226DFA7853B3E2306739B1A0855EF4C30AA12FE28
:204BF800055D0C6E4A547B0616D612264122DDBC85284510066D99181655E1543AA405FCDD
:204C18000C5D0C764E4C700613D20725DDBC85284530066D99181655E15438A405FC0C5DAB
:204C38000C764E4C700604D1072503A694130A0DE30984F2AA078A106FFA10088C18690027
:204C5800BA0985286FF4DF05854662F3B314270ADF0DA718080DE9096FF29EF8E4B16DF8CA
:204C78001088A1140500DC1535ADE4A60CFE750785FC0A32C4FC3F139B180A0DE70735B279
:204C9800EA9A07F770145BBB0C32BEFC99181605E10F42B49707E90731909F180305E9033C
:204CB80083ED94260330E33288F49C37D827BC0FA11A0305E30788FAA207C2672204961381
:204CD8000313DC023E5A12B9FE03A718080DE90977F28C07BE0FE81205FC7D03C0FC031685
:204CF800200351119B1A0805EF0786FAEA0AB7079B180A0DE707375218B37BF8DD2005F7B5
:204D1800770FFCFF99181605E10F44540B67E9171B909F180305E90337AD97153E036A148F
:204D380089FA1008985C0A547D0997012708C3109F180305E903394D0B75E2121B109B1AC9
:204D58000805EF073ABAA4093E083A0C891F1608855C18487202CB0B2004AF109B1A080515
:204D7800EF094E0AA407E2154F089B200E05DC075CFEDF03B71594140C0DE3095002F00A20
:204D9800BC0F4C2494160C05E30F56029707A7140500DC1525AE5C0F9B1A0835EF2C3ABA2D
:204DB800A437B7059D180A0DE7074B02A7140530DC384BFEA03FCC29BC07A71A080DE90793
:204DD8004B00A0F8E4184DF8E287A7140500DC1521AE9D200A37E12A48B49C3F9647770575
:204DF8009D180A0DE7074B02F004B90294260301E50F28B499181637E1322EB257269D1834
:204E18000A3DE72A4B02AA3396130343DC262EBA5A2C9C37B8FA7C00A1180303E5073CBAF7
:204E3800A20705F8A7140500DC154BFEA00F9B1A0805EF092ABA6007B7F69D180A0DE7079F
:204E580021B2A7140530DC3821AE603F4C197C07A71A080DE9074B009D180A3DE72A4B02A2
:204E7800AA33C722B71594140C0DE3095002AAFAE2184FF80B069D180A0DE7074B02F00498
:204E9800B90294260301E50F7EF499181637E1322EB2572697088A02D87889D8CAF496136A
:204EB8000313DC0380FA9E0999181607E10F38A297F68BF81C109F180305EF032D9D9426BB
:204ED8000331E5327EF49C37CA0999201005DC053FC2E4114207700725BB0732212F9414E1
:204EF8000C0DE30950E22A09E71F53880306790715C7102AE20A538496130313DC033FCA46
:204F18001E09E7274C8A99201005DC0586729E0FED172C88A7040500DC158BB7150FCA127F
:204F3800E727288AE2B4922D3E26086B9B200E55DC4C3E9E07F7056B056A4C54770875D505
:204F5800182C4420EAAE852B472806739F180355EF482D9D050A05590E764A4E750673D703
:204F78000A32A1180303E5073DCAE8083707A7140500DC157D6EA00F000699181607E10FEE
:204F98008CF294160C35E3328AF29737D823B9020316200448149B1A0805EF0908CAEAA6C6
:204FB80005FA7907DF02102AB7FAA7140500DC1503BEA00FE9092F88A71A080DE9074300BB
:204FD8009D180A3DE72A4302AA33C722B71594140C0DE3094802AA09C76F220894160C0510
:204FF800E30F42520BC70CFF96130313DC037EFA8C09BC07F0150A047D072FFE0C082710B9
:20501800F70894181601DE024310DD04C00F9B1A0805EF093C5A18C779FBE6130C047B07A5
:2050380066FCA7140500DC15374E147FE9191F88A71A080DE90703C0A0074510BE0C82F8BB
:205058002404050370157B1C0E3F681F8A6C184E750F100003062908C7109F180305EF0366
:20507800394D0B85E21323109B1A0805EF0908CAA4073E068C0C891F1C0803088303611BEE
:20509800054561198E740C4E750744FE08102D08A4069D180A0DE7074D02AA03E41245161C
:2050B80094140C0DE3095202F00ABC0FA1180303E507560AE808B707522096130313DC0349
:2050D800580A9E0999181607E10F48B253059D180A3DE72A03C2AA33B90294260301E50F83
:2050F800560499181637E1325C029735CE27BE0F9F180305EF0351FD9715C253EC8F9B1A51
:205118000805EF093CBAA1180333E52A0ACAA23789378A0396130313DC03580AE40ABC07D3
:20513800A71A080DE90737B09D180A3DE72A37B26A2496130343DC26560A9E399918163502
:20515800E13248B2532A9E37AC0082F894181601DE0203D097020C009B1A0805EF07540A81
:20517800A40794180A05E30F46B25307CAF496130313DC023EBA9B1A0835EF2A3CBA64377E
:2051980045177E079B200E05DC0762FE96130343DC25560A9E39CA27CA0799201005DC076B
:2051B80056029E0FCD570B08A7140500DC154FFDE410BE0999181605E10F82F294180A35C8
:2051D800E33242B25728A10485F5CD4689E3BE009B1A0805EF07827AA407F9049B180A0DAD
:2051F800E7077FF2A7140530DC387FED9E3FCC29BC07160825101B0B94180A05E30F16E215
:205218005707D1F4041229253E8342118919B589A718080DE9070BE25E07C5000D172917BC
:20523800F513A80494260300E30F78F49CF8F0A967001D8894180A05E30F1CC2DD9818F83E
:20525800720289070525BE02461599181605E10F1EC2DD980CFC770E7DBD052ACAF696137D
:205278000313DC0218CA9E09E7073D8899201005DC074C029B200E35DC2A58FE9932C535C8
:20529800B7029B200A07E10758029C0FCF6715089B180A0DE70737521EA3FBFE9426030079
:2052B800E30F80F48A07CA07E21912FC7007DCFE0A102B085B09A7140500DC1545FDE4101C
:2052D800BE0999181605E10F44520BA780FDE41910FC70071FF796130313DC023E5A125938
:2052F800E7173A8899201005DC0718C29E0F4908930C95F42003855A0547770FB5009918EB
:205318001605E10F3CA2970768259B200E05DC0732AE9902F90D94130A0DE30924B2F009B6
:20533800BC0F10082008C1089B200E05DC074A4E0D52E22514039B200A07E10724C29C0F76
:205358004B08630C89171210904C054C8303D1F52016A4039B200A07E10764029C0FEF1790
:2053780045089B180A0DE7075102F004B90294260300E30F5A04E208CA07442CA118030515
:20539800E3075A0AA20794181601DE0209D053029B200A37E12A24C29C3FC40794180A05DF
:2053B800E30F5E0294181631DE2553109732CC2FBE0999181605E10F60029707C957EA8F4A
:2053D8009F180305EF0307BD94260330E33218C49C379C377C0FA1180305E3075A0AE80832
:2053F800B707A7140500DC1505BD9B200A37E12A18C25C30A1180335E32A5A0AA237941810
:205418001631DE2509D053259E3FACFA7CF8A718080DE90711C29E070C009F180305EF03E9
:2054380055FD971594130A0DE3090EC26607BC00A1180305E3070CCA9F180335EF2607BD6A
:20545800574545127E0F9B1A0805EF07580AA1180335E32A5A0AA237C527CA0396130313E7
:20547800DC025A0A9E09C7571E0899201005DC075A02E410C20794181601DE02790094135A
:205498000A3DE32C0AC26A28931090FACD3890E8BE009F180305EF037BED971594130A0D55
:2054B800E30932A2AAF88700220894180A05E30F38A294181631DE2579009732BE0F9B1A80
:2054D8000805EF073CCAEA09370777071FC410372121A7140500DC154BDD1E0FE9194B88B5
:2054F8001608750F21BC052AE90A47909F180305EF0339BD1715E22240909B1A0805EF07BD
:20551800827AA407E21733889B100E05DC079EB70E02C31EE2221C90E4AE8A2D5108047368
:20553800A11A0355E34C34AA10FC055D126A4547701476CD0C32461AE2AE982D43100C6D37
:2055580094180A55E35438A205FC12590769435A70016DDA0C2C99181605E10F44C4DD0805
:205578003E070A104A1094181001DE0279003E038A02BE0999181605E10F8A749707000454
:205598009B200E05DC078CEE96130343DC2586FA9E39CA27CA0708102D0A3C099B180A0D61
:2055B800E7071FC2EA9E07F77015D5F20C32BEFC99181605E10F2CC49707E90731909F1888
:2055D8000305E90349FD94260330E3324E049C37D827BC0FA11A0305E3074E0AA207C267B1
:2055F800220496130313DC023E5A1289FE03A718080DE9097BF28C07BE0F907C054C7D032C
:205618002EF803162003F3109B1A0805EF074C0AEA0AB7079B180A0DE707375218837BF8FE
:20563800858A0547770F6AFB99181605E10F44540B37E91721909F180305E90321BD971590
:205658003E03BA1489FA16081608750F851F0537681D8C34104C70070DF805032016C003E2
:205678009B200A07E1074A52103FEF191A089B180A0DE7071FC2A4034003831A821218106D
:205698000A0A75076F1D0A3F6E1F852C0C4C770F39F903082D04A60394260300E30F5C044B
:2056B8009C07F5174A10A11A0305E3075C0AE808B707A1140500DC1557FDE410BE094424E6
:2056D800A718080DE90957029E079B200E05DC0724BE550294260330E33226C49C37CA0774
:2056F80099201007DC075E029B200E35DC2A64FE9932C535B7029B200A07E1076A029C0FD0
:20571800CF59E3879B180A0DE70713C2A1140530DC381FBD9E3F90397C07A718080DE90989
:205738005702E408BE0F9F180305E90315BD94260330E3321AC45C28A718083DE92C5702EC
:205758009E379B200E35DC2A24BE55259745A5F37E009B1A0805EF0724CAA40905F89B1807
:205778000A0DE7075702A40396130313DC021ECA5A09BCF8A718080DE90913C29B180A3DDB
:20579800E72A13C264334712771594130A0DE3095C02A718083DE92C57029E37CC2FC2077C
:2057B80094181001DE0257109702C95F120A99181605E10F6404DD08BE079B200E05DC0771
:2057D80088EE96130343DC251ACA5E2A930896FAD24096EAB7F89B180A0DE7077D72A40325
:2057F800FBFF94260300E30F86F499181635E1328CF49737CC27BE0F0E083F10A114050032
:20581800DC157FEDE410BE09440916980A58EF02D109E910D6119F180305E9032BBD7E1629
:205838002BF755184B0B83084E1C5320610A6E083B077E0F9F180305E90363FD9715E212A8
:205858001C109B1A0805EF07660AEA0AB7079B180A0DE7072DC2A1140530DC3829BD5E3F02
:205878007E0999181605E10F36C457078C08551F0FF8310FA1140500DC1563FDE411BE095F
:2058980099181605E10F70049707E9171D109F180305E90367FD94260330E3326C045C37E1
:2058B800A718083DE92C29C25E2875102F077707A1140500DC1565FD5E0F85AA4F0C611791
:2058D80009007F3915089B180A0DE70765028BA44CF7771594130A0DE3093C521F074D28E2
:2058F80006FB030846489B200E05DC07444E0E02482E79F8E4550CFE75070CF7992010072A
:20591800DC076C025E0F89A84A14611306F372251E049D200A07E107780483B057047705C0
:205938009D180A0DE70737521F034B1BF9100304790F0C1E0A37741FE25612FC700596FBA2
:205958000A104A1994181601DE0237600C035228800408088309F8231237611BE64E0C04AB
:205978007B07C5F7A7140500DC1531BE9D200A37E12A3CC45C3F8B08030A57174B008207AB
:2059980094181601DE0231D094140C3DE32C6A026A39C3B080159E36CE0B9B200E35DC2A83
:2059B80044BE59246E2564F5800F9B1A0805EF0936CAA1180333E52A30CA62379418163197
:2059D800DE252DD0572477103B0983883A0E99201035DC283AC25E31791764F98A03961366
:2059F8000313DC033ACA9B1A0835EF2C36CA64377E06340C551F4FF87707A7140500DC1540
:205A180031BE9D200A37E12A44C45C3F8B08230A57174B00820794181601DE021BC09414AB
:205A38000C3DE32C36C26A39C31090179EF66B0C75102F074E1717F5790294260301E50F7D
:205A580022B45C07E40299201005DC0524B2E41082073F19A7140500DC151BAE600F45FA8D
:205A7800070B95FA1110A1180303E50722BA49F802FB8A0396130313DC0336CA9B1A08356A
:205A9800EF2C2ECA643777059D180A0DE70737521E63E412311694140C0DE30920B26A09D1
:205AB800C72F220894160C05E30F42520C07761CFBFD031670034C230C39661DF06A0A04A5
:205AD8007D07CBF89D180A0DE7071BB2F00479023E16B3F88B9F170A99181607E10F4452D3
:205AF8000C056D200005E86905FC8303B8F594260301E50F3E541057F5193610A1180303A8
:205B1800E50722BA6207C227280496130313DC03405A130968200C0408107D0710190E3731
:205B38006825E86805FC83039AF594260301E50F22B4E2088A094310C0FC829519089B2053
:205B58000E05DC074A4E0E02642EF9F9E6710CFE750796FC99201005DC054052125FED17E6
:205B78002788A7140500DC15374E146FE9192588A71A080DE907375015076A28840203086A
:205B98008303DF1505456119E6700CFE7507C2F899201005DC054052130F6F2079FDF0655C
:205BB80007F77015A4F20C10461199181607E10F28B2DD0680070A104A09940817030E020C
:205BD8002B5F92532B00200BE7170F09991011070C053451995F2DF81909F51324839416E3
:205BF80004039D100B3911372E53C3001F089EF60B17301F49088308BC138E021B5F941480
:1A5C18000C0DE30920B26A093F1F80F83EF60B0B301F10FC700728F805937E
:205C340094140C0DE30932A2F00ABC0FA1180303E50732AAE808B707A7040500DC158BB7F2
:205C5400150FCA12E727378AE2B4922D3E06086B9B200E55DC4C409E07F7056B056A4C54B4
:205C74007708E5CE182CE2B4922D3E26086B9B200E55DC4C3E9E07F7056B056A4C54770850
:205C9400D6CE182C442FEAAE852B470806739F180355EF482F9D050A05590E764A4E75066F
:205CB400D4D00A32EAAE852B472806739F180355EF482D9D050A05590E764A4E7506C5D017
:205CD4000A321098054A4C4C0C6F9F180305EF03259D370A94140C0DE30928A242FB992049
:205CF4001005DC052CA2F2249F180305EF0337BD94260351E3542AA4484C8306C3CD122A15
:205D140037FA9B180A0DE70735C22A03E4121A1694030A0DE309E89B6A0799201005DC07FD
:205D34003E521A0F2207F9F9A7040500DC15E396E4837E098AFA182A4414920A052A46093B
:025D54000AA0A3
:205D58002310F00739B2DD162FA446119B1A0805EF07807AA407E21705079B200E05DC07E6
:205D78008E6EDF04B715DD8553B40A148A2D18FC4854125D7007B0070C32102AE2FA2784D6
:205D980096130313DC02827AE40ABC07A708080DE907E39BE47A7E0F90FA052A520E9613C2
:125DB8000313DC02827AE40ABC07980A0A324C0903986A
:205DCC000C5F9F080305EF038DB60C06C30BE9201F8AFE00A718080DE9073BC25EFA0C3281
:205DEC004A176120A7140500DC153FBD5E020C2C440F980A0A324C0C850A0C2A46110E9825
:205E0C0094181601DE026B1057F50C32460B0898A718080DE907C2121E07E91FBF08C80782
:205E2C00DA04DF13771594130A0DE30976B22A077E07A1180305E30778BA2207613EDB03EF
:205E4C00C903DD1E7702466A9B1A0805EF0776BA2407214F9B180A0DE70771B22A03635AFE
:205E6C00C815C70385900AFA7C07525099201005DC073E521E00E80762F853049613031373
:205E8C00DC0278BA1E09E727328899201005DC07C8121E0FED271688A7140500DC152ECDE1
:205EAC001E0FC9391088DB07CC108B8803F87E074615D307C708F00C790203163F1C9B2014
:205ECC000A07E10784B21C0FEF3716889B180A0DE7072ED22A03C4220B96C802CE10858A75
:205EEC0008F88A074415D507C708E4107E0F0E083F0DDB03C903DD1E77029B200A07E1074C
:205F0C0042D299201035DC2A36D21E3FD0273707A7140500DC152FCD1E0F09591888A71828
:205F2C00080DE90771B21E07E94F2A8894181601DE022FE01702C93F1F8A99181605E10FE6
:205F4C00CF12DD083E079B200E05DC0742CEDF03371594130A0DE30933D2F0083C0F4C14E9
:205F6C0094180A05E30F39D294181631DE252EE01732CC2F3E0908083308C610D507C70802
:205F8C0085080B00820794181601DE0271C0170280079B1A0805EF0776BA2407613FCF07D7
:205FAC00CE10898803F88A03416B94260300E30F78B41C07345099201005DC0778B21E0F28
:205FCC00ED672588A7140500DC15C10D1E0FE9291D88A718080DE9072ED21E07C92F1688D2
:205FEC00C807DA048083030677024615CF09CC08F0107C0F10083F0DCF07CE10E810770743
:20600C001604413E94260300E30F3E541CF8F0076700400894180A05E30F7CB21707F523CF
:20602C00218394260300E30FC8141C07F5271B90A1180305E30735DA2207C2371E84CA02F1
:20604C00C7167E830A007E09440DDB07CC10EA1077070A08461C9F180305EF0373AD1715CD
:20606C006129CF0FCE0A838816F87C0F10083F0DCF07CE10E8107707A7140500DC152FCDF5
:20608C009B200A37E12A42D21C3FD22737079B180A0DE7072FD22A030452139694130A0DA4
:2060AC00E30976B22A07E74F2C8894180A05E30F3AD21707D5331A8394260300E30FC9149D
:2060CC00E2094A0799201005DC0736D2E410420794181601DE022EE0DD033E0F4616991897
:1660EC001605E10F3BD494180A35E33239D21737D223390203A652
:1A6104009B200A07E10716D2E210C40994180A05E30F7A02DD08C4030593B9
:2061200094130A0DE30935D2F00C3C0FA11A0305E30742CA9F180335E9263DBD5745C52233
:206140007E0F9B0A0805EF0790C31909C310E92778900E087007F4B10725E22811839B20F3
:206160000A07E10752C299201037DC2A46C25E3FD02777074C5F96130313DC0238DAE4AE06
:2061800099181635E1323DD4172D45C804739F180355E9483DBD050A05580C764A4E7506DC
:2061A0005ECC0A3244FC94180A05E30F3CD21707EF132183DDBA94130A0DE30935D22AFD4B
:2061C00099201007DC0737D21E0049C8FD1B521496130363DC4746CA0CFE0A5D180E4854E1
:2061E0007D082ACC0C2A46329F080305E903E596571594130A0DE3093C5226071C0F060559
:2062000094080A05E30FEE9B570747136D43055A700236FF9B1A0805EF073C5A19096720F3
:2062200000FDE47410FC700731F3059394260300E30F2CD4E20CCA0799101007DC0792BB6C
:20624000130FCE10E2276E8496130313DC022EDAE4AE99181635E13232D4972D45C80473AF
:206260009F180355E9483DBD050A05580C764A4E7506F0CA0A32C4FC94180A05E30F32D27C
:206280009707EF132383DDBA94130A0DE3092AD2AAFD99201007DC072CD29E0049C8FD1B5C
:2062A00052143C03737694130A5DE34E44C218FC0A651270434C7706C1D2102A3F2AA1041F
:2062C0000500DC15E3965E0F9B1A0805EF073C5A2009170700039B100E05DC07F0975902C7
:2062E0003A256B430C547709C9F6A718080DE909375213076D2804FDDD6B12F87202B90470
:02630000039305
:206304009B1A0805EF0737DAEA0E37079B180A0DE7073BC2EA04790294260300E30F46C4A3
:20632400E2088A0799101007DC0792BB130FCE10E2273E84DFA794260300E30F39D41CFDC8
:2063440051C80273A11A0355E34C42CA10FC055D126A454770146EC60C32E4AE9918160593
:20636400E10F3FD417FD9B180A0DE70732D224F440C3FD2945139B200A57E14C52C20A0442
:0E638400125F050E4A4C770E60CB052A10946E
:0E639400055A94130A0DE30970028AFC08A052
:2063A400054CE91C38909F180305E903394D1706DD0269001D0A99181605E10F44540B2778
:2063C40045F819104C1294181001DE0237600CF35328E40967F8238899201007DC07C812C3
:2063E400E4104207C807D404DF0B77153F0A9B200A07E107D412E2114409030846399B20D7
:206404000E05DC07CE0EDF03371594130A0DE30976B22A07E72F358A94180A05E30F42525F
:2064240017F8EA0364F3161694130A0DE3093C521E2743001F0A41129B180A0DE70737525C
:2064440019F44E1BDD1562F31190CF09CC08F0107C0F4C10C807CE0885900EF87707109465
:206464000747881517830C000C0A8A0952158D0F248A050789171210B0177E08101C47227D
:2064840005073F055C115DBB2A28F06C55D0F24910084A0B0A100E084EFAB065A5426E06C0
:2064A400F3690A100A0A040481F8D8767F8D070817080A13106E424EEC0358B42516DD67A0
:2064C40057D0EC291508560B0810100A4EF8AA29AA4F79F8F32A16040503FF126EF4DC3289
:0E64E400798B0C08230A0813122A05280C983D
:2064F400D3074709F044790294260301E50F0AD41107D6127E0CA1180303E507760A9F18B3
:206514000335EF2671FD9745C523C00F9B1A0805EF090ADA1907C30E82049B200E05DC0753
:206534008CFE96130343DC26820A5E39CA278A0999201005DC0510D2130FCE107904A7145C
:206554000500DC157DFE9D200A37E12A90045C3FD22777059D180A0DE70709D21F03C50B82
:20657400791294140C0DE3098602A71A083DE92A81006037CC2F820794181601DE020BE004
:206594000C03CC18800699181607E10F921294160C35E33290125737D823790294260301A8
:2065B400E50F8B241C078C0699201005DC05BA129B200E35DC2AC40E5932C53577039D2062
:2065D4000A07E107C01499201035DC28B6125E3FD0277707A7140500DC151DCE150FCA1262
:2065F4007E04A71A080DE907B5109D180A3DE72AB5126A33C722771594140C0DE30924F1D2
:206614001F097D18860494160C05E30FC41294181631DE25B9205733CE2F7E0999181607F1
:20663400E10F1AD20C05CC10800C9F180305EF038B0D94260331E53290145C37D8297C0FE0
:20665400A1180303E50716DA1707C3108C0096130313DC03961A9B1A0835EF2C921A64376C
:20667400C52580079B200E05DC0724CE0E02C31E79009D200A07E107A41499201035DC2818
:206694009A125E3FD0277707A7140500DC1513CE150FCA127E04A71A080DE90795109D18F4
:2066B4000A3DE72A95126A33C722771594140C0DE3091AD21F09C818860494160C05E30FDD
:2066D400A41294181631DE2599205733CE2F7E0999181607E10F24D20C05CC10800C9F184F
:2066F4000305EF039F0D94260331E532A4145C37D8297C0FA1180303E50720DA1707C3106E
:206714008C0096130313DC03AA1A9B1A0835EF2CA61A6437C52580079B200E05DC072ECEF1
:206734000E02C31E79009D200A07E107B81499201035DC28AE125E3FD0277707A7140500C5
:20675400DC15A90E9D200A37E12ABC145C3FD22777059D180A0DE70791126AF4DF6742064B
:2067740016049D200A07E107A414E210840794160C05E30F760294181631DE256B105733E0
:20679400CE2F7E0999181607E10FC6125705CB6714109F180305EF03BB0DDD167703790EAC
:2067B400259599181607E10FB6125705470881114D171708A7140500DC157D6EA00F000773
:2067D40099181607E10FB612DD0680079B200E05DC073CCEDF04371594140C0DE30992127A
:2067F4006AFAE21C4FF80D069D180A0DE7078D12F004790270150DFF9D200A07E1079C140A
:206814005C00EA6C42F616089B200E05DC079C0EDF0377157003A61C9B1A0805EF0908DAC2
:206834001907C30ECB275A909F180305EF0305CD0C15C30CEB2F218A99181607E10F7C0203
:206854009705CB3718109F180305EF0371FDDD16B7039D200A07E10716D4E210C40703062C
:20687400483A9B200E05DC0782FE99F394260301E50F0AD41107D6125B5F3118DD1059C824
:20689400EC3F1B08430B160405034E07A345AC4F75FAF84C160A08100C046EF6DC4C79925C
:2068B4001208100816070747425611049B200A07E1078202E210C40794180A05E30F0ED2F8
:2068D400DD08CA0396130313DC02800A5E0943483508471F240894180A05E30F88729707C5
:2068F4000C0196130313DC02800AE40A7C07A718080DE9072BD2E4093E0F9F180305EF0333
:206914007FFD57153E03F81249191608A718080DE9077D02E4087E0F9F180305EF032ECD48
:20693400DD1737029B200A07E10794025C00EA2142F818089B200E05DC0794FEDF0377155A
:2069540094130A0DE3092FD2F0093C0FA1180305E3078C1A62F8DD3A55F415039426030054
:20697400E30F8C14E2088A07750E688F052A0C2C0C547B07B4F6182696130313DC02BC1AD8
:206994005EFAE26C55F81610A1180305E307BC1AE8087707A7140500DC152DCDE4113E09F4
:2069B40099181605E10FA21257F8E46C49001F0894181601DE029520DD037E0F9B1A0805BD
:2069D400EF0776BA2407611C0A08770F2CDE94181601DE029D2057F3E47449FA1208A71815
:2069F400080DE9079D12E4087E0F7B075EDAA7140500DC15A10D5E00E46E47F8200899206D
:206A14001005DC07A812E4108207700729E596130313DC02B41A5E0907471E08992010059A
:206A3400DC078A221E0F6C2394181601DE02AD20DD037E0F77098DE08307E6B9A118030543
:206A5400E307AC1A62F8DD1255F43E0394260300E30FAC14E2088A0799201005DC0728D20A
:206A74005E0F9F180305EF03BF0D570662122B10170A480B160899201005DC0778025E0FE2
:206A9400C9D87317F8F43C03735685080C540C5F750752EC99201005DC07C4129B200E352C
:206AB400DC2A34CE5932771510030A13461199181605E10FCA12DD087E079B200E05DC0769
:206AD400C40E59F394260300E30F7C045CF9F01255D0F23710084A0B0A100E084EF9B644D2
:206AF400A5426E06E3470A100A0A0404858A0C101D08030B0C4C89141A8894181601DE022F
:1A6B1400B120DD037E0F8CFE0A4C83074FE8D507470985080E00820703989D
:206B3000120303187002EA0C170A480A16080890504C05579B180A0DE70733D242F59613EF
:206B50000313DC023ADAF21EE21C18FC750F940494180A05E30F23E294181651DE4733E0E2
:206B70004347770E93C00A2A4AFA99201005DC071FE21E0FED171608A7140500DC1518DD84
:206B90001E040C4E750780F299101005DC07EA9BE41E820785FA18264107851805254611A7
:026BB0000A9A3F
:206BB4003610E26244B73F099B180A0DE7077B72AA03E412FE1594130A0DE3098072F00904
:206BD400BC0F7D08AA0F0C2AE912280894081601DE02E3A95702411F724A0A4C830744FA85
:206BF400EA1F05FC770742FA9F180305EF037D6DDD16B7028C020C2C2508CB0899201005E2
:206C1400DC073AD2E4C042074CAC160E8717435A054777106F0E0A2AF5FA2290A108030557
:206C3400E307EAA362073A177E440747701517EDE4270CFE750726F299201005DC07827228
:206C5400E410C20785FA1826220390163E4329500C4E7507150399201005DC073AD2E4C191
:206C740042074CAC170E8767435A0547770F6A090A2AF5FA2190A1080305E307EAA3620765
:206C94003A177E4407477015EAECE4270CFE7507F9F199201007DC078272E410C20785FAC6
:206CB4001226416394260300E30F8274E208CA0799201007DC0742D216B19D9723F8C403E0
:206CD40096130313DC0242DA9B1A0835EF2A40DA192AC31016AAB000C2F894181001DE02E5
:206CF4003BE00C02CA1845CA650895F81090A11A0305E30742DAE808B707A1140500DC15AA
:206D14003DCD16B3999928F8CA0799201007DC0744D29B200E35DC2A4ACE0E23C31E0FA7BC
:206D3400B000BEFA99181605E10F4AD40C07CA1045D06B0882F8188496130313DC0244DAB7
:206D5400E40ABC07A718080DE90915E216AD3E0F9F180305E90318DD0FBC37028C120C2C27
:206D7400440916982818EA5837B746099B200E05DC07886E9902E225FE029B200A07E10748
:206D94008E72E211C4097008CF0E0C32ED0A1D08A1040500DC15E3965E0F41197048184C79
:206DB400750F6AF3DD1E0CFC770F64F194181001DE027B80DD03BE0F8CFC0A2A3308BC10F8
:206DD400A11A0305E3073ADAE8B8370759A8050D852A43470C54770A8B0B182AE702308A58
:206DF40094080A05E30FEE9B570747136D43055A70023CF9E4200AFC830736F9A11A030565
:206E1400E307827AE808B707A1140500DC150BDDE4107E098AFA182A2510960A94180A0566
:206E3400E30F3ED2DDB944034EA7042085474A540C4E750793060A32EFFC22889B080A0DE2
:206E5400E707E39B64033C126B560547770F0EF3E21E18FC750F10F394180A05E30F867229
:206E7400DD08C40396130313DC0212EAE40A7C0798FA0A324C6294180A05E30F8672DD0842
:206E9400C40396130313DC0212EA16AB7C07A718080DE9090BE29B180A3DE72A0BE26433F8
:206EB4009492030677029B200A07E1071EE299201037DC2A12E25E301AAA45F884F49613B8
:206ED4000313DC0212EA9B1A0835EF2A10EA643992970AF87E0F9F180305E9030DDD942605
:206EF4000330E33212E45C2822AB4A0084FA94180A05E30F16E294181031DE250BF057320E
:206F1400999F0AFA7C07A718080DE9090BE29B180A3DE72A0BE2642411A7450677F38C1260
:066F34000C2C4409169824
:206F3C0030124354E45B3EBF4A0994181001DE027B809702E91F050999181605E10F8874CE
:206F5C00DD09BE079B200E05DC0740CEDFB337154CA70A1A8C1E484C184C7510CD0C052A87
:206F7C00E9FA23909F080305E903E59657153A1272500C4E750782F0E22512FE700772F097
:206F9C009B200E05DC07886EDF03B71585F50C32463D99181605E10F40D4DDB93E0753B493
:206FBC000F12851C504807477015C1000C32E9FC2188A708080DE909E39B5E07411F764844
:206FDC00054C7D034AEBDD2B05F7770F4BF299181605E10F8874DD08BE078C02102A3F144B
:206FFC001CA5B9D294260300E30F8274E208CA078A12122C3F090A982A181050DD9E6FFC7D
:20701C000A83DD6A2FA54613E47E34AA980899201007DC0712E25E0F84FDBEF80F037BF5A6
:20703C008526E20302109B1A0805EF07807AA4FAE20849089B200E05DC078A6EDF04B715AF
:20705C00DD93699F200AE29E548A4433A11A0305E307922A9F180335E926891D9745B702FB
:20707C009B200A07E1079A228A0FC4093F219B180A0DE7078B22A7140530DC38891EA03FCF
:20709C00BE0999181607E10F96228505C00746189F180305EF038D1D8515B70348119B1A2B
:2070BC000805EF09902AA4FA05282908C5109F180305EF037F6DDD16B7039D200A07E10724
:2070DC008E74E211C40770062D0D0C32ED0A2808A7040500DC15E397600F41197048184EBD
:2070FC00750FC6EFDD9C6B001190E88C05FC8303B4EA3F1EDD946B08108AE28B18FE750F3B
:20711C00B7EF94160C05E30F8672DD08CA0387F50538200493109B1A0805EF0938DAEAB868
:20713C00370555AC0C1A901C434C18487203D7170526EB022E8A99081607E10FF09B57056D
:20715C0043177250104C700799EBDF99620E0A84E6940CFE750792F14418EA9862FE1288CF
:20717C00E49310FC70078AEB96130313DC03847AE40ABC0798FC0A324C5C94160C05E30F12
:20719C003ED2DDB94A034EA7032085284C540C4E7507E0060A32EFFA27869D080A0DE70743
:2071BC00E39B6A033C126B560548790F5BF1E29E75020F90EA8C05FA790754F74A10DD98F3
:2071DC0075FC0B83DD9905F8790F4CF199181607E10F8872DD06C0078C02102A3F2AA7140E
:2071FC000500DC157B6EE610BE0999181607E10F96220FA720A899902E084517CA039613B2
:20721C000313DC03942A9B1A0835EF2C8E2AA437B7059D180A0DE7078B22AAF607253F17BA
:02723C000394B9
:207240009B1A0805EF0918EAEA08B7057907A00D103779FD98F6072520164E059D200A07C9
:20726000E1071EE45C0FCBF8021532174510850982F82C8496130313DC031CEA9E090AF83C
:20728000A71A080DE90713E09D180A3DE72A13E2AA33C722B715DD0E4B00E4899918160730
:2072A000E10F20E2DD06C007770F940405378CF987E50538200429119B1A0805EF0940DA78
:2072C0001907C30E47E838104D174188A7140500DC153BCE150FCA1243284B0A470044888C
:2072E00094160C05E30F48D20C07D60C40E33116421336909B1A0805EF0942DA1907C30E86
:2073000047283F104DF82388A7140500DC153DCE150FCA1299181607E10F48D20CF6CC104D
:207320005C10E83A4217260496130313DC031EEA1E0907471F8A99201005DC051FE21E0F9B
:20734000CD371988A7140500DC1513DEA00F0CFA99181607E10F20E294160C35E3321EE271
:207360009737D823B902DD2042F4AC8F9B1A0805EF09604AA4073A157CF8C5000D176217E7
:207380002B84872794260301E50F42D411FDD6120A54125D7006EC090C3F84FD85CA182641
:2073A0002203AA16030448418C2E99181607E10F48D20C05CC109B200E05DC076E3E99F3F0
:2073C00045253E0425104C193F17865A0A54125D7006CE090C3F84FD85CA182622038C16F7
:2073E00094140C0DE30944D2A71A083DE92A3BD01537CA189F180335EF265D3D97364513B5
:207400004710230A4A17CA0999201005DC0566429E0F451773F8D1F40412622517848E342A
:207420009B1A0805EF0942DA19FDC30E0E4C0C657B08110A18337BF785B8052648690A0A3C
:207440004438982E99201005DC0546D2130FCE1094181601DE025D5097F44E1F450A210863
:2074600058193F1F8058054A0E5D7710FF0905378CF887A505383F409B200A07E10754D29A
:2074800099201035DC2A44D2133FCE1094181631DE255D5097234C1F450A21085817BC0F28
:2074A000A1180305E3071CEA22FC054C8304DB05054579F78CA20C2C4423A718080DE907FA
:2074C00016E21EFC0C547B084E0818337BF785980525461E8C1E0A4C83083E12123779FD5F
:2074E0004578093F102A3F0C980607253F1703934A540C5999181605E10F40D22FF99B18A0
:207500000A0DE70733D2FE1896130313DC021EEA9B1A0855EF4C38DA504C7006BFB90C327F
:2075200042FA94181601DE0217F01702E91F1D0A99181605E10F24E217FC0C4C770FA4EDD9
:1A75400094081601DE02E3A9DD107E0F8CFC0A2A520C8A12122A3F090A98BC
:20755C002E100550520596130313DC02827A9EFAE708110799201005DC0782728C20C2F8E2
:20757C007008EA060725E2181C039B100A07E107F69B5C0F47176B480C4C770F77EDDD1959
:20759C0018F8720268FB94130A0DE3098072F008BC0F92FA052A4647E45442B78CB0170CB1
:2075BC0096130313DC023ADAE4BA3C075FAC081A922C434C0C4C770F9D07052AF5F61E8366
:2075DC0094160300E30FEA9D5C074D177050124C700748EDE42110FC700750E99613031358
:2075FC00DC02827AE40ABC0798FA0A324C1C94180A05E30F8672DD08CA0396130313DC02BA
:16761C000CEABE024308F84C0A547D0722FF8C0A0C324A0903984E
:20763400250B055E055CE4673EB9979055F81E0F3CA9920019F936B29D9142F82C0331A680
:20765400920F12F436B4E40C34ADF00834B64C0994180A05E30F86729707F5130002942676
:207674000300E30F8274E209CA077510630A052AE90A27109F080305EF03E59657153A1230
:2076940072500C4E7507FEEC750F680D0537681DE42310FC7007F6E896130313DC02827A99
:2076B400E40ABC0798FA0A324C5394180A05E30F3ED2DDB84A034EA7032085774A540C4EED
:2076D400750724070A32EFFA20889B080A0DE707E39B6A033C126B560547770FC7EE75077D
:2076F400430D0A3F6E1DDD1B0CFC770FC3EC94181601DE027B80DD03BE0F8CFC0A2A52289C
:2077140099201005DC078272E410C20794181601DE023BE0B7FB9B200A07E10750D2BC09E8
:20773400A1180305E3071CEAE80A3707A7140500DC1516DDE4103E098A0A182A44111098A2
:2077540023100C500C694A0994181601DE027B8097F3E910050999181605E10F887285183C
:20777400BEF87710E509052AF5061E0394160300E30FEA9D5C074D177050124C700776EC9B
:20779400E41F10FC70077EE896130313DC02827AE40ABC0798FA0A324C57E2200F88C520B0
:2077B40012083F0BD1140B0337B6DD443EBF999347F82C0734B19F0112F936AA9B200E0577
:2077D400DC0746CEDFB337154CA70A1A8C3E484C184C750F9506052AE9FA23909F08030554
:2077F400EF03E59657153A1272500C4E75074AECE21F12FC70073AEC9B200E05DC078E6E29
:20781400DF03B71585F50C324621E72019884416A1180305E30746DAC2013E08F848074723
:2078340070151BF99B200A07E1078E72E210C407850A0C2A46110E982310184C075C3F1718
:2078540094130A0DE3098072AAF8E7100B0994180A05E30F86728518C4F472035E170525BD
:20787400E912230A99081605E10FF09D570741177250104C700700E7DF13050A7002F6F305
:207894009B1A0805EF07807AEA0AB7078CFA0C324A57E2201584C02307163F06C530100A1C
:2078B4003CA8F04A3CBF9F9342F8200736B19D0112F93CA696130313DC023ADAE4BA3C0704
:2078D4005FAC081A923E434C0C4C770F1706052AEFF61E8394160300E30FEA9D5C074D176B
:2078F4007050124E7007C2EBE42010FC7007C4E796130313DC02827AE40ABC0798FA0A32E6
:207914004C21E2200D8846169F180305E90343CDB70F3E03EC540C4E7507B2FD992010079C
:20793400DC078272E410C207850A1226410403A6230B0C58460B99181605E10F887497F8C0
:20795400E908050F9F180305E9037D6D8526B7F37710EA0A0A2AF50A2510A10A0305E307A4
:20797400EAA362073A1778440747701578E6770FEF0D0A37741DE22412FE700777EB9B20C1
:207994000E05DC07886EDF03B71585F50C324663E2504AB799201007DC073AD2E4C04207F9
:2079B400DD094E88DF05419B3F0AE41136AB440EF00834B14C0D0308460953B40E12852C5E
:2079D4005048074770158F000C32E9FC2588A708080DE909E39B5E07411F7648054C7D0341
:2079F40040E67015AE060C3F681FE21C18FC750F43ED94180A05E30F8672DD08C40387F5AF
:207A140005383F229B200A07E1078E72E210C409DD09488CE4124C913F17A1140500DC15B3
:207A340007DDE411BE094412A718080DE90907E2E408BE0F4A0B03084C05870505383F0417
:027A54000AA086
:207A5800281018504411A11A0305E307827AA2F8E2080B0396130313DC02827A8C1ABCF8EB
:207A780083085E10122CE20A23089B100E05DC07F09759023A256B430C547709F3EAF01A49
:207A98000A047D09EAEA9B180A0DE7077B72EA04B90285080525464AE4573CB79FB0091833
:207AB800A11A0305E3073ADAE8B8370759A8050D853A43470C5477091905182AE702298AD7
:207AD80094080A05E30FEE9B570747136D43055A7002CAF2E41C0AFC8307C4F2A11A03056A
:207AF800E307827AE808B70792F607253F2594130A0DE3098072F008BC0FA11A0305E307B6
:207B18000AEAC200850A1226410403A6230BE4633EB999181605E10F10D4DD0CBE074510D3
:207B38007F4A054C7D0399F794260300E30F3AD4E2B84A0751B41014851C4A4C0C547B0719
:207B5800D0041226E4F51B960303770FDBFC99081605E10FF09D570741177250104C700790
:207B780089E696030313DC02EAA3E48A7C0798FA0A324C5194180A05E30F3ED2DDB944036E
:207B98004EA7042085174A540C4E7507E5FF0A32EFFC1B880A08770FB9FA94081001DE021E
:207BB800E3A95702411F724A0A4C83075BF2A10A0305E307EAA3E888770792F607253F373D
:207BD8000FA40C0F388499181605E10F10D40CF8CA10E910B40703087D038FF5319094036A
:207BF8000A0DE309E89BF08A7C0F92FC052A461145107F4A054C7D0330F78518052546119A
:027C18000A9AC6
:207C1C00A718080DE9097B729E0780032B08FD084B047645055A700223049B1A0855EF4CE6
:207C3C0016EA504E700788010C3F6CFB2008000496130313DC0318EA9B1A0835EF2C16EAFF
:207C5C00A43794160C35E33298229728DC13B90294260301E50F942499181637E1321EE28F
:207C7C009735C0079B200E05DC0722DE9902722524049D200A07E10722E49C0FA118030324
:207C9C00E50718EAA2F8291744100503701555060E3F681FE22018FE750FEAE9030648111F
:207CBC00770F560A05377419DF1B050A700326EE9B1A0805EF0914EAA407722523089B2089
:207CDC000E05DC0722DE990294260301E50F18E49CF83C193626EA2105FA7907C3F14A0D6F
:207CFC00DD2118F8720201F394140C0DE30914E2AA09773F270894160C05E30F1AE2970770
:207D1C00A7140500DC1511DEA0003019362EF0240A047D07A0E7480DE42A10FC7007F8E16E
:207D3C0096130313DC0318EA9E0977472D0A99201005DC0518E29E0F9F180305EF0313DDF4
:207D5C00970629133A46E4250AFC830989F14C0DDD210EFC770FD4E594181601DE020FF057
:207D7C0097037B5F210A99181607E10F1CE297059D180A0DE70711E2AAF42B12315CDD20DE
:207D9C000E0477096DE9520FE22C12FC7005B6E59B200E05DC0722DE990272751A049D2044
:207DBC000A07E10722E49C0FA1180303E50718EAA2F82917445ADF20050A700355F1460FBC
:207DDC00E22518FE750F9EE594160C05E30F1AE2970785731C0394260301E50F16E49C07B6
:207DFC00A71A080DE90711E0A0F8301F3C6EDD2618F8720230F73F09E62E0CFE750788E720
:027E1C0008A0BC
:167E20002B170CD82A210ED8030816040503031603040C100A0A78
:207E3800160A0810100803060C080A100E08030816040503031603040C108A490808964962
:207E5800081090470F06190817101A080F08220411031016100418100A0A0808160A08108D
:207E7800100803060C080A100E08030816040503041604040D100B0A0908170A09101108A0
:207E980004060D080B100F08040818040703051605040E100C0A0A08180A0A10120805067C
:207EB8000E080C101108060819040803061606040F100D0A0B08190A0B101308070610083C
:207ED8000E10120807081A0409030716070410100E0A0C08210A0D101508080611080F10FA
:207EF800130808081B040A03081608041110100A0E081C0A0E1016080906120810101408D1
:207F180009081C040B030A160A041310110A0F081D0A0F1017080A061308111015080A08A7
:207F38001E040D030B160B041410120A10081E0A101018080B061408121017080C081F0462
:207F58000E030C160C041510130A11081F0A111019080D060C080A100F0803081604C8BCFF
:207F78000756BE9574D0EAADEA477C9BAFCD402F5A441C8117CE6A804F4D673EBDC80E0D40
:207F9800C8491013910A98098608780ECD3F893EA637D455189F464B72D39A46F3BDC9C1C5
:207FB800023836CB871886CC0810100823090C0852540E0883478C060503435703040C1030
:127FD8000A0AD049160A0810D84903060D120A100E08B9
:077FEC00150304020215ADAC
:207FF4000D100B0A0A081A0A101018080B060C880A100F8803081884050307960304149078
:208014000A0A1888160A209010080355574D3B5542120B181E070813191E0D0C0D1A120DD7
:20803400181E2C1210181E0C06101A12121511120B181E07081319200D0B0D1A120D1818B0
:208054002C1210181E0C06101A12121511140B181E070813191E0D0B0D1A140D181E2C1280
:0B80740010161E0C06101A1412151234
:058080000308160405D1
:2080880004030A107E4808D88A4608E0100803085A080A1017080308DA4205D3C75403D3AB
:2080A8000A100A0A580816081210110803080A080A100E08030816040402021509030C101A
:2080C8000A0A080816080810100803080A080A100E08030816040503031603030A100A0A5F
:2080E800080816080810100803080A080A100E08030816040503031603030A100A0A080843
:2081080016080810100803080A080A100E08030816040503031603030A100A0A0808160814
:208128000810100803080A080A100E08030816040503031603030A100A0A080816080810FA
:11814800100803080A080A100E08030816040503058F
:20815C0079228D44771A99420910100803080A080A100E08030816070503031603030A1044
:20817C00290A2408350826102F082108290829102C08220834042403221620032910280AC4
:20819C002708340827102F082108290828102D0803081604050B031603030A100A0A080891
:0181BC0017AB
:2081C000EB174C480A082055B208040816040503031603030A100A0A0808160808101008EF
:2081E00003080A080A100E08030816040503031603030A100A0A0908100808101008030854
:1A8200000A080A100E080308160405073C5A7B030A100A0A08081608081069
:20821C0003080A080A100E08030816040503031603030A104A4C1708160808101008030881
:20823C000A080A100E08030816040503031650574D3D3B2A280836282830300803080A08C9
:06825C000C100E08710871
:0B826400040202150202090F090908BC
:2082700016080810100803080A210A100E0803081604052B031603030A100A0A0808170869
:1E8290000810110803080B080A100F08030816040503031603030B100A0A08081608A7
:2082B000100803080A080C100E08030816040503031603030A100A0A08081608081010086F
:2082D00003080A080A100E08030816040503031603030A100A0A080816080810100803085E
:1A82F0000A080A100E08030816040503031603030A100A0A08081608081072
:20830C0002070907090F0E08030816040503031603030A100A0A0808160808101008030827
:20832C000A080A100E08030816040503031603030A100A0A080816080810100803080A08FA
:20834C000A100E08030816040503031603030A100A0A080816080810100803080A080A10D2
:20836C000E08030816040503031603030A100A0A080816080810100803080A080A100E08B6
:20838C00030816040503031663050A100A0A0D0C16080810F80B03080A080A100E0803084B
:2083AC0016040503031603030A100A0A080816080810100803080A080A100E080308160472
:2083CC000503031603030A100A0A080816080810100803080A080A100E0803081604050364
:2083EC00031603030A100A0A480A16080810100803080A080A100E08031816F405030316F1
:20840C0006030A100A0A0808760A0810100A03086EAB4AF8321D03F87AA745EB0316030337
:20842C000A100A0A080816086812100A03080A0870B34EF0271D10F469A643FE03030A100A
:20844C000A0A080816080810700C03080A08171A0E0843F0100445EB031603030A200AFA12
:20846C00080816080810100A430A0A080A501813031810F42912030603120A000A0A080806
:20848C001A080810100A03086A0A0A100E080F14100445EB031643EB0A100A0A081D16F8BE
:2084AC000810100A03080A086A120E08030810042918030603030A100A1A08F816160800EE
:2084CC00100A03080A080A104E0A0308100405036D2507030A200AFA0808160848E7D914AC
:2084EC006FAB4AF00A100E08630A10040503031603030A100A0A080816080810100A0308AB
:20850C000A080A100E08030810040503031603030A100A0A08081608071F100A03080A080E
:20852C000A100E08030810040503031603030A100E0A080817080810100A03080C080A10ED
:06854C00120803080FE70E
:20855400031603030A100A0A080816080810100A3EE90A080A100E08030810042BE40316AA
:2085740017E40A100AEB0808ADE8081074EA030840E80A102CE8030813E405030316030338
:208594000A9499EE113BF66A0C9BF06CEB68DA6C19F50E9903F81097051303C52D9BCAA8E9
:2085B4000A1A098A9BEC08A110FA039B0A180AC30E18C5B61C56456B06AF2B3512800AA60F
:2085D400D5EE178BC2F45C5ECBBAD5BAD8C214A0048ACEE8CDB1CEC4D1B1CCC20A1A8FB683
:2085F400D9A048A010FA439A2E1D124212A404ED20E4C685BDFA43934AF84A9C6AAB9D5AC9
:20861400914410A20A5C0A9A6E100E980308906811E983A643EB8AA272AD09A0273C88A0BE
:2086340010FA839A0A1D91C20E1A839810F48595032B8AB50A202B3C293A5DBBD4C2100AFB
:2086540003082B3AD6BE55B783A06076094D0B76137754C3D6BC080816082942DCB84DB7C2
:208674008BA05A8212520B68207852B6CFC803030A102B3CD4B663B78AA8607C07521268C5
:208694001A845D5A448A55E809E9526A47854BF60A1A4CA0655C0822909A03F88A9A0A203D
:2086B4008FB6CA5A9094050383A88003DA74A2EEC8A0DD5C48A050F2439A6AAB0BA8173CC2
:2086D400039B68A745965FB9253574426C3E323C969848F8909C5BAB5C3A4AA04EF0495CBB
:2086F400509445EB43A865A6D344505C88A0666C93F4109B43F00A9B62B34E9943F050977F
:2087140061A6654843934AF86C3C489856F0CBA890A2137A133C0AA81E7C84885284C685B1
:20873400BBFA0C375064D15CC988DD5C08A368AD439B66AB2C42783A653C3A38059343FE07
:20875400039562B34C3C489856F04E6450A2C3A0627CCBA8667CC5A06878859303068395F2
:208774000A208BBC081A6F3A12A8B03C048AC7EC1A8892908B78B0A0C8E9437E4E4D7344E7
:20879400AEA60AED1AA01764101A633A4E90555A54EC43A09184888707FB449B0CF48AA29D
:2087B40048A07F3C09A8293E03184B8A96F450A0C6B6D8B6D0B5D1C8079B0B92C8EED0B6DD
:2087D400E1B6D6BED3BC03180B8B8FF40E99030810976903032803134A540C4E99081605DD
:2087F400E10F68EBDD087E07467A9F080305EF0365E494160331E53262EB5C378A099910FD
:208814001005DC0568E9E41082073F3FA7040500DC1563E5600F79192308A70A080DE90737
:2088340063E79D080A3DE72A63E96A330B02771594040C0DE30968E9A70A083DE92A63E71A
:208854006037C5200E12C9178A03410F94160301E50F6AEB99081637E13270E957351207B5
:208874007E0F9F080305EF0361E494160331E53266EB5C37D8297C0FA1080303E50766F11A
:208894006207C297DB0396030313DC0364F15E0999081607E10F28E993059D080A3DE72A86
:2088B40063E96A33790294160301E50F62EB99081637E13268E95735CE277E0F9F08030542
:2088D400EF035DE457153E041C1049199807A70A080DE90763E7E6087E0F4A3B94081601C3
:2088F400DE025BF717539D100A37E12A76EB5C30D6173A1574F87E0F4E4CB31C564896030D
:208914000313DC036CF19B0A0835EF2C68F16437099580079B100E05DC0776E59603034300
:20893400DC266CF15E2A99081637E13268E957359D080A3DE72A1BE9A6265932C90677F4CC
:1E8954000E5FCCFE0A4CF519D30FA1080303E5076AF162073A17662407253F17039435
:20897400CF09CC08F01A7C0FD507C70687880A00820794081601DE02EB99DD04C00F461634
:2089940099081607E10FF88B94060C35E332F68B9737D823B90294160301E50FF28D9C07D9
:2089B400A71A080DE9077D509C075E0F9F080305EF03FD66570682F4F10F9B0A0805EF097F
:2089D400F093A1080333E52AF293A237C507CA0396030313DC03F6939B0A0835EF2CF09384
:2089F400A437B70548289B104E05DC07DA3496030343DC26F6939E3999181637E1328A523F
:208A14009328602C0C540E0830171604072594160301E50FF48D99081637E132FA8B973583
:208A3400CE27BE0F9F080305EF03EF86971594140C0DE3098252A6095C00A1080303E50777
:208A540002831707C3109C33C7D294160301E50F026D18076A09471F1C8888E50C090008ED
:208A74009F080305EF03EF869715C283CA8F8FE90809F519D493A1080303E507F693E80870
:208A9400B70733048F0594260301E50F60641C07F5294A92A1080303E507F893E808B707D2
:208AB4003304300594160301E50FFA8DE2088A094428A1080303E507FA93620794081601E0
:208AD400DE0223171303E6103E0999081607E10F008B94060C35E332FE8B5737D82379025F
:208AF40094160301E50FFA8D5C07510A18104F17E5059D080A0DE707E78BA7040530DC38F3
:208B1400F187A03F99992808A70A083DE92AEF89A0379B100E35DC2A0E67952557459213CC
:208B34000D004CFA7CF8A70A080DE907F7699D080A3DE72AE78B6A33C0F302259EF40C10B0
:208B5400301983082712AE1F840794060C05E30FFE8BDD088A0322035B1794040C0DE309D0
:208B7400FC8BA70A083DE92AE78960379B100E35DC2A068759234525BEF40B1FA5FA170849
:208B94003C1943904E0850C6EE2717104E0B030816045012A336A3367710EA2C0808160A92
:208BB400043C7F89070619080A13102ADD0B63C4E712101643070C100A0A53FAB62AA84215
:208BD4007BF8E3280C080A100A3472881A041203031905377E039B0A0805EF070093A108AD
:208BF4000335E32AEE93623794081631DE25F39957234C1FC5FA0717B1F8171036178558D4
:208C140057C8EC2F1B08430B160405034E25A323AA42750AE82A160808100C3472890E0836
:208C340017100E0B053BCAF796030313DC0204939B0A0835EF2AEC93643794080A35E332B6
:208C5400FE8B57285813C0F302259EF3191030198A5863C8EA2F1D08430B0A080A1059177B
:208C7400A328B6367003E33803030A10063677891A081510100B052AE40E57D0F017100876
:208C94005607050303164EF5AA30AA3C73F8F62A08101008FF3479880E101B08030B1837B2
:208CB400B9F694160300E30FFE8D5C07F5173B90A1080305E307FA93620794081601DE0269
:208CD400231713029B100A37E12A0A6BDC32242894080A35E332068B9737697325F394266E
:208CF4000330E3326764182AA708085DE94CFD8B9E571A322237A5F84AF496030313DC0238
:208D1400FE739B0A0835EF2AFC73E42AB31AFEFA46809F080305EF03F9865715E2223D906E
:208D34009B0A0805EF07F893640794080A05E30F2E091307A7040530DC38F766DE321E2AEA
:208D540099081635E132088B97375D772A009F180335EF26805D133894030A5DE34E028BB9
:208D7400AA5718322437A5F83EF89B100E05DC070A6796030343DC25FE73DE2CB81A0AFA23
:208D94004448A1080305E307FE936207E237488496030313DC02FA935E0999081605E10F8C
:208DB400300913079B080A3DE72AF76BEA26192394160330E332028D9C3769772800A1188E
:208DD4000335E32A637A1E2A94081651DE47FD9997521A321E39AAF84AF899101005DC0746
:208DF400FE6B9B100E35DC2A0A67D925B328F7F59B100A07E107068B99101035DC2AFA8B1E
:208E14005E3FD0277707A7040500DC15F3865E0F450A18085517AB0EA1080305E307F693ED
:208E3400A20794081601DE02FB890CF3CA18CCFA6717488899101005DC07F88B9E00E807B8
:208E540062F8408496030313DC02FA93E40B7C075223431020F894080A05E30FFE8B57F8FF
:208E7400B81396030313DC022A111A09E2084A0799101005DC07FA8B9B100E35DC2A068746
:208E94005932C53577029B100A07E107068B5C0FCFA7E4079B084A0DE707CB58A7040530D4
:208EB400DC38F1869E3F99992808A708083DE92AEF8B9E379B100E35DC2A0E6795255745BF
:208ED40092120B004CFA99081635E1323009832D0C0C0C650E08301716040725A8E80304DE
:208EF4009B100A07E107048B99101035DC2AF88B9E3FD027B707A7040500DC15F1869E0F5D
:208F1400450A180895170E1095E70309E917D68D0E083F3FA7040500DC15E7869B100A378B
:208F3400E12A028B9C3FA1080335E32A02739E2A5737A51306F3771594034A0DE3090038A2
:208F5400A708083DE92AEF8B9E379B100E35DC2A0E679525573A94030A3DE32CEC8B6A37EE
:208F7400C3000F179EF80A08301F89081410BC130747050B0303371F0A0A0A2ABBDA0811C9
:208F9400A1080305E307F6939F080335EF26F1869745C522BE0F9B0A0805EF07F493A407C4
:208FB40094080A05E30F067B0CF8D60C8412091688E20A11E9197185A718080DE9095962E6
:208FD4001E07E92FBC8894081001DE02E79994030A3DE32C006B6A37971F11FA77079B0814
:208FF4000ADDE7D4FF8BA1044500DC15DF639B100A37E12AFA8B5C3F70FE94080A35E3329F
:20901400067B0C37D00C8B32C5E594030A3DE32C006B262A5C3F9F1904F89B080A3DE72A43
:20903400E78B6424A712BEF602124C1F4A4E0AFC1608351F100A052ABECA9B100E05DC07B4
:20905400300596030343DC2506939E399107544099101007DC072A099B100E35DC2A0C87EE
:20907400993289A58C0249489B0A4805EF07D060A10A0335E32A02831737C3109633C7D2B4
:2090940094160330E332026D182A6A37971F11FABE08FA174C1F9F080335E9262504833BA0
:2090B40005F70C650A0A351716080A32B5DC03099B080ADDE7D4FF8BA1044500DC15DF63EC
:2090D4009B100A37E12AFA8B5C3F70FE94080A35E332067B0C37D00C8B32C5E594030A3D22
:2090F400E32C006B262A5C3F9F1904F89B080A3DE72AE78B6424A7127E2603034C1F4A4EE8
:209114000AFC1608351F100A052ABECA9B100E05DC070C879902790ADD06AFEF0A0B991859
:209134001605E10F6664DD083E079B200E05DC071A120E02C31EE22235908FE90809F517F0
:209154001D90A10A4305E307AAF09F180355E9485C5D435A0303371F0A0A99181605E10F15
:209174002818DD083E0746239F084305E903A5E394260350E3546564484C1608351F100A78
:2091940094180A05E30F2616DD0E440396030313DC02CCA38F091C888A0799101007DC0734
:2091B400088B9B100E35DC2AD297593277153F0B9B100A07E107D89B8D0F248A77079B08C8
:2091D4000A0DE707C59B640396030313DC0208935EFAAA175108C6154F19EF879B084A0D62
:2091F400E707DB1892080747031630120A10CF091808F0087C0FA10A4305E307E220901C17
:20921400054C1004321203163F549B104A07E107B6E899201057DC4C63624A540E0830175B
:20923400100496130313DC02221EE4123C07A708080DE909C59B8F071E9082079408100160
:20925400DE02019994030A3DE32CCA9B6A377C0F4C1294080A05E30FD09B880724847902EA
:2092740094160300E30FCC9D5C07A708080DE909018B5EF8AC1F490896084F13F18294169E
:209294004300E30FE21A8A0C184C08103D190308CF071A10E8087707A1044500DC15DB13DF
:2092B4008C240C4E08084317081095E9030941175A30102A3F0910940747A8EA13048FEF07
:2092D4001A0BADE71E09E210B5E91709E40AAFEF120994085001DE02BBE60303371F0A0A65
:0A92F4008DDA16090A324C0B0398BC
:209300000C54105D920C2FF4AAE2131788E21A11AFE91009D1F8070F36FEA8DC1E09991557
:209320002DF8A8E72805C0F3021529F8AFE5260BE209BBE71411EA0DA8E70E099B104E054F
:20934000DC07C8D40503302503038FE20A0B0A2A520908A0124E055DAFDC1A1193E7130960
:20936000B5E30D04DD16A8E21E11990F27F8BBE72011CBFA020730FDAFE52A093E0820F4E2
:20938000AAE20F17DD06AFEF0E0B99085605E10FC8DA030837170A1093DA0309122641048A
:0293A00003A622
:2093A4008FE00E0B8DD91E098DE2200B88DB1E098FE41A0988DD2E058AD91F17850B790F91
:2093C400EB08ADDF160B08A0504CC805AC88135F0E1077075648B517435A3F05D10FC7BAEA
:2093E4001C074D19E902EF17FE85D107C7C0D3FAC0B82A3387133A2504F7400FCF09A88820
:209404001F59081884073F07D107C7C022073A17F7F6E412FE95C803C9C0CFFCC5B82A3991
:209424008A20471704F94007CF0FAE88DD158A034104C815C0B4200F4119E9FAF519038FA7
:20944400D507C0B6D1FAC7C0223785184D1306F63715C803AC90E4147C07520BCD0FCDB886
:1E94640017054317EB02ED17FE87DB03C2B3C808C0B4203F8C1A3F1717FD3C0F109805
:209484000E4C8F0F2E0805F8A5045404C8152704200F4119E9F98CFE979050093F0CC77895
:2094A400090FA90702073CF4CA0227161703431F6BFB7EFCA54A48114C0EBEB60B07A50F66
:2094C4000D0729F8D1D404029E1502033200CF0928088AFA97345F49BE360B07A50F0D07F1
:0A94E40029FCDB032503770A03943B
:2094F000C50A08F875192E90A1088355E54C1A126257BED816E4140183E6E21123904AC6E6
:209510006508A80A48DBCB08030EC7080A2DC9080328D104F542BE760444C7100A5AC30885
:20953000166AC31010783F09C7380A880E083F6CD12405F3622533844CCC670A680856D557
:2095500097111118631A4C4DE354625DBE88C08E065B036CBEA416907E52C3581B8A7C683E
:20957000CB080B868050C5B018887750D1540A83776EBE0410907E3248C4730A661050D300
:20959000F97E4CC46710550843D30C77C003038603044842C53A08F87519279050C460062C
:2095B0003A084ADB4EC46008460445CE921704146C244A4148C5730A811050E3F981C708EA
:2095D0001A001E2A137F5677C7F7795A3FF8C7100A7A0808521BC34010F8810BC7080A802A
:2095F0000E083F12D19405F3811BBE040C800A0A440BD12A08881008DF119B0A0B00504770
:2096100063FA1604E10E921B04F44E7F6AFD0808F21599101052DC4A605DC5101DF877573E
:209630001604E10E9416034EE5545E5FC35825FA7C5F1008DF119D088A5FE74C130A6A5368
:20965000C0D303F612028CE0E9170307D10A08801008DF119D080C6A0F5A338C8C88C0035F
:20967000037A3F160B320F8AC308166B441D0F4A0886C7080A784A10028A1B8480130376BC
:209690003F0787300A6AC308167A0810EC1347355AFCA9260C073F0DD1B4057B0316DF0FCB
:2096B000C7100A7A0808F215C3101098631AC7080C004E4DBE081B845E4B576BDC487C85C5
:2096D000134050099F504819D22142FF07874A64E74C575DD184AF8D046E035AC7B0148AB2
:2096F0007C50D15A0D908460BE0616887E58C9A80D888A2C45BF6015A3034CDB0A0AE4139D
:20971000180A0810100803870C080A10A20B080818040503032603D40C100A0A609B160A03
:20973000091010085BA90CD82A8E2188F70C16040603031603040CE47E931B886E1308101C
:209750001108030664110AE4FE9C16883606050304160304841B0ADEAC9B298A54111008D9
:2097700004060C08CE1C0EDCCF9A29843903031604040C10021608DC6A9D1B906008030639
:209790000D080A10561503DC16971883571603040B100A0AA41516DCF49723888B090A08CE
:2097B0000C100E08271716D80503031613430A100B0A080816080D00248B1688460A0A10A3
:2097D0000F08030816040BF3579B1683A2120A0A09081608A01216F8538D1D880E100E0844
:1097F000030816040503031603030A100A0A0808DF
:02000004801F5B
:100020001B08030BA72406EBDC04D74C0A10E618C8
:0C004000941817ECDEF187F10303E61EB4
:0C006000A70406EBDC0447960A10E61823
:0C008000961304FEDCF1762E0A0AE4164A
:1000A000101603069B400BF2E1F6C6CE0810EC16C4
:0C00C00094030BF8E3F890CB1608E41E44
:0C00E0009B200BF2E1F6AE250810EC1698
:0C0100009B3A09F0EFF664241008DF16AB
:0C012000990817F0E1FE70BB0308E6161A
:0C014000A70809F8E9F6B34B0A08E61E10
:0C016000994011F0DCF6663C0A10EA162B
:100180001D0A030B9B180BF8E7F64FE01004E11172
:1001A00010080A0B9B200FF0DCF65CBE0503DF2471
:0C01E0009B100FF0DCF680A70503DF2465
:142000001B08030A18F805A3700E6FA519104A0C0808168A23
:1820200010081606070203B692134D51770262A9230A481210080386C3
:1820400023040505051503A49B1F4C4B750060AB1510500A03060C88A9
:182060001203031805030CB099194B49830242B11D0843080C080A9098
:18208000101603060E0F0AAA97175A4B75083AA910064C0A0A100E8879
:1820A00010040C120C0908A8A5194D517D001DA719084A120E08038876
:0E20C0000C0F0AAA97175C4975081CA9038823
:2020E0009B2A09F0EFF6D0391008DF1617080A12100703A8A5134C44700EF7A317104A0C4D
:04210000080816882D
:040000058010000067
:00000001FF
