:02000004A00852
:200000001D0000206080000053455320202020313330363234312030303120313420455804
:20002000323534322D2D2D2D2D2D2D2D2D2D2D2D2D2D2D2D2D2D2D2D2D2D2D2D2D2D2D2D07
:200040002D2D2D2D2D2D2D2D2D2D2D2D2D2D2D2D2D2D2D2D2D2D2D2D2D2D2D2D2D2D2D2D00
:200060002D2D2D2D2D2D2D2D2D2D2D2D2D2D2D2D2D2D2D2D2D2D2D2D2D2D2D2D2D2D2D2DE0
:200080002D2D2D2D4441434831323334353637203030312030302020204558323534353101
:0600A00032363030383228
:0300A80000000055
:2000AC00000000000000000000000000000000000000000000000000000000000000000034
:0600CC000000000000002E
:0300D40000000029
:0100D800FF28
:1300DC000100000000000000FFFFFFFFFF00000000110004
:0A00F0000000000000000000000006
:0E00FC000000000000000000000000000000F6
:20010C000000000000000000000000000000000000000000000000000000000000000000D3
:0E012C000000000000000000000000000000C5
:01013C0000C2
:030140000BFFFFB3
:13014400000000A571406F1155276B6B6B6B6B6B270D00A0
:2001580000000901D81D000000000000000000006400FFFF0000FFFF0000F0FF0000F0FF4A
:2001780000000000000000000000FFFFF0FFFFFFFFFFFFFFFFFFFFFF000000000000000084
:2001980000000000000000000000FF00FF00FFFFFFFF0000FFFF0000FFFF0000FFFF000053
:2001B800FFFF0000FFFF0000FFFF0000FFFF0000FFFF0000FFFF0000FFFF0000FFFF000037
:2001D800FFFF0000F0FF0000FFFF0000F0FF0000FFFFFFFFFFFFFFFF0000F0FF0000FFFF48
:2001F8000000F0FF00000000000000000000000000000000000000000000000000000000F8
:20021800000000000000FFFFFFFFFF00001000000000000000000000000000000000FFFFBD
:200238000000F0F0FFF0FFFFFFFFF0FFF0FFFFF0FFF0FFFFFFFFFFFFFFFFFFFF0000000029
:0A025800000000000000000000009C
:2002640000000000708508A0B48508A0EA8808A0128608A05E8608A0AE8608A0FE8608A00E
:200284004E8708A0FE8708A0028808A0068808A0448808A0828808A0B88808A0848C08A082
:2002A400C88C08A088A808A0268D08A0728D08A0C28D08A0128E08A0628E08A0EA9108A06A
:2002C4006A9208A0049308A01A9B08A0148F08A04C8F08A05E9008A0C69008A02E9108A011
:2002E400429408A0F49408A0069708A01A9908A064A208A0969A08A0129A08A0AC9B08A0E3
:20030400009C08A02C9B08A04A9B08A0689B08A08A9B08A0009F08A01E9F08A0409F08A0EE
:20032400629F08A0849F08A0A69F08A0C89F08A0EA9F08A00CA008A02EA008A050A008A0B6
:2003440072A008A094A008A0B6A008A0D8A008A0FAA008A01CA108A03EA108A060A108A00E
:2003640082A108A0A4A108A0C6A108A0E8A108A00AA208A088A808A02CA208A088A808A007
:2003840088A808A088A808A088A808A088A808A088A808A088A808A088A808A088A808A099
:2003A40088A808A088A808A088A808A088A808A088A808A088A808A05AA408A088A808A0AB
:2003C4009EA208A04665686C657220696E20445053455F494E49542829200A0A0D004665C8
:2003E400686C657220696E20445053455F53544152542829200A0A0D004665686C65722016
:20040400696E20445053455F43414C43554C4154455F494E505F4F5554505F4C454E28294C
:05042400200A0A0D0092
:20042C00EC4C08A0304D08A0304D08A0304D08A0EC4C08A0EC4C08A0EC4C08A0304D08A09C
:20044C00304D08A0304D08A0304D08A0304D08A0304D08A0304D08A0304D08A0304D08A068
:20046C00304D08A0F04C08A0304D08A0304D08A0304D08A0304D08A0304D08A0EE4B08A0CD
:20048C00304D08A0304D08A0864C08A0304D08A0304D08A0304D08A0304D08A0304D08A0D3
:2004AC00EC4C08A0304D08A01A4C08A0F24B08A0EC4C08A0EC4C08A0EC4C08A0304D08A073
:2004CC00F24B08A0304D08A0304D08A0304D08A0304D08A0184D08A0F24B08A0EA4B08A0C8
:2004EC00304D08A0F04C08A0B04C08A0304D08A0F24B08A0304D08A0304D08A0F24B08A00A
:20050C00000202020202020202020301010101020202020202020202020202020202020294
:20052C00020440404040404040404040404040404020202020202020202020404040404069
:20054C0040408888888888880808080808080808080808080808080808080808404040403F
:20056C0040409090909090901010101010101010101010101010101010101010404040404F
:20058C0002000000000000000000000000000000000000000000000000000000000000004D
:2005AC0000000000000000000000000000000000000000000000000000000000000000002F
:2005CC0000000000000000000000000000000000000000000000000000000000000000000F
:2005EC000000000000000000000000000000000000000000000000000000000000000000EF
:01060C0000ED
:200610005345533A206B65696E204472656867656265726665686C6572206D6568720A0DDD
:20063000005345533A204355542B206D6974204355542D204C656974756E672076657274D2
:200650006175736368740A0D005345533A20494E432B206D697420494E432D204C65697462
:20067000756E6720766572746175736368740A0D005345533A204355542B206D6974204377
:2006900055542D20756E6420494E432B206D697420494E432D204C656974756E6720766564
:2006B00072746175736368740A0D005345533A20447261687462727563682061756620439A
:2006D0004350494E4320756E642F6F646572204343500A0D005345533A206B65696E204400
:2006F000726168746272756368206D6568720A0D0050726F6669627573203D3E2050726F0E
:20071000666962757376657262696E64756E6720756E74657262726F6368656E210A0D0015
:2007300050726F6669627573203D3E2050726F666962757376657262696E64756E67207690
:200750006F7268616E64656E0A0D004D61736368696E656E74797065204D352F4D380A0D5E
:20077000004D61736368696E656E74797065205031432F503830520A0D004D617363686988
:200790006E656E7479706520756E646566696E696572740A0D00436F6D70696C65204461E4
:2007B0007465203D204F6374203233203230313500436F6D70696C652054696D65203D204B
:2007D00030393A34353A353100775365676D656E74416472203A2025780A0D0D004D4149EA
:2007F0004E5F4578742E6320284170706C29203A20252E3335730A0D0D0053455320455808
:200810002D4E723A20252E3238730A0D0D0053706F747A6165686C657220756E642044656C
:20083000627567636F756E746572207A75727565636B67657365747A740A0D0050726F668D
:2008500069627573206765737461727465743A28256420256420256429202825643A2564E8
:200870003A2564290A0D0D0050726F666962757320676573746F707074203A282564202528
:200890006420256429202825643A25643A2564290A0D0D004D494441535F58523A20257503
:2008B000203D3E2028256420256420256429202825643A25643A2564290A0D0D004D656C7F
:2008D00064756E673A204D5720546162656C6C656E67656E6572696572756E67203D3E20BF
:2008F00067657365747A74203D3E28256420256420256429202825643A25643A2564290A91
:200910000D0D004D656C64756E673A204D5720546162656C6C656E67656E657269657275D6
:200930006E67203D3E207A75727565636B67657365747A74203D3E2825642025642025646A
:2009500029202825643A25643A2564290A0D0D004D656C64756E673A204D57204D535020C0
:20097000566F726162676C65696368203D3E2067657365747A74203D3E282564202564202B
:20099000256429202825643A25643A2564290A0D0D004D656C64756E673A204D57204D5367
:2009B0005020566F726162676C65696368203D3E207A75727565636B67657365747A742067
:2009D0003D3E28256420256420256429202825643A25643A2564290A0D0D004C61646566E0
:2009F0006F727473636872697474203130302525203A20416262727563686772756E642025
:200A10003D2020257520203D3E2028256420256420256429202825643A25643A2564290A1E
:200A30000D0D004D61726B656E7361747A746162656C6C65204453313630206C6965677410
:200A500020766F72203D3E2028256420256420256429202825643A25643A2564290A0D0D84
:200A7000005350532064617266204453313630206C6573656E2028312E342073657429209E
:200A90003D3E2028256420256420256429202825643A25643A2564290A0D0D004E54524D9A
:200AB000204B616C6962696572756E67207374617274656E20616E204D494441530A0D00E4
:200AD0004E54524D204B616C6962696572756E672061626272656368656E20616E204D49D9
:200AF0004441530A0D004E54524D2053746174757320616E666F726465726E20616E204DD7
:200B1000494441530A0D004E54524D204B6C61737373656E7A6165686C657220616E666F39
:200B3000726465726E20616E204D494441530A0D004E54524D204B616C696272696572758B
:200B50006E672066657274696720616E204D494441530A0D00416E204D49444153203D3EA3
:200B7000204E6575656E204765776963687473626572656963682065696E7374656C6C6535
:200B90006E203D3E2028256420256420256429202825643A25643A2564290A0D0D00416E9D
:200BB000204D49444153203D3E204E6575656E204765776963687473626572656963682091
:200BD00065696E7374656C6C656E3A20252E3273203D3E2028256420256420256429202851
:200BF00025643A25643A2564290A0D0D00416E204D49444153203D3E2047657769636874C6
:200C100073626572656963686520616E666F726465726E2028616C74290A0D00416E204D56
:200C300049444153203D3E20436865636B73756D20616E666F726465726E0A0D00416E20D0
:200C50004D49444153203D3E20576F6C6B656E646174656E206C69656665726E0A0D004182
:200C70006E204D49444153203D3E206B65696E6520576F6C6B656E646174656E206D6568AB
:200C900072206C69656665726E0A0D00416E204D49444153203D3E204D656C64756E67737F
:200CB0006C69737465206C69656665726E0A0D004D49444153204D656C64756E67736C6945
:200CD000737465206C6965677420766F720A0D00416E204D49444153203D3E204C616E677B
:200CF0007A656974204C6565727765727465206C69656665726E0A0D004D49444153204C63
:200D1000616E677A656974204C6565727765727465206C696567656E20766F720A0D00419F
:200D30006E204D49444153203D3E205265736F6E616E7A6B757276656E206C69656665726A
:200D50006E0A0D005265736F6E616E7A6B757276656E756562657274726167756E67207672
:200D70006F6E20535053206162676562726F6368656E0A0D004D49444153205265736F6E34
:200D9000616E7A6B757276656E206C696567656E20766F720A0D00416E204D4944415320E0
:200DB0003D3E20446174656E2066756572204665696E6162676C65696368202831323238E4
:200DD000393620427974657329206C69656665726E0A0D004665696E6162676C6569636877
:200DF000756562657274726167756E6720766F6E20535053206162676562726F6368656EBF
:200E10000A0D004D49444153204665696E6162676C65696368646174656E206C696567653A
:200E30006E20766F720A0D00416E204D49444153203D3E2053656C38302C20496E666F202A
:200E50004453323132207769726420666F6C67656E0A0D00416E204D49444153203D3E20D6
:200E700053656C38322C204453323132202836313020506172616D65746572292077757215
:120E900064656E20756562657274726167656E0A0D004E
:200EA4003EF908A080F908A0C2F908A004FA08A0820109A046FA08A088FA08A0820109A0BB
:200EC400CAFA08A00CFB08A050FB08A056FB08A05CFB08A062FB08A0820109A0820109A0AB
:200EE400820109A0A6FB08A0EAFB08A02EFC08A072FC08A0B4FC08A0F6FC08A038FD08A035
:200F04007CFD08A0BEFD08A002FE08A046FE08A08AFE08A0CEFE08A012FF08A056FF08A05B
:200F24009AFF08A0DEFF08A0220009A0640009A0A40009A0000109A0820109A0400109A002
:200F4400901409A0C61409A0FC1409A0321509A0681509A09E1509A0D41509A00A1609A037
:200F6400401609A0761609A0AC1609A0E21609A0181709A04E1709A0601909A0841709A0E1
:200F8400601909A0BA1709A0601909A0F01709A0261809A05C1809A0901809A0C41809A005
:200FA400601909A0601909A0F81809A02C1909A05350532068617420506172616D657465A0
:200FC400726162676C65696368204269742067657365747A740A0D004F5249532077757235
:200FE4006465206175736765736368616C7465740A0D0042656C6575636874756E67736B2C
:20100400616C696272696572756E67206765737461727465740A0D0042656C657563687402
:20102400756E67736B616C696272696572756E67206265656E6465740A0D005765697373D7
:201044006162676C65696368206765737461727465740A0D0057656973736162676C6569E4
:201064006368206265656E6465740A0D005265696E6967756E672067656E65726965726515
:201084006E206765737461727465740A0D005265696E6967756E672067656E6572696572BB
:2010A400656E206265656E6465740A0D005374656D70656C646174656E206162686F6C65DA
:2010C4006E206765737461727465740A0D005374656D70656C646174656E206162686F6C88
:2010E400656E206265656E6465740A0D005374656D70656C2D4E6168742042696C64657207
:201104002067656E6572696572656E206765737461727465740A0D005374656D70656C2D76
:201124004E6168742042696C6465722067656E6572696572656E206265656E6465740A0D5C
:20114400005374656D70656C2D4E6168742042696C6465722069736F6C696572656E206716
:2011640065737461727465740A0D0053657276696365656E746E61686D6520676573746193
:20118400727465740A0D0053657276696365656E746E61686D65206265656E6465740A0D46
:2011A400004465627567656E746E61686D65206765737461727465740A0D00446562756703
:2011C400656E746E61686D65206265656E6465740A0D005365727669636562696C6465726A
:2011E4002067656E6572696572656E206765737461727465740A0D0053657276696365626A
:20120400696C6465722067656E6572696572656E206265656E6465740A0D00446562756781
:20122400646174656E20445350202844533138342C2031363020427974652920766F6E20C8
:201244004F52495320616E6765666F72646572740A0D004465627567646174656E205472AC
:2012640069636F7265202844533138362C32343020427974652920766F6E204F524953204B
:20128400616E6765666F72646572740A0D004453313838204772756E64646174656E2028F6
:2012A40036303420427974652920766F6E204F52495320616E6765666F72646572740A0D1B
:2012C40000445331373020283531343220427974652920766F6E204F52495320616E67655F
:2012E400666F72646572740A0D00445331373120283531343220427974652920766F6E2029
:201304004F52495320616E6765666F72646572740A0D00445331373220283531343220421D
:201324007974652920766F6E204F52495320616E6765666F72646572740A0D004453313797
:201344003320283531343220427974652920766F6E204F52495320616E6765666F726465CA
:2013640072740A0D00445331373420283531343220427974652920766F6E204F5249532058
:20138400616E6765666F72646572740A0D004453313735202835313432204279746529205C
:2013A400766F6E204F52495320616E6765666F72646572740A0D00445331373620283531CE
:2013C400343220427974652920766F6E204F52495320616E6765666F72646572740A0D002E
:2013E400445331373720283531343220427974652920766F6E204F52495320616E676566D1
:201404006F72646572740A0D00445331373820283531343220427974652920766F6E204F17
:2014240052495320616E6765666F72646572740A0D004453313739202835313432204279CB
:2014440074652920766F6E204F52495320616E6765666F72646572740A0D004453313830BE
:201464002028363332383820427974652920766F6E204F52495320616E6765666F7264659D
:2014840072740A0D0044533138312028363332383820427974652920766F6E204F5249531A
:2014A40020616E6765666F72646572740A0D004453313832202831343442797465292076FA
:2014C4006F6E204F52495320616E6765666F72646572740A0D0044533138332028313434F2
:2014E400427974652920766F6E204F52495320616E6765666F72646572740A0D00445331CB
:20150400383520283531343220427974652920766F6E204F52495320616E6765666F726433
:201524006572740A0D0053657276696365646174656E20486973746F6772616D6D202844A1
:20154400533138372C3834343820427974652920766F6E204F52495320616E6765666F72E1
:20156400646572740A0D004453313839204772756E64646174656E2028363034204279740B
:20158400652920766F6E204F52495320616E6765666F72646572740A0D00445331393020D0
:2015A4002831313220427974652920766F6E204F52495320616E6765666F72646572740A03
:2015C4000D004453313931202831313220427974652920766F6E204F52495320616E676584
:2015E400666F72646572740A0D004453313932202831373620427974652920766F6E204F02
:2016040052495320616E6765666F72646572740A0D004453313933202831373620427974A7
:20162400652920766F6E204F52495320616E6765666F72646572740A0D0044533139362029
:201644002831343020427974652920766F6E204F52495320616E6765666F72646572740A61
:201664000D004453313937202831343020427974652920766F6E204F52495320616E6765DC
:20168400666F72646572740A0D0053656C383020496E666F20445332303020616E204F5208
:2016A400495320756562657274726167656E0A0D0053656C2038322C204453323030206D0F
:2016C40069742031343020506172616D6574657220616E204F52495320756562657274724E
:2016E4006167656E0A0D0053656C383020496E666F20445332303120616E204F5249532046
:20170400756562657274726167656E0A0D0053656C2038322C204453323031206D6974206C
:2017240031343020506172616D6574657220616E204F5249532075656265727472616765BD
:201744006E0A0D0053656C383020496E666F20445332303220616E204F52495320756562D5
:20176400657274726167656E0A0D0053656C2038322C204453323032206D697420313430B2
:2017840020506172616D6574657220616E204F52495320756562657274726167656E0A0D6D
:2017A4000053656C383020496E666F20445332303320616E204F52495320756562657274AE
:2017C400726167656E0A0D0053656C2038322C204453323033206D697420313430205061CB
:2017E40072616D6574657220616E204F52495320756562657274726167656E0A0D00536526
:201804006C383020496E666F204453323034207769726420616E204F524953207565626514
:201824007274726167656E0A0D0053656C2038322C204453323034206D6974203633323816
:201844003820506172616D657465722073696E6420616E204F524953207565626572747258
:201864006167656E0A0D0053656C383020496E666F204453323035207769726420616E2047
:201884004F52495320756562657274726167656E0A0D0053656C2038322C20445332303514
:2018A400206D697420363332383820506172616D657465722073696E6420616E204F524907
:2018C4005320756562657274726167656E0A0D0053656C383020496E666F2044533230365F
:2018E40020616E204F52495320756562657274726167656E0A0D0053656C2038322C20448F
:2019040053323036206D6974203920506172616D6574657220616E204F52495320756562AC
:20192400657274726167656E0A0D0053656C383020496E666F20445332303720616E204F4E
:2019440052495320756562657274726167656E0A0D0053656C2038322C2044533230372080
:201964006D69742032383020506172616D6574657220616E204F52495320756562657274AB
:20198400726167656E0A0D0053656C383020496E666F20445332303820616E204F5249534A
:2019A40020756562657274726167656E0A0D0053656C2038322C204453323038206D6974C3
:2019C4002032383020506172616D6574657220616E204F524953207565626572747261675B
:2019E400656E0A0D0053656C383020496E666F20445332303920616E204F52495320756529
:201A040062657274726167656E0A0D0053656C2038322C204453323039206D6974203438CF
:201A240020506172616D6574657220616E204F52495320756562657274726167656E0A0DCA
:201A44000053656C383020496E666F20445332313020616E204F524953207565626572740D
:201A6400726167656E0A0D0053656C2038322C204453323130206D697420353820506172E0
:201A8400616D6574657220616E204F52495320756562657274726167656E0A0D0053656C89
:201AA400383020496E666F20445332313120616E204F524953207565626572747261676531
:201AC4006E0A0D0053656C2038322C204453323131206D697420353820506172616D657477
:201AE400657220616E204F52495320756562657274726167656E0A0D0053656C38302049FF
:201B04006E666F2044533231332028466C6578706F7274706172616D657465722920616EBC
:201B2400204F52495320756562657274726167656E0A0D0053656C2038322C204453323185
:201B4400332028466C6578706F7274706172616D6574657229206D6974203538205061728E
:1D1B6400616D6574657220616E204F52495320756562657274726167656E0A0D00CF
:201B840025336400B04B09A0EE4B09A0464C09A0864C09A0CE5209A0CA4C09A0084D09A0C3
:201BA400464D09A0844D09A0C24D09A0064E09A0CE5209A0CE5209A0CE5209A05A4E09A00A
:201BC4009A4E09A0DE4E09A0224F09A0664F09A0AA4F09A0EE4F09A0325009A0845009A0F3
:201BE400C45009A0085109A04A5109A0CE5209A0CE5209A0CE5209A08C5109A0CE5209A034
:201C0400DE5109A02E5209A07E5209A050726F6669627573203D3E20776172746520617528
:201C24006620506172616D657472696572756E670A0D0050726F6669627573203D3E2077C1
:201C44006172746520617566204B6F6E6669677572696572756E670A0D0050726F66696210
:201C64007573203D3E20427573204665686C65720A0D0050726F6669627573203D3E2044BD
:201C84006174656E617573746175736368204F4B0A0D0050726F6669627573203D3E2044AD
:201CA4006174656E61757374617573636820756E6775656C7469676520446174656E2028FA
:201CC40053656E736F722F416B746F726275733F290A0D0050726F6669627573203D3E2088
:201CE4004E65772050726D20446174610A0D0050726F6669627573203D3E204E6577204324
:201D0400464720646174610A0D0050726F6669627573203D3E204E657720474320436F6D49
:201D24006D616E642C20436C65617220446174610A0D0050726F6669627573203D3E204EC8
:201D4400657720474320436F6D6D616E642C20556E667265657A650A0D0050726F66696211
:201D64007573203D3E204E657720474320436F6D6D616E642C20467265657A650A0D0050F5
:201D8400726F6669627573203D3E204E657720474320436F6D6D616E642C20556E73796E6E
:201DA400630A0D0050726F6669627573203D3E204E657720474320436F6D6D616E642C20A1
:201DC40053796E630A0D0050726F6669627573203D3E205761746368646F672054696D6566
:201DE4006F75740A0D0050726F6669627573203D3E2042617564726174652044657465633E
:201E0400740A0D0050726F6669627573203D3E204D4143205265736574204665686C6572C4
:201E24000A0D0050726F6669627573203D3E20476F206C65617665204461746120657863A5
:201E440068616E67650A0D005350532068617420446174656E7361747A2067656C657365AE
:201E64006E203A2025750A0D00535053206861742044533135302C204D494441532047659F
:201E8400776963687473626572656963687473756D7374656C6C756E67202C283134392071
:201EA4004279746573292067656C6573656E0A0D00535053206861742044533135342C20E4
:201EC400536F667473706F747A6165686C6572202C283536204279746573292067656C65C5
:201EE40073656E0A0D00535053206861742044533135352C2045582D4E756D6D65726E20C4
:201F04002C28313234204279746573292067656C6573656E0A0D00535053206861742044B1
:201F2400533136302C204D4944415320506172616D657465727361747A20546162656C6C02
:201F440065202C28313230204279746573292067656C6573656E0A0D005350532068617454
:201F64002044533136372C204D49444153204175737275657374756E67737A757374616E70
:201F840064202C283130204279746573292067656C6573656E0A0D00535053206861742027
:201FA40044533136382C204D494441532043524320436865636B73756D2067656C6573654D
:201FC4006E203A2025750A0D00535053206861742044533136392C204D494441532050612F
:201FE40072616D657465727361747A2054657374546162656C6C65202C28313230204279D0
:20200400746573292067656C6573656E0A0D005350532068617420445331383220283134DB
:2020240034204279746573292067656C6573656E0A0D005350532068617420445331383358
:202044002028313434204279746573292067656C6573656E0A0D005350532068617420447A
:20206400533138342C204465627567204453502028313630204279746573292067656C6546
:2020840073656E0A0D00535053206861742044533138362C20446562756720547269636FE2
:2020A40072652C2028323430204279746573292067656C6573656E0A0D00535053206861F2
:2020C400742044533139302028313132204279746573292067656C6573656E0A0D0053504E
:2020E40053206861742044533139312028313132204279746573292067656C6573656E0AA1
:202104000D00535053206861742044533139322028313736204279746573292067656C6515
:2021240073656E0A0D00535053206861742044533139332028313736204279746573292041
:2021440067656C6573656E0A0D0053505320686174204453313936202831343020427974AB
:202164006573292067656C6573656E0A0D00535053206861742044533139372028313430B8
:20218400204279746573292067656C6573656E0A0D0046616C736520446174656E73617492
:2021A4007A6E756D6D65722062656920726561645F7265710A0D0053505320736368726518
:2021C4006962742044533530206D697420446174656E7361747A203A2025750A0D004453A6
:2021E4003530203D3E205350532077696C6C2044533135362028343030382042797465735F
:2022040029206C6573656E0A0D0044533530203D3E205350532077696C6C2044533135376A
:2022240020283430303820427974657329206C6573656E0A0D0044533530203D3E2053508E
:20224400532077696C6C2044533135382028313030303020427974657329206C6573656E3A
:202264000A0D0044533530203D3E205350532077696C6C204453313539202831303030302F
:2022840020427974657329206C6573656E0A0D0044533530203D3E205350532077696C6C17
:2022A40020445331363120283130303020427974657329206C6573656E0A0D004453353028
:2022C400203D3E205350532077696C6C2044533136322028313030302042797465732920A8
:2022E4006C6573656E0A0D0044533530203D3E205350532077696C6C20445331363320288E
:202304003130303020427974657329206C6573656E0A0D0044533530203D3E20535053208D
:2023240077696C6C20445331363420283130303020427974657329206C6573656E0A0D00E8
:2023440044533530203D3E205350532077696C6C2044533136352028323431303420427983
:2023640074657329206C6573656E0A0D0044533530203D3E205350532077696C6C2044535A
:20238400313636202831323238393620427974657329206C6573656E0A0D0044533530205E
:2023A4003D3E205350532077696C6C20445331373020283531343220427974657329206C71
:2023C4006573656E0A0D0044533530203D3E205350532077696C6C204453313731202835E5
:2023E40031343220627974657329206C6573656E0A0D0044533530203D3E20535053207740
:20240400696C6C20445331373220283531343220627974657329206C6573656E0A0D004410
:20242400533530203D3E205350532077696C6C20445331373320283531343220427974653D
:202444007329206C6573656E0A0D0044533530203D3E205350532077696C6C2044533137EA
:202464003420283531343220427974657329206C6573656E0A0D0044533530203D3E205368
:2024840050532077696C6C20445331373520283531343220427974657329206C6573656ECE
:2024A4000A0D0044533530203D3E205350532077696C6C20445331373620283531343220F3
:2024C400427974657329206C6573656E0A0D0044533530203D3E205350532077696C6C20D5
:2024E400445331373720283531343220627974657329206C6573656E0A0D004453353020B4
:202504003D3E205350532077696C6C20445331373820283531343220427974657329206C07
:202524006573656E0A0D0044533530203D3E205350532077696C6C2044533137392028357B
:2025440031343220427974657329206C6573656E0A0D0044533530203D3E205350532077FE
:20256400696C6C2044533138302028363332383820427974657329206C6573656E0A0D00D5
:2025840044533530203D3E205350532077696C6C2044533138312028363332383820427933
:2025A40074657329206C6573656E0A0D0044533530203D3E205350532077696C6C20445318
:2025C40031383520283531343220427974657329206C6573656E0A0D0044533530203D3E10
:2025E400205350532077696C6C20445331383720283834343820427974657329206C6573BE
:20260400656E0A0D0044533530203D3E205350532077696C6C20445331383820283630340D
:2026240020427974657329206C6573656E0A0D0044533530203D3E205350532077696C6C73
:20264400204453313839202836303420427974657329206C6573656E0A0D0046616C7365B2
:2026640020446174656E7361747A6E756D6D6572206265692077726974655F72657120444E
:20268400533530203C203230300A0D0044533530203D3E205350532077696C6C20445332EB
:2026A400303420283633323838204279746573292073636872656962656E0A0D0044533559
:2026C40030203D3E205350532077696C6C2044533230352028363332383820427974657375
:2026E400292073636872656962656E0A0D0044533530203D3E205350532077696C6C2044DA
:20270400533230372028323830204279746573292073636872656962656E0A0D00445335E1
:2027240030203D3E205350532077696C6C2044533230382028323830204279746573292039
:2027440073636872656962656E0A0D0044533530203D3E205350532077696C6C204453323D
:2027640031322028363130204279746573292073636872656962656E0A0D0046616C7365EE
:2027840020446174656E7361747A6E756D6D6572206265692077726974655F72657120442D
:2027A400533530203E3D203230300A0D005350532068617420445332303020283134302060
:2027C40042797465732920676573636872696562656E0A0D005350532068617420445332D3
:2027E400303120283134302042797465732920676573636872696562656E0A0D005350539B
:202804002068617420445332303220283134302062797465732920676573636872696562F3
:20282400656E0A0D0053505320686174204453323033202831343020627974657329206737
:202844006573636872696562656E0A0D00535053206861742044533230342028363332388A
:20286400382042797465732920676573636872696562656E0A0D005350532068617420445F
:2028840053323035202836333238382042797465732920676573636872696562656E0A0DF1
:2028A4000053505320686174204453323037202832383020427974657329202020676573A0
:2028C400636872696562656E0A0D005350532068617420445332303820283238302062791C
:2028E40074657329202020676573636872696562656E0A0D0053505320686174204453322D
:202904003132202836313020427974657329202020676573636872696562656E0A0D0053D8
:202924005053206861742044533230362028392042797465732920676573636872696562A7
:20294400656E0A0D00535053206861742044533230392028343820627974657329206765D4
:2029640073636872696562656E0A0D0053505320686174204453323130202835382042795C
:202984007465732920676573636872696562656E0A0D00535053206861742044533231316A
:2029A400202835382042797465732920676573636872696562656E0A0D0053505320686179
:2029C40074204453323133202835382042797465732920466C6578706F7274706172616DA8
:2029E4006574657220676573636872696562656E0A0D0046616C736520446174656E7361A2
:192A0400747A6E756D6D6572206265692077726974655F7265710A0D00DE
:202A20004645484C45523A2043414E20436F6E74726F6C6C6572206E657520696E697469CB
:202A4000616C6973696572740A0D0045582D4E7220766F6E204D4944415320616E67656656
:202A60006F72646572740A0D0045582D4E7220766F6E204952495320616E6765666F7264F5
:202A80006572740A0D0045582D4E7220766F6E204F52495320616E6765666F7264657274C9
:202AA0000A0D0045582D4E72204F4B203D3E205A796B6C697363686520506172616D657460
:202AC000657220616E204D4944415320756562657274726167656E0A0D0045582D4E72202D
:202AE0004F4B203D3E205A796B6C697363686520506172616D6574657220616E2049524917
:202B00005320756562657274726167656E0A0D0045582D4E722064657320426F6F7470721B
:202B20006F6772616D6D7320766F6E204F52495320656D7066616E67656E0A0D0045582D1D
:202B40004E7220646572204170706C696B6174696F6E20766F6E204F52495320656D706626
:202B6000616E67656E0A0D0045582D4E72204F4B203D3E20617A796B6C697363686520508F
:202B80006172616D657465722077657264656E20616E6765666F72646572740A0D005374B0
:202BA00061747573616E667261676520766F6E204D49444153206E69636874206265616E97
:202BC00074776F72746574203D3E2053656E736F72496E69740A0D00537461747573616EA9
:202BE000667261676520766F6E204D49444153206E69636874206265616E74776F7274653E
:202C000074203D3E20576965646572686F6C756E670A0D00537461747573616E667261678E
:202C20006520766F6E2049524953206E69636874206265616E74776F72746574203D3E20A5
:202C400053656E736F72496E69740A0D00537461747573616E667261676520766F6E20491B
:202C6000524953206E69636874206265616E74776F72746574203D3E2057696564657268DE
:202C80006F6C756E670A0D00537461747573616E667261676520766F6E204F524953206E42
:202CA00069636874206265616E74776F72746574203D3E2053656E736F72496E69740A0DBD
:202CC0000053656E736F72496E697420416E666F72646572756E6720506172616D657465FC
:202CE000722073636872656962656E2065727A77756E67656E0A0D00537461747573616E20
:202D0000667261676520766F6E204F524953206E69636874206265616E74776F72746574D9
:132D2000203D3E20576965646572686F6C756E670A0D00E1
:202D340085FF2000BBE0FF0F9BF0FF0F260F02F46D007A53C5FF80803B8010F074FF85FFBE
:202D54002000960102F46D006F53C5FF9880DA9774FFC5FF9480DA0B74FFC5FF90803B7014
:202D74008FF074FFC5FF8480DA0074FFC5FF104185FF1041BBF0F00F9BF0FF0F260F962020
:202D940074FFC5FF104185FF1041BBF0FF009BF0FF0F260FBB000009A60F74FFC5FFB0B03A
:202DB4003B4001F174FFC5FFB4B03B3001F174FFC5FFB8B03B5001F174FFC5FF9180C5F27F
:0E2DD4009180142F8210370F81F334FF00908E
:0A2DE4000244C5FFA08074F40090C3
:202DF0000D000002C5FF918014FF370F61F076FAC5FF9190C5FC919014CF8218378F01F0CA
:202E100034FFC5FF918014FF370FE1F076FAC5FF9190C5FC919014CF8218378F81F034FF52
:202E3000C5FF918014FF370F61F176FAC5FF9190C5FC919014CF8218378F01F134FF0D0056
:062E5000400200000080BA
:202E58000D0000020D004002000000800D000002910020FAD9FF1CB0DA0134FF0D004002C1
:202E780000000080404F9100202AD9221CB0DA01342F3C1B9100202AD9221CB0142FDF1F11
:202E980015800D004003000014FF02F440FFB01F40FF02446DFF9CFF9100202AD9221CB0F0
:122EB800DA00342F0D00000314FFDF0FE5FF0000009046
:0E2ECC0085FFA4C0370F702002223C01009049
:202EDC0085FF2000BBE0FF0F9BF0FF0F260F02F46D00A652C5FF80C03B0010F074FF85FF2A
:202EFC002000960102F46D009B52C5FF94C0DA7974FFC5FF90C0DAD174FFC5FF84C0DA00BD
:202F1C0074FFC5FF104185FF1041BBF0FF0F9BF0F00F260F7B000200A60F74FFC5FF104106
:202F3C0085FF1041BBF0FF0F9BF0FF00260F7B000009A60F74FFC5FFB0F03B7001F174FF08
:202F5C00C5FFB4F03B6001F174FFC5FFB8F03B8001F174FFC5FF91C0C5F291C0142F82106F
:202F7C00370F81F334FF00900244910020FAD9FF20B0DA0034FF02446D000C003C01910085
:1A2F9C0020FAD9FF20B014FFDF0FFB7F000000900244C5FFA0C074F40090EC
:202FB8000D000002C5FF91C014FF370FE1F076FAC5FF91D0C5FC91D014CF8218378F81F040
:202FD80034FFC5FF91C014FF370F61F176FAC5FF91D0C5FC91D014CF8218378F01F134FFC7
:202FF8000D004002000000800D000002910020FAD9FF21B06DFF60FF022234F2910020FAC7
:20301800D9FF21B014F402446D00A8810D004002000000800D000002910020FAD9FF20B0DA
:20303800DA0134FF0D004002000000800244DA0002F2910000FF8F5420F010FF19FF5C84FD
:20305800AE8B910000FF865401F400F6DA2059FF5C848212022202223C0100900244404425
:203078009100002F8F5420F01022192F40848F8F1EF0160FB44FDA0002FF3C15104F9100D7
:20309800002F8F542000012000261022B0CAF4A3D92350841430D4A3B04A28A0C21F370FE8
:2030B80068F002FF0940C0083F0FEAFF094FC008864FB44F9100002F8F5420F01022192F32
:2030D8005C842EB5094FC0089608B44F9100002F8F5420F0102F19FF5884EFDF23009100EC
:2030F80000FF8F5420F010FF19FF5884BBF0FF0F9BF0FF01260F894F0209910000FF8F54F4
:2031180020F010FF19FF4C84BBF0FF0F9BF0FF01260F894F0609094FC0089604B44F3C1D1A
:20313800910000FF8F5420F010FF19FF58848FEF1EF03BF07F00260F894F0209910000FF13
:203158008F5420F010FF19FF4C848FEF1EF03BF07F00260F894F0609910000FF865401F4BC
:2031780000F619FF48848F0F1FF0BBF0FF0F260FAC49009085FF2000BBE0FF0F9BF0FF0F57
:20319800260F02F46D004E51910000FFDA0859FF00043C01910000FF19FF00046F1FFCFFA0
:2031B800910000FF3BF03FF459FF0C0485FF2000960102F46D0036513C01910000FF19FF97
:2031D80004746F8FFCFF910000FFDA4D59FF0084910000FFDA1159FF0884910000FF7B0069
:2031F80006F059FF1484910000FFDA0059FF0C84C5FF188185FF1881BBF0F00F9BF0FF0FC2
:20321800260F962074FFC5FF188185FF1881BBF0FF009BF0FF0F260FBB000009A60F74FF5A
:20323800910000FF3BE044F359FF1084910000FF7B6004F059FF1884910000FFDA4159FF52
:2032580000C4910000FFDA4159FF4004910000FFDA4159FF4044910000FFDA029B0F10F0AE
:2032780059FF04743C01910000FF19FF04746F8FFCFF910000FFDA029B1F10F059FF04741A
:203298003C01910000FF19FF04746F8FFCFF910000FFDA029B2F10F059FF04743C019100EC
:2032B80000FF19FF04746F8FFCFF910000FFDA029B3F10F059FF04743C01910000FF19FF73
:2032D80004746F8FFCFF910000FFDA029B4F10F059FF04743C01910000FF19FF04746F8FE4
:2032F800FCFF910000FFDA029B5F10F059FF04743C01910000FF19FF04746F8FFCFF91009E
:2033180000FFDA029B6F10F059FF04743C01910000FF19FF04746F8FFCFF910000FFDA021E
:203338009B7F10F059FF04743C01910000FF19FF04746F8FFCFF910000FFDA029B8F10F09F
:2033580059FF04743C01910000FF19FF04746F8FFCFF910000FFDA029B9F10F059FF0474B9
:203378003C01910000FF19FF04746F8FFCFF910000FFDA029BAF10F059FF04743C0191008B
:2033980000FF19FF04746F8FFCFF910000FFDA029BBF10F059FF04743C01910000FF19FF12
:2033B80004746F8FFCFF910000FFDA029BCF10F059FF04743C01910000FF19FF04746F8F83
:2033D800FCFF910000FFDA029BDF10F059FF04743C01910000FF19FF04746F8FFCFF91003D
:2033F80000FFDA029BEF10F059FF04743C01910000FF19FF04746F8FFCFF910000FF7B001F
:2034180008F059FF5C84910000FF7B1080F059FF4084910000FFDA0059FF4484910000FFA3
:20343800BBF0FFFF9BFFFFF359FF4C84910000FF7B0005F459FF5884910000FFDA0059FF1D
:203458005084910000FFDA0059FF5484910000FFDA0059FF4884910000FF7B0002F059FF03
:203478005C84910000FF7B80E8F059FF7C84910000FF7B0080F059FF6084910000FFDA0078
:2034980059FF6484910000FFBBF0FFFF9BFFFFF359FF6C84910000FF7B4005FC59FF788427
:2034B800910000FFDA0059FF7084910000FFDA0059FF7484910000FF3B0010F059FF688475
:2034D800910000FF7B0002F059FF7C84910000FF7B0008F059FF5C94910000FF7B1080F0A9
:2034F80059FF4094910000FFDA0059FF4494910000FFBBF0FFFF9BFFFFF359FF4C94910060
:2035180000FF7B000CFC59FF5894910000FFDA0059FF5094910000FFDA0059FF54949100EC
:2035380000FF3B0020F059FF4894910000FF7B0002F059FF5C94910000FF7B80E8F059FFF5
:203558007C94910000FF7B0080F059FF6094910000FFDA0059FF6494910000FFBBF0FFFF89
:203578009BFFFFF359FF6C94910000FF7B400CFC59FF7894910000FFDA0059FF7094910041
:2035980000FFDA0059FF7494910000FF3B0030F059FF6894910000FF7B0002F059FF7C9436
:2035B800910000FF7B0008F059FF5CA4910000FF7B1080F059FF40A4910000FFDA0059FF0F
:2035D80044A4910000FFBBF0FFFF9BFFFFF359FF4CA4910000FF7B000FFC59FF58A49100E3
:2035F80000FFDA0059FF50A4910000FFDA0059FF54A4910000FF3B0040F059FF48A4910004
:2036180000FF7B0002F059FF5CA4910000FF7B80E8F059FF7CA4910000FF7B0080F059FF20
:2036380060A4910000FFDA0059FF64A4910000FFBBF0FFFF9BFFFFF359FF6CA4910000FFE7
:203658007B400FFC59FF78A4910000FFDA0059FF70A4910000FFDA0059FF74A4910000FFD8
:203678003B0050F059FF68A4910000FF7B0002F059FF7CA4910000FF7B0008F059FF5CB473
:20369800910000FF7B1080F059FF40B4910000FFDA0059FF44B4910000FFBBF0FFFF9BFFAE
:2036B800FFF359FF4CB4910000FF7B8009FC59FF58B4910000FFDA0059FF50B4910000FF5E
:2036D800DA0059FF54B4910000FF3B0060F059FF48B4910000FF7B0002F059FF5CB4910033
:2036F80000FF7B0008F059FF7CB4910000FF7B1080F059FF60B4910000FFDA0059FF64B4E7
:20371800910000FFBBF0FFFF9BFFFFF359FF6CB4910000FF7BC009FC59FF78B4910000FF70
:20373800DA0059FF70B4910000FFDA0059FF74B4910000FF3B0070F059FF68B4910000FF02
:203758007B0002F059FF7CB4910000FF7B0008F059FF5CC4910000FF7B1080F059FF40C4FA
:20377800910000FFDA0059FF44C4910000FFBBF0FFFF9BFFFFF359FF4CC4910000FF7B002F
:2037980003FC59FF58C4910000FFDA0059FF50C4910000FFDA0059FF54C4910000FF3B0023
:2037B80080F059FF48C4910000FF7B0002F059FF5CC4910000FF7B0008F059FF7CC491007C
:2037D80000FF7B1080F059FF60C4910000FFDA0059FF64C4910000FFBBF0FFFF9BFFFFF3AC
:2037F80059FF6CC4910000FF7B4003FC59FF78C4910000FFDA0059FF70C4910000FFDA00EB
:2038180059FF74C4910000FF3B0090F059FF68C4910000FF7B0002F059FF7CC4910000FF0C
:203838007B0008F059FF5CD4910000FF7B1080F059FF40D4910000FFDA0059FF44D4910013
:2038580000FFBBF0FFFF9BFFFFF359FF4CD4910000FF7BC008FC59FF58D4910000FFDA00E7
:2038780059FF50D4910000FFDA0059FF54D4910000FF3B00A0F059FF48D4910000FF7B00F0
:2038980002F059FF5CD4910000FF7B0008F059FF7CD4910000FF7B1080F059FF60D4910043
:2038B80000FFDA0059FF64D4910000FFBBF0FFFF9BFFFFF359FF6CD4910000FF7B000AFC19
:2038D80059FF78D4910000FFDA0059FF70D4910000FFDA0059FF74D4910000FF3B00B0F0B1
:2038F80059FF68D4910000FF7B0002F059FF7CD4910000FF7B0008F059FF5CE4910000FF4C
:203918007B1080F059FF40E4910000FFDA0059FF44E4910000FFBBF0FFFF9BFFFFF359FF11
:203938004CE4910000FF7B800FFC59FF58E4910000FFDA0059FF50E4910000FFDA0059FF5D
:2039580054E4910000FF3B00C0F059FF48E4910000FF7B0002F059FF5CE4910000FF7B0078
:2039780008F059FF7CE4910000FF7B1080F059FF60E4910000FFDA0059FF64E4910000FFBE
:20399800BBF0FFFF9BFFFFF359FF6CE4910000FF7BC00FFC59FF78E4910000FFDA0059FFE6
:2039B80070E4910000FFDA0059FF74E4910000FF3B00D0F059FF68E4910000FF7B0002F055
:2039D80059FF7CE4910000FF7B0008F059FF5CF4910000FF7B1080F059FF40F4910000FFC5
:2039F800DA0059FF44F4910000FFBBF0FFFF9BFFFFF359FF4CF4910000FF7B0010FC59FF79
:203A180058F4910000FFDA0059FF50F4910000FFDA0059FF54F4910000FF3B00E0F059FF3F
:203A380048F4910000FF7B0002F059FF5CF4910000FF3B3000F159FF3C34910000FF3B40CE
:203A580000F159FF3834910000FF9100002F192F0084BBE0FB0F9BF0FF0F260F59FF00842E
:023A78000090BC
:203A7C0002444044910000FF8F5420F010FF7B8000F059FF5C84DA0002F03C17910000FFFC
:203A9C008F5420F010FF01F000F6144FB0CAF4A3D9F35084343FD4A3B04A4044B01440445D
:203ABC00C210370068000200910000FF8F5420F010FF19FF40848F8F1EF0160F3FF0E0FFAA
:163ADC00910000FF865401F400F6DA409B0F02F059FF5C84009001
:203AF4000244910000FF865401F400F6DA0859FF5C8400900244910000FF865401F400F6D2
:0A3B14007B0070F059FF5C84009004
:203B20000D000002910000FF19FF048402F96F595D006F790E00910020FAD9FF4494910044
:203B400020CAD9CC449409C8C008C218B4F86F690E00910020FAD9FF4494910020CAD9CC7E
:203B6000449409C8C2089A18ACF16F891400910000FF3BF0238059F80484910020FAD9FFBD
:203B80004494910020CAD9CC449409C8C4089A18ACF26F991400910000FF3BF013F059FF36
:203BA0000484910020FAD9FF4494910020CAD9CC449409CFC608C21FACF3910000FF19FF5C
:203BC00000842E0D910020FAD9FF4494910020CAD9CC449409CFC808C21FACF4910000FF1A
:203BE0003BF031F059FF04848F7900F1DF0F7C008F7900F182185FF8120082285FF81C001D
:203C000082385FF8260082485FF8300082585FF83A0082685FF848003C53910020FAD9FF16
:203C20004494910020CAD9CC449409CFCA08C21FACF53C53910020FAD9FF4494910020CA23
:203C4000D9CC449409CFCC08C21FACF63C46910020FAD9FF4494910020CAD9CC449409CF0B
:203C6000CE08C21FACF73C39910020FAD9FF4494910020CAD9CC449409CFD008C21FACF8ED
:203C80003C2C6F790F00910020FAD9FF4494910020CAD9CC449409CFD208C21FACF93C01FD
:203CA00000003C1B910020FAD9FF4494910020CAD9CC449409CFD408C21FACFA3C0E910044
:203CC00020FAD9FF4494910020CAD9CC449409CFD608C21FACFB3C01910000FF3B8033F039
:203CE00059FF04840D0040020000008040440244910020FAD9FF9291B4F4910020FAD9FF7A
:203D0000B881F4F4DA0102F1DA0002F282000203910020FAD9FF929109F0C008BF10258183
:203D2000910020FAD9FF929109F0C008910020FAD9FFB481D4FF08AF3F0F17811D00CF0008
:203D400082000204910020FAD9FFB881D4FF09FFC0081630DF0F41008B14000002049100D1
:203D600020FAD9FFB881D4FF09FFC008160F9210020F910020FAD9FFB881D4FF09F0C0084D
:203D80006F6005008F1F2000020F910020FAD9FFB881D4FF09F0C0086F50060042F33703EC
:203DA00068300233910020FAD9FFB881D4FF09F0C0086F40060042F2370268200222910087
:203DC00020FAD9FFB8819100202AD922B881D422B022F4F23C77910020FAD9FFB881D4FFB9
:203DE00009FFC0086F7F2500C2140244910020FAD9FFB881D4FF01F401F609FFC008163F24
:203E0000C21F02FF910020FAD9FFB881D4FF01F401F609F0C0086F600800861F42F3370399
:203E2000683002333C0542F3370368300233910020FAD9FFB881D4FF09FFC0086F6F2500D6
:203E4000C2140244910020FAD9FFB881D4FF01F401F609FFC008163FC21F02FF910020FA19
:203E6000D9FFB881D4FF01F401F609F0C0086F600800861F42F23702682002223C0542F2A7
:203E8000370268200222910020FAD9FFB881D4FF09FFC008160F02F0DA0F5FF01200420437
:203EA000C2140244910020FAD9FFB8819100202AD922B881D42201240126F4F23C03820131
:203EC0000211910020FAD9FF92919100202AD9229291092FC008A24FB4FF910020FAD9FF09
:203EE000929109FFC008BF1F0480DF012BFF910020FAD9FF929109FFC00876F382010211EE
:203F0000910020FAD9FFB481D4FF09FFC408DF0F18009A72BB80FF0F26F09A73BB80FF4F3B
:203F2000264F42F0910020FAD9FFB481D4FF09FFC4087F0F04808201021100003C139100F3
:203F400020FAD9FFB481D4FF086F3F2F0A80910020FAD9FFB481D4FF087F7F3F0480820121
:203F6000021100003C0382010211DF011200910020FAD9FF909134F2910020FAD9FF9091F9
:163F800028139100202AD922909140223C04A00240223C01009086
:203F9800910020FAD9FF3C60D4FFDA10ACF9910020FAD9FF3C60D4FF09FFE208370F6820D6
:063FB80002223C01009012
:203FC000910020FAD9FF3C60D4FFDA10ACF9910020FAD9FF3C60D4FF09FFE008370F6820B0
:063FE00002223C010090EA
:0A3FE800024402556D00461A0090D5
:203FF40000000090000000D0001000D04D40E00F8FF0C701B7108103B7100104CD40E00F97
:204014000D00C0047B10200A1B801A0B7B0000701B87FF7F2670600A4D00E00F7B00FF1F66
:204034002610CD00E00F0D00C00482F03C459180002AD922F8F3012002269180003AD933F5
:20405400FCF301300236543F5422A22F06AF6E34D42280213701641E8F010110F60F802329
:20407400820289220011C2FF802237027023A612CDC2E30F0D00C0043C0C3703647E8F07B9
:20409400017037037023A672802389220011C2FF76FCC2FF60F537037023A612802389223B
:2040B400001100000000FC5837037023A612CD82E30F0D00C004C210BF10BB7F9180002ADA
:2040D400D92208C400002D0200009100002F4922240A54207B0000101B8100100F10A00013
:2040F40074207BF0000A1B000002CD40E20F0D00C0047BF0000A1B000000CD00E20F0D005C
:20411400C0047B10200A1B805A0B7B0000701B87FF7F2670CD80E20F0D00C0047B000020C7
:204134001B020020910080FF49FF000A74F29180002AD9220ED400002D020000910000008E
:20415400D900000091000010D911000091000080D988000091000090D99900007B00202A1D
:204174001B120720910080FF49FF002A74F27B00302A1B120B20910080FF49FF082A74F2D2
:204194007B00402A1B120B20910080FF49FF102A74F27B00502A1B120F20910080FF49FF2D
:2041B400182A74F27BC04D2B1B324325910080FF49FF004A74F27BC04D2B1B3243259100DA
:2041D40080FF49FF084A74F27B4012241B12B321910080FF49FF104A74F27BC04D2B1B3242
:2041F4004325910080FF49FF184A74F27B2008201B020022910080FF49FF003A74F27B208E
:2042140004201B020022910080FF49FF083A74F27B2004201B020022910080FF49FF103A87
:2042340074F27BA014201B020022910080FF49FF183A74F27B00E02D1B120320910080FF7E
:2042540049FF205A74F27B0019201B720722910080FF49FF285A74F27B8024251B12912452
:20427400910080FF49FF305A74F27B0000201B020020910080FF49FF385A74F27B0001201E
:204294001B021D20910080FF49FF200A74F27BA000241BF2FF2F910000FF49FF104A74F2B6
:2042B4007B1000201B020E20910080FF49FF100A74F29180002AD92214E400002D020000BF
:2042D40082049180004AD944249082029190002AD922642D00002D02000002249180002A2D
:2042F400D922146500002D02000000A000000000FDF0FDFF9100003F4933200A54309100F3
:20431400004F4944240A54417B0000201B12F02F0F0280008F004F018FC100410F04A0004F
:2043340074307B0000401B04FF4F0F0480008F2040010D00C004743000909100003F4933C9
:20435400200A54309100004F4944240A54417B0000201B12F02F0F0280008F004F018FC1C4
:2043740000410F04A00074307B0000401B04FF4F0F0480008F3040010D00C00474300090D1
:2043940091A0003AD93320D08200443FC434C435443602678F37007106E660661E16DF2F9E
:2043B40014003C1E4451644100000000FC6C6076BD06ED7F3C0409510100244100000000D4
:2043D400FC6B3CE4644000000000FC6D6076BD06DE7F3C02244000000000FC6D3CD7009091
:2043F4000D0080040D00C00400000000000000000000009000008920000B00000000009073
:2044140000000090DA00200882187801404C405D406E09D40008DF04D901DA257E4409D0D0
:2044340001047E08B01D49A5040A40C46D001F033CF182090290029A029BDA2D09D6010017
:204454007E648F1940913CFADA2B7E67BBF0FEFF26F98F8940913CF2DA207E666F39EFFF7B
:204474008F0941913CEBDA307E648F2940913CE6DA237E648F4940913CE1DA2A5F6F1780F2
:20449400B04E40EF09FA3CF5CEA58F1940910BA080A009D601003C10DA0A3706680003FA3E
:2044B4000AF08B0F1DA009D601008B061DF0370F68F0BFAFF3FFDA2E5F6F25808F09429135
:2044D40009D60100DA2A5F6F1880B04E40EF09FB3CF5CEB68F1940F1BBF0FD9F26F909D67A
:2044F40001003C10DA0A3706680003FB0AF08B0F1DB009D601008B061DF0370F68F0BFAFE9
:20451400F3FF8BC6060276048F0948913C1BDA687E648F0944913C16DA4C7E648F09509196
:204534003C11DA6A7E643B0020F03C0BDA7A7E643B0040F03C06DA745F6F11803B0080F027
:20455400A6F9F603DA687E6809DF00087E653B0000F1A6F9B01D09D60100DA635F6F308081
:204574008F1900F18B0F20F2F6FE3C093B00024049A5040A40C46D007A02A28A7FAB0400E9
:20459400FF2AF67FB04E40EF09F03CF53700484049A5040A40C46D006A02DF0F3C7F3C098C
:2045B4003B00024049A5040A40C46D006002A28A7FAB317FFF2AF67F1DFF2DFF8B460602D6
:2045D400F60CDA693E6ADA6F3E68DA783E66DA583E64DA755F6F38808201F603DA697E62AD
:2045F40082118B0120F2B04EBB00041140EF0F19802009F03CF55F12098076F437004800A4
:204614003C10370068003C0D3B0004105F12098076F4370050003C05370070003C026A0088
:204634006F590600BBD0FFFF26F93C02821B02A474A002B549A5040A029740C46D00FE00A0
:204654001DFFE9FEDA735F6F16806F590680BBF0FFBF9BFBFFB7B04E40EF029449A6040ACF
:2046740002A540C502B609F4BCF56D00B2001DFFD2FEDA665F6F1100DA463E6EDA653E6C35
:20469400DA453E6ADA673E68DA473E66DA613E64DA415F6F1480B04E40EF09FF3CF56F590B
:2046B4000380826B02A440C402B549A5040A029774AFED0000001DFFAEFEDA725F6F2080EE
:2046D4006F690700B04E40EF09FF3CF63C05B04E40EF09FF3CF56F590380826B82004B0FC5
:2046F40051F174AF3B60066049A5040A02A402B5029740C4ED0000001DFF8DFEDA525F6FBC
:20471400198049EE080A40EF09F478F56F590380826B6D00C30502A474A202B549A5040A2E
:20473400029740C43B600660ED0000001DFF73FEDA705F6F14803B800040B04E8F2940713F
:2047540040EF024540C43B80076049A5040A09FF3CF574AF5C721DFF5EFEDA6E5F6F318044
:204774006F990D00B04E40EF8201580102F009F2BCF5892040091DFF4EFEBB000401260920
:20479400DA407E9AB04E40EF09F2BCF500005801B42F1DFF40FE5F090B80B04E40EF09F249
:2047B400BCF500005801342F1DFF35FEB04E40EF09F2BCF500005801742F1DFF2CFE91007D
:2047D40020FADA1959FF741209A204090090024F404F025840F40269405C406D6D002605D8
:2047F400022A6F0F1A803C083B00024040C440D56D003D01C2F83F8AF97F3F89F77F3C0C5B
:2048140009F40100DF04140040C440D56D002F018B0820F2A2F8029FC2F9DF0FF3FF3C071B
:204834003B00024040C440D56D002101028FC2F8DF0FF8FF00000090026A2010DA5809ACFC
:2048540010090248404F0259405C027B820D5FAF7000DA643EADDA693EABDA6F5FAF6900BC
:20487400DA753EAADA785FAF64001D00F100CEC43BD002D0325C02C449A4000A3BA0005036
:204894006D00FA00F693DF0CF10049A4000A6D00CD04370248C0DF0D1480DA753EA98F8BF2
:2048B40001F13B8000007E043BB002D03C098F8B01F13B0001000B0F10F1AB0D82DF76DDE4
:2048D4008B0820F2A2F88F3B00F176F740F402D440C56D00CC00820D6F0B14808F2B00F1CD
:2048F4008B0F20F2864F8B0F02F03C0740F402F440C56D00BC00C2F87F8904003F8CF87FF4
:20491400DF0D110040F402D440C56D00B0003C0A3B00034040F440C56D00A9008B0820F2A2
:20493400A2F8029FC2F93FFCF57F1D0091008BFA26D28F3D20008B80005049A4000A02C48F
:204954006D009A00DA785FAF188049A2000A09AF0008DF0F1200092000088BF01BF0370F92
:204974006810DA193F1F05808B0002F0342F092F0104DF0FF2FF49A4000A6D0057043702E1
:2049940048E0F6CAF696DF0D71806F2B6F008219BBB0FF0F260B6F2B1E006F1B1600DF0D20
:2049B40011003B00034040F440C55C608B0820F2A2F840F402A440C55C598B0820F2A2F84D
:2049D400BBB0FFFF26FBDA6F7EA53F9E04008B1E00908F4B00F18B0F20F276F676D5C22E95
:2049F400370E48E0C2296F0B13808F2B00018B00200286408B0002C03C0640F402C440C582
:204A14005C35C2F87F8904003F8EF97FDF0F1C00DF0D1A003B00034040F440C55C278B0809
:204A340020F2A2F840F402A440C55C208B0820F2A2F83C093B00034040F440C55C178B081A
:204A540020F2A2F8029FC2F93FFEF67FBBF0F74F49A4000ABBF0FF6F40F526B440C60285EB
:204A74009BF6FF671DFFB5FE0090545FC21F745F1D006C034042404FDA0089FF0B04000057
:204A940000004B54A000A0356B50E00000000000FC5C23500A2402048BA2A0F28A728B020C
:204AB40003F089FF3FF4DF00ECFF09FF0100244FDF0FFDFF000000908208405F2008028F92
:204AD400F801028B74AF8219404C406D09FA0100DF0A2B01DA093EA8DA203EA6DA255FAF78
:204AF40016001D002401918000EAD9EE4C40B01E49A5000A40C46D00E30201E20026142F94
:204B14001605DF0FF7FF1D00A000DA2509FA01005FAF0D018BAA02028B0020C276C309FAC4
:204B34000100820D9180002AD9224C40B0123C0ADA0A370A680003FD0A008B001DD009FAF5
:204B54000100012A0046144F6F5FF4FF8205DA4C5FAF3000DA685FAF1900DA6A5FAF2100E4
:204B7400DA6C3EA8DA745FAF2200DA7A5FAF1C003C24DA6C09F000087E053B000851B01F6C
:204B94003C1A3B0008503C17DA6809F000087E053B000451B01F3C0F3B0004503C0C3B0043
:204BB40020503C093B0040503C063B0080503C033B00105009FA0100DA783FAFB100DA412A
:204BD4003FFAAE005AFA9180002AD9226C009022D4220000DC028F0548513B8007A076C396
:204BF400A0043C05B04D40D20924BCF502A449A6000A02D640C56D00BC00DFF2630002B93B
:204C140042281DFF65FFAB1D80DDDA01DF0C2D80B04D40D2092EBCF549A5000A40C46D009E
:204C34004F02DFF20E00C21802B900003C09DFF2490024E249A5000A40C46D00410202D0B8
:204C5400A2FDDF00F6FF022440C46D008F0254AFC2FF74AF1DFF3CFF49A5000A40C46D00FE
:204C74002F02DFF22F0002D0A2FDDF00F7FF1DFF2FFF3B0000F2F801A6F509F00008DA5E65
:204C94007E02B01F09FF000876F2B01F09FF000876F63BD00500B01F5F0FFAFF76C3A005CA
:204CB4003C05B04D40D20925BCF5025440C602D549A7000A09A484096D007D01DFF2058009
:204CD400ABF8BF290090F625DA5B7EA3DF0C2D00422802B91DFFFCFE3B6006A076C3A004C3
:204CF4003C05B04D40D20924BCF502A449A6000A02D640C5ED000000DF02EAFEC21802B9AB
:204D14001DFFE6FEDF0CE4FEB04D40D2025454AF02F50924BCF55C181DFFDAFE910020FA62
:204D3400DA1959FF74120282009049A5000A40C46D00C601370A68F05F2FCA7E022440C4B1
:204D54006D0014023CF16F94070082010250894040090090BB0004F10FF480007E033445E1
:204D740000906F640400B445009074450090026A404F820B405C0248406D025902BCF6A517
:204D9400BBF0FFAF9BFAFFAF918000EAD9EE4C40B01E40C440D56D009301022D01ED0026EA
:204DB400142F1605DF0FF7FF3BD0020054DF92FE5F0D0480821C3C03DA2B7ED740C440D58D
:204DD4006D007E01022DC2FA8B980602F604DA785F8F1F80DA305FDF1C80ABF8A68040C433
:204DF40040D56D006D01022D8B0A20F2A2FADA783ED4DA585FDF128040C440D56D006001F0
:204E1400022D8B0A20F2A2FA3B8007803C06DA690BF810F1AB48868FDA645F8F1D00DA6FA7
:204E34005F8F3400DA755F8F1700DA785F8F52003C59DA0A03FB0AFD02B08B0F1DB07F0B35
:204E54000680BBF0FFBF9BFBFFBF40C440D56D003701022D02AFC2FADF0F450001ED00265A
:204E7400142F6F5FE8FF3C3E02BF063B42BD8B0D1DB07FFB0680BBF0FFBF9BFBFFBF40C485
:204E940040D56D001D01022D02AFC2FADF0F2B00DA303FFD2800DA377FDFE87F3C2302D430
:204EB4006D00CE01DA397F2F05008B921C203C038B021D2002BF064B422B7FFB0680BBF050
:204ED400FFBF9BFBFFBF40C440D56D00F900022D02AFC2FA76F701ED0026142F16A0DF0F29
:204EF400E0FF02D440C46D00410154DFC2FF74DFDA643E83DF0C3A00BBF0FFFF9BFFFFF792
:204F140076C87FBF05807B0000B83C05325B3C030BFB90B13B00FCF10FF98000DA405F0FBD
:204F340015003B0004F13E023C35DA7F7FBF0500BBF007B03C2F3B00F8FF7FFB2C00BB006B
:204F5400F8BF9BFBFFBF3C263BF0FFF77FBF0500BBF0FFB73C1F3B0000F87FFB1C00BB002C
:204F740000B89BFBFFBF3C163B00FCF10FF98000DA403E0B3B0004F13E023C0CDAFF7FBFDD
:204F94000A80BBF00FB03C06BBF0FFFF7FBF038002FB54DF3EE9BCFC029440F402B56DFF61
:204FB400D4FE82120090DFFD048082F2009082020090025820088209F4A4BB005307405C19
:204FD4002B084088406D029A407E6FD41100DA5ED4AF09F000087E05029BB01FF4AF3C02DB
:204FF400821B40D440E55C6B022C3C11822B918000FAD9FF4C40B01F40D440E55C60022C77
:2050140001FC0026142F1605DF0FF8FFDFFC0B8082F440D46D00AA0082F254EFC2FF74EF34
:205034000090C2F8DFFC4400DF2B1580918000FAD9FF4C40B01F01FC00F614FF1605DF0F07
:20505400230002C440D46D00910054EFC2FF74EF3C2ED4AF3C1B09FF00087EC3821A3C0667
:20507400DA5D09F001045F0F1280C6BA76ACDA0A5FCF110002C440D46D00780054EFC2FF5F
:2050940074EF3C08BCC734CC3C0509FF0008DF0FE4FFF6ADBCC2B01C82198B0820F276F518
:2050B40040D440E55C0C022CDF0FBDFFBCC67695DA0034CF8212009082020090545FC21F2D
:0650D400745F1D003300B3
:2050DC00201049A6100AA00FF4AF89A4840991F0FFFFB0CAF4AE911000E030FE49EF3FFAB4
:1650FC00D4AEB04AF80249A4000A6DFF89F9D801DA0034FF0090CD
:205114002010404F405C49AD100AA002F4A2F80140F46D008B0001F200F6F80249A4000AD9
:2051340040C540D61DFFCAFCD44FBCF440F49D000000CC4180F04C427FF0068009F20100BE
:20515400EC41009082F20090D44FBCF540F49D0000000090CC4180F04C427FF0FCFF34F4A8
:20517400CC41B01FEC410090D44FBCF540F49D0000000090DFF4FF7FCC41B0FFEC41009083
:16519400024F6D006B006D00690002F46DFFAFF802F41DFFACF847
:2051AC000B40C02100000090404F3C05C2F4095F010024FFDF04FCFF40420090404F014550
:2051CC0030F4DF0F1380014400F6015400263C05092F3FF489FF3FF4024FC2F4DF0FFAFF13
:2051EC003C08095F010024FF024FC2F4DF0FFBFF40420090DA00404F3C0324F4C21F3F5F93
:06520C00FEFF404200908D
:2052140000003C0EC2F4095F0100370F6800094F0100370F68F076F23E0352020090DF04FC
:06523400F3FF820200906E
:20523C00404F094F0100DF0FFEFF01F420F080F2C2F200908B041E00918000FAD9FF4C40A8
:0E525C0001F400F6081F1610AB00222F009080
:20526C0000000090000000004B54A0216B50F0226B50F0226B50F0226B50F0226B50D02251
:02528C00009090
:1A529000000000004B54A0206B50E0226B50E0226B50E0226B50E022009021
:2052AC000F05D011174580010B00D0010F00B02142218B0101110F2010006B0500200090F4
:2052CC000D000002910000FF3B50FDF759FF00741D00FB02910000FF19F80054DA005F8F01
:2052EC002500DA025F8F5E00DA045F8F9700DA065F8FD000DA075F8F0901DA085F8F420168
:20530C00DA095F8F7B01DA0A5F8FB401DA0B5F8FED01DA0C5F8F2602DA0D5F8F5E02DA0ED3
:20532C005F8F96021D00CF02910000FF19FF5C846F0F2E00910000FF19FF5C846F3F230060
:20534C00910000FF19FF5C846F4F1400910000FFDA1059FF5C84910020FAD9FF7AD59100D2
:20536C0020CAD9CC7AD509CFC008C21FB4FF3C05820402446D009E32910000FFDA0859FFFB
:20538C005C84910000FFDA0159FF5C84910000FFBBE0FFFF9BFFFFFF59FF20441D0095024D
:2053AC00910000FF19FF5C946F0F2E00910000FF19FF5C946F3F2300910000FF19FF5C949C
:2053CC006F4F1400910000FFDA1059FF5C94910020FAD9FF7AD5910020CAD9CC7AD509CF14
:2053EC00C408C21FACF23C05822402446D006232910000FFDA0859FF5C94910000FFDA0103
:20540C0059FF5C94910000FFBBB0FFFF9BFFFFFF59FF20441D005902910000FF19FF5CA4CB
:20542C006F0F2E00910000FF19FF5CA46F3F2300910000FF19FF5CA46F4F1400910000FF31
:20544C00DA1059FF5CA4910020FAD9FF7AD5910020CAD9CC7AD509CFC808C21FACF43C0553
:20546C00824402446D002632910000FFDA0859FF5CA4910000FFDA0159FF5CA4910000FF32
:20548C00BBF0FEFF9BFFFFFF59FF20441D001D02910000FF19FF5CB46F0F2E00910000FFD4
:2054AC0019FF5CB46F3F2300910000FF19FF5CB46F4F1400910000FFDA1059FF5CB49100EA
:2054CC0020FAD9FF7AD5910020CAD9CC7AD509CFCC08C21FACF63C05826402446D00EA31EC
:2054EC00910000FFDA0859FF5CB4910000FFDA0159FF5CB4910000FFBBF0FBFF9BFFFFFF26
:20550C0059FF20441D00E101910000FF19FF7CB46F0F2E00910000FF19FF7CB46F3F230097
:20552C00910000FF19FF7CB46F4F1400910000FFDA1059FF7CB4910020FAD9FF7AD5910050
:20554C0020CAD9CC7AD509CFCE08C21FACF73C05827402446D00AE31910000FFDA0859FF9C
:20556C007CB4910000FFDA0159FF7CB4910000FFBBF0F7FF9BFFFFFF59FF20441D00A501B4
:20558C00910000FF19FF5CC46F0F2E00910000FF19FF5CC46F3F2300910000FF19FF5CC42A
:2055AC006F4F1400910000FFDA1059FF5CC4910020FAD9FF7AD5910020CAD9CC7AD509CF02
:2055CC00D008C21FACF83C05DA0802F46D007231910000FFDA0859FF5CC4910000FFDA01E4
:2055EC0059FF5CC4910000FFBBF0EFFF9BFFFFFF59FF20441D006901910000FF19FF7CC43B
:20560C006F0F2E00910000FF19FF7CC46F3F2300910000FF19FF7CC46F4F1400910000FFCF
:20562C00DA1059FF7CC4910020FAD9FF7AD5910020CAD9CC7AD509CFD208C21FACF93C0522
:20564C00DA0902F46D003631910000FFDA0859FF7CC4910000FFDA0159FF7CC4910000FFF4
:20566C00BBF0DFFF9BFFFFFF59FF20441D002D01910000FF19FF5CD46F0F2E00910000FFE2
:20568C0019FF5CD46F3F2300910000FF19FF5CD46F4F1400910000FFDA1059FF5CD49100A8
:2056AC0020FAD9FF7AD5910020CAD9CC7AD509CFD408C21FACFA3C05DA0A02F46D00FA3041
:2056CC00910000FFDA0859FF5CD4910000FFDA0159FF5CD4910000FFBBF0BFFF9BFFFFFF40
:2056EC0059FF20441D00F100910000FF19FF7CD46F0F2E00910000FF19FF7CD46F3F230067
:20570C00910000FF19FF7CD46F4F1400910000FFDA1059FF7CD4910020FAD9FF7AD591002E
:20572C0020CAD9CC7AD509CFD608C21FACFB3C05DA0B02F46D00BE30910000FFDA0859FF00
:20574C007CD4910000FFDA0159FF7CD4910000FFBBF07FFF9BFFFFFF59FF20441D00B500FB
:20576C00910000FF19FF5CE46F0F2E00910000FF19FF5CE46F3F2300910000FF19FF5CE4E8
:20578C006F4F1400910000FFDA1059FF5CE4910020FAD9FF7AD5910020CAD9CC7AD509CF00
:2057AC00D808C21FACFC3C05DA0C02F46D008230910000FFDA0859FF5CE4910000FFDA01C3
:2057CC0059FF5CE4910000FFBBF0FFFE9BFFFFFF59FF20443C79910000FF19FF7CE46F0F5E
:2057EC002E00910000FF19FF7CE46F3F2300910000FF19FF7CE46F4F1400910000FFDA1042
:20580C0059FF7CE4910020FAD9FF7AD5910020CAD9CC7AD509CFDA08C21FACFD3C05DA0D17
:20582C0002F46D004730910000FFDA0859FF7CE4910000FFDA0159FF7CE4910000FFBBF0FA
:20584C00FFFD9BFFFFFF59FF20443C3E910000FF19FF5CF46F0F2E00910000FF19FF5CF4D6
:20586C006F3F2300910000FF19FF5CF46F4F1400910000FFDA1059FF5CF4910020FAD9FFDC
:20588C007AD5910020CAD9CC7AD509CFDC08C21FACFE3C05DA0E02F46D000C30910000FF9F
:2058AC00DA0859FF5CF4910000FFDA0159FF5CF4910000FFBBF0FFFB9BFFFFFF59FF2044B6
:2058CC003C0300003C01910000FF19F80054DA205FF802FD910000FF19FF1884EF7F0F003A
:2058EC00910000FF910000CF19CF1884BBF0FF8F9BF8F78F268F59FF18840D0040020000DE
:02590C00008019
:20591000910020FAD9FF14C0DA089B0F40FA74FF910020FAD9FF22C09100202AD92214C0D8
:20593000D422092FC00834FF910020FAD9FF7E959100202AD9227E95092FC008C21FB4FF1B
:20595000910020FAD9FF40A59100202AD92240A5092FD008C21FACF8910020FAD9FF40A517
:205970009100202AD92222C0142FACFB910020FAD9FF23C06D007E2F022234F29100204AB0
:20599000D9443CB0910020FAD9FF23C014FF534F23F0910020FAD9FF5C7410F5DA08404402
:2059B000405502F46DFF0AFC40229100204AD94404C0910020FAD9FF23C014FF534F23F06E
:2059D000910020FAD9FF5C7410FF49F5080ADA084044405502F46DFFF1FB40229100204A5F
:2059F000D9440CC0910020FAD9FF23C014FF534F23F0910020FAD9FF5C7410FF49F5100AC6
:205A1000DA084044405502F46DFFD8FB40229100204AD94424B0910020FAD9FF23C014FF7F
:205A3000534F23F0910020FAD9FF5C7410FF49F5180ADA084044405502F46DFFBFFB402266
:205A50009100204AD9442CB0910020FAD9FF23C014FF534F23F0910020FAD9FF5C7410FFB2
:205A700049F5200ADA084044405502F46DFFA6FB40229100204AD94434B0910020FAD9FFCF
:205A900023C014FF534F23F0910020FAD9FF5C7410FF49F5280ADA084044405502F46DFF1C
:205AB0008DFB40229100204AD9441CC0910020FAD9FF23C014FF534F23F0910020FAD9FF47
:205AD0005C7410FF49F5300A82444044405502446DFF74FB4022910020FAD9FF23C014FF84
:205AF000534F23F0910020FAD9FF5C7410F48204DA084044024402F56DFF7CFB402291008B
:205B100020FAD9FF23C014FF534F23F0910020FAD9FF5C7410FF49F4080A8204DA0840443B
:205B3000024402F56DFF66FB4022910020FAD9FF23C014FF534F23F0910020FAD9FF5C7468
:205B500010FF49F4100A8204DA084044024402F56DFF50FB4022910020FAD9FF23C014FF14
:205B7000534F23F0910020FAD9FF5C7410FF49F4180A8204DA084044024402F56DFF3AFBD5
:205B90004022910020FAD9FF23C014FF534F23F0910020FAD9FF5C7410FF49F4200A820416
:205BB000DA084044024402F56DFF24FB4022910020FAD9FF23C014FF534F23F0910020FA6C
:205BD000D9FF5C7410FF49F4280A8204DA084044024402F56DFF0EFB4022910020FAD9FF0C
:205BF00023C014FF534F23F0910020FAD9FF5C7410FF49F4300A82048245404402440255A3
:205C10006DFFF8FA4022910020FAD9FFD2E614FFDF1F14809100204AD9443CB040446D00DF
:205C30005FCE9100204AD94424B040446D0072B86D0058166D006EA8910020FAD9FFD3E686
:205C500014FF5E189100204AD9442CB040446D0051B6910020FAD9FFD4E614FFDF1F1780DA
:205C70009100204AD94434B040446D0003BC9100204AD94404C040446D00F8689100204A40
:205C9000D9440CC040446D002F6A910020FAD9FF77D614FF5E189100204AD9441CC04044B0
:205CB0006D0042BB910020FAD9FF70D69100202AD92270D6142FC21F160F34FF910020FA5E
:205CD000D9FF18C0DA029B0F40FA74FF910020FAD9FF20C09100202AD92218C0D422092F92
:065CF000C008B4FF0090A3
:205CF800910020FAD9FF88919100202AD9223C60D422092FCC18864F9100202AD9223C6025
:205D18005420420F74FF910020FAD9FF8C919100202AD9223C60D422092FCE18864F9100A7
:205D3800202AD9223C605420420F74FF910020FAD9FF8891D4FFDAFFACF3910020FAD9FFC8
:0A5D58008C91D4FFDAFFACF3009049
:205D64002008910020FAD9FFB481D4FF49FF090A40FFDA0002FF9100202AD9223C60D4228F
:205D8400892F92189100202AD9223C60D422892F9018DA0002FF3C0710A210F41440342059
:205DA400C21F02FFBF3FFAFFDA0002FF3C1C921002003C1510AF14F101A000F614F27F21DD
:205DC4000D8010AF14F1021110AF01A00026142234F201A000F634F1C2100200BF30ECFF0F
:205DE400C21F02FFBF2FE57FDA0302F58200020F3C0810AF14F0F60302F53C059210020F19
:205E0400BF3FF9FFBBF0FF0F0200820102118202022F3C1414A2E2F20BF5803010AF14F431
:205E240003430A223702702002227F020480022002F1C21F370F68F002FF3F5FEDFF91004A
:205E440020FAD9FF3C60D4FF14AF89FF9018F613DA003C0501A100F614FF02FF910020FA6F
:205E6400D9FF3C60D4FF89FF9218910020FAD9FF3C60D4FFDA0089FF9418910020FAD9FF22
:205E8400B481D4FF089F910020FAD9FF3C60D4FF09F0D2183FF01F80910020FAD9FF3C608D
:205EA400D4FF9100202AD9223C60D422092FD418960189FF9418910020FAD9FFB481D4FF29
:205EC4009100202AD9223C60D422092FD2182CF93C0E910020FAD9FFB481D4FF9100202A5F
:205EE400D9223C60D422092FD0182CF9910020FAD9FFB481D4FF08AF910020FAD9FF3C606B
:205F0400D4FF09F0D2183FF01F80910020FAD9FF3C60D4FF9100202AD9223C60D422092F67
:205F2400D418960289FF9418910020FAD9FFB481D4FF9100202AD9223C60D422092FD21890
:205F44002CFA3C0E910020FAD9FFB481D4FF9100202AD9223C60D422092FD0182CFA910003
:205F640020FAD9FFB481D4FF08BFDF0F3B00910020FAD9FFB481D4FF08BF910020FAD9FF5E
:205F84003C60D4FF09F0D2183FF01F80910020FAD9FF3C60D4FF9100202AD9223C60D42283
:205FA400092FD418960489FF9418910020FAD9FFB481D4FF9100202AD9223C60D422092FC0
:205FC400D2182CFB3C0E910020FAD9FFB481D4FF9100202AD9223C60D422092FD0182CFB28
:025FE40000902B
:205FE800910020FAD9FFB481D4FF09FFC408DF0F1300910020FAD9FFB481D4FF09FFC408DA
:206008003BC01E007FF00680DA3302F21D005E0300003C19910020FAD9FFB481D4FF086F94
:206028003B600F003FF00C80910020FAD9FFB481D4FF087F3B600F007FF00680DA3302F241
:206048001D004403910020FAD9FFB481D4FF088FBF6F0C80910020FAD9FFB481D4FF088FD6
:206068003B400F007FF00680DA3402F21D002E03910020FAD9FFB481D4FF089FBF7F0C804D
:20608800910020FAD9FFB481D4FF089F3B400F007FF00680DA3502F21D001803910020FA61
:2060A800D9FFB481D4FF08AFBF1F0C80910020FAD9FFB481D4FF08AF3B400F007FF0068016
:2060C800DA3502F21D000203910020FAD9FFB481D4FF08BFF6FA910020FAD9FF3C60D4FF5F
:2060E800DAFF89FFB2183C17910020FAD9FFB481D4FF08BFBF4F0C80910020FAD9FFB48176
:20610800D4FF08BF3B400F007FF00680DA3702F21D00DC02DA0002FF910020FAD9FF3C6064
:20612800D4FF89FFB408910020FAD9FF3C60D4FF89FFBC08DA0602FF910020FAD9FF3C6002
:20614800D4FF89FF8A18910020FAD9FF3C60D4FF89FF8818910020FAD9FF3C60D4F29100AA
:2061680020FAD9FFB481D4FF089F892F9E18910020FAD9FF3C60D4F2910020FAD9FFB4816B
:20618800D4FF08AF892FA218910020FAD9FF3C60D4F2910020FAD9FFB481D4FF08BF892F0C
:2061A8009A18910020FAD9FF3C60D4FFDA0089FFAA18910020FAD9FF3C60D4FFDA0089FFBB
:2061C8008418910020FAD9FF3C60D4FFDA0089FFBA18910020FAD9FFB481D4FF09FFC40896
:2061E800DF0F1400910020FAD9FFB481D4FF9100202AD922B481D422092FC4088BFF00F08B
:20620800BB80FF0F260FACF2910020FAD9FFBC819100202AD922B481D422B062F4F2910010
:2062280020FAD9FF9A91DA0034FF3C26910020FAD9FFBC81D4FF9100202AD9229A91142FF3
:2062480010FF9100202AD922BC81D4229100204AD9449A91144F1022142FC27F16F834FF81
:20626800910020FAD9FF9A919100202AD9229A91142FC21F34FF910020FAD9FF9A9114FF4F
:20628800BF6FD6FF00006DFF6BFD910020FAD9FFB481D4FF09FFC408DF0F1100910020FA16
:2062A800D9FF94919100202AD922B481D422092FC408533F20F0B4FF3C229100202AD9224B
:2062C8009491910020FAD9FFB481D4FF086F533F20F0B42F9100202AD9229491910020FA64
:2062E800D9FFB481D4FF087F8230910020FAD9FF949109F1C008030F0AF1B42F910020FA78
:20630800D9FF9A91DA0034FF3C24910020FAD9FF96919100202AD9223C60D422092FD018D3
:20632800B4FF910020FAD9FF98919100202AD9223C60D422092FD218B4FF910020FAD9FF36
:206348009A919100202AD9229A91142FC21F34FF910020FAD9FF9A9114FFBFAFD8FF91001B
:2063680020FAD9FF94919100202AD9229491092FC0089100202AD9223C60D4220920D0188A
:20638800420FB4FF910020FAD9FF94919100202AD9229491092FC0089100202AD9223C60DC
:2063A800D4220920D218420FB4FF9100202AD9229491910020FAD9FF949109F0C0089100D3
:2063C80020FAD9FFB481D4FF08AF861F42F0B4209100202AD9229491910020FAD9FF9491B6
:2063E80009F0C008910020FAD9FFB481D4FF088F861F42F0B4209100202AD922949191007B
:2064080020FAD9FF949109F0C008910020FAD9FFB481D4FF089F42F0B420910020FAD9FFE1
:2064280084C109FFC008910020FAD9FF949109F0C008420F3B805B007FF00600DA3102F2FB
:206448001D004401910020FAD9FFB481D4FF09FFC408DF0F1600910020FAD9FF3C60D4FF7D
:206468009100202AD922B481D422092FC408533F20F086DF8B9F00F089FF8C183C1E9100D7
:2064880020FAD9FF3C60D4F2910020FAD9FFB481D4FF086F533F20F08FDF3F00910020FAA4
:2064A800D9FFB481D4FF087F533F20F086DF42F08B9000F0892F8C18910020FAD9FF3C60AE
:2064C800D4F2910020FAD9FF3C60D4FF09F0CC18910020FAD9FFB481D4FF088F86DF42F066
:2064E80089208E18910020FAD9FF3C60D4F2910020FAD9FF3C60D4FF09F0CE18910020FAE4
:20650800D9FFB481D4FF088F86DF42F08920A418910020FAD9FF3C60D4F2910020FAD9FF98
:206528003C60D4FF09F0E418910020FAD9FFB481D4FF08AF86DF42F08920A818910020FA02
:20654800D9FF3C60D4F2910020FAD9FF3C60D4FF09F0E818910020FAD9FFB481D4FF08AFCC
:2065680086DF42F08920A018910020FAD9FF3C60D4F2910020FAD9FF3C60D4FF09F0E01853
:20658800910020FAD9FFB481D4FF089F86DF42F089209618910020FAD9FF3C60D4FF910050
:2065A800202AD9223C60D422092FD6189100202AD9223C60D4220920D01886D0420F89FF2E
:2065C8009818910020FAD9FFB481D4FF08BFF6FA910020FAD9FF3C60D4FFDA0089FF9C18B9
:2065E8003C18910020FAD9FF3C60D4FF9100202AD9223C60D422092FD8189100202AD922E7
:206608003C60D4220920D21886D0420F89FF9C18910020FAD9FF3C60D4FFDA0089FF8618F8
:20662800910020FAD9FF3C60D4FFDA0089FFAC18910020FAD9FF3C60D4FF09FFCC18864F87
:20664800910020FAD9FF3C6054F0420FC23F60FFDAFF34FF910020FAD9FF3C60D4FF09FF18
:20666800CE18864F910020FAD9FF3C6054F0420FC23F60FFDAFF34FF910020FAD9FF84C16F
:206688009100202AD92284C1092FC0089100202AD92294910920C008420FB4FF910020FA3C
:2066A800D9FF80C19100202AD9223C60D4224922102A9100204AD94484C1094FC0085022BD
:0A66C800F4F2820202223C0100906D
:2066D400910020FAD9FF3C60D4FF09FFDA08160302FF82105FF0060082205FF015003C2562
:2066F400910020FAD9FF3C6054FF910020FAD9FF3C60D4FF09F0CC1886300610420F60F2D6
:2067140040223C16910020FAD9FF3C6054FF910020FAD9FF3C60D4FF09F0CE1886300610A2
:20673400420F60F240223C04A00240223C010090910020FAD9FF80919100202AD9223C6029
:20675400D422092FCC18864F9100202AD9223C605420420F74FF910020FAD9FF849191006B
:20677400202AD9223C60D422092FCE18864F9100202AD9223C605420420F74FF910020FAE6
:20679400D9FF8091D4FF09FFC608370F68F002F2DAFF5FF20C80910020FAD9FF8491D4FFA0
:2067B40009FFC608370F6820022202223C0100900244910020FAD9FFB481D4FF088F3F4F16
:2067D40029800244910020FAD9FF3C60D4FF09FFD80816035E19910020FAD9FF3C60D4FF5A
:2067F40089F488183C14910020FAD9FF3C60D4FF09FFD808160C5E49910020FAD9FF3C6056
:1A681400D4FF89F48A183C03DAFF02F400003C03DAFF02F402423C0100904B
:2068300002440244910020FAD9FF3C60D4FF09FFD8081603DF1F1380910020FAD9FF3C6019
:20685000D4FF09FFCC18864F910020FAD9FF3C6054F0420F60FF34F43C21910020FAD9FF79
:206870003C60D4FF09FFD808160CDF4F1380910020FAD9FF3C60D4FF09FFCE18864F910088
:2068900020FAD9FF3C6054F0420F60FF34F43C0682FFC6F437046840024402423C01009087
:2068B00040440C41C27F86DF161F02F21440C27086D08FF001F102F39100202AD922B481DB
:2068D000D4220920C408DF0019000C41144042F08BF00000BB80FF1F26109100202AD92212
:2068F000B481D4220921C4087F010680820202221D00E20000003C1B0C419100202AD92240
:20691000B481D42F08707FF00680820202221D00D30014409100202AD922B481D42F086F51
:206930007F0F0680820202221D00C6009100202AD9223C60D42F0C4189FFB408910020FAF7
:20695000D9FF3C60D4FF144089F0BC08910020FAD9FF3C60D4FF09F0F4080C415FF00B8041
:20697000910020FAD9FF3C60D4FF09FFFC0814407E0F910020FAD9FF3C60D4FF09FFC8085E
:2069900086CF16035E25820202221D009500910020FAD9FF3C60D4FF09FFF408DF0F210097
:2069B000910020FAD9FF3C60D4FFDA0989FFB608910020FAD9FF3C60D4FF8B9200F089FF25
:2069D000B808910020FAD9FF3C60D4FF1A228B9F00F089FFBA08533220F002FF3C1B9100D7
:2069F00020FAD9FF3C60D4FFDA0089FFB608910020FAD9FF3C60D4FFDA0089FFB808910061
:206A100020FAD9FF3C60D4FFDA0089FFBA08DA0002FF910020FAD9FF3C60D4FF09F0FC0817
:206A3000DF002000910020FAD9FF3C60D4FF8B9F000089F0BE08910020FAD9FF3C60D4FFFA
:206A500012308B90000089F08018910020FAD9FF3C60D4FF423F423F8B9F00F089FF821888
:206A7000910020FAD9FF3C60D4FF49FF102A40FFDA0002FF3C0A8200B4F040FFB02F40FFAF
:206A9000C21F370F70F002FF9100202AD9223C60D4220920F4089100202AD9223C60D42269
:166AB0000921FC084210533020003F0FE67F821202223C01009075
:1A6AC800910020FAD9FF9C9114FFF6F7910020FAD9FF9C91DA0134FF0090B6
:206AE400DA0102F8910020FAD9FF3C60D4FF09FFC80886CF160382005FF0090082105FF0CA
:206B04000F0082205FF015003C2C910020FAD9FF9C916D00F900022F2CF13C23910020FA86
:206B2400D9FF9C916D00F000022F2CF13C1A910020FAD9FF9C91081F1E1700006D00E400EE
:206B44000222DF120D8082080288910020FAD9FF3C60D4FF09FFDE085E123CC300003C01EF
:066B640002823C010090DA
:206B6C00910020FAD9FF9C91083F76F8910020FAD9FF9C91DA012CF63C05DA3302F46D0046
:206B8C00150A0090910020FAD9FF3C60D4FF09FFC80886CF160382005FF0090082105FF047
:206BAC00080082205FF007003C0700003C0500003C0300003C010090910020FAD9FF3C601A
:206BCC00D4FF09FFC80886CF1603DF1F1180910020FAD9FF9C91081F5E1400006D00BE038A
:0E6BEC00910020FAD9FF9C91DA0034FF00904E
:206BFC00024402554044DA0002F8DA335FF40500DA345FF47780910020FAD9FF9C91083FD0
:206C1C00DF0F6C00DA003E58DA815F5F3500DA825F5F5F003C60910020FAD9FFA891D4FF9C
:206C3C0014F0DA5F5FF00A80910020FAD9FFA491D4FFDA0434FF3C0E910020FAD9FFA49184
:206C5C00D4F2910020FAD9FFA891D4FF083FC24F342F910020FAD9FFA491D4FFDA082CF17E
:206C7C008215024402556D00770B820402446D0041033C31910020FAD9FFA891D4FF9100CB
:206C9C00202AD922A891D422142F968034FF910020FAD9FFA891D4FFDA802CF1910020FA27
:206CBC00D9FFA491D4FFDA0434FF910020FAD9FFA491D4FFDA082CF1DA33821502F402554C
:206CDC006D004A0B820402446D0014033C04DA4102F83C0100003C03DA4202F800003C0360
:0A6CFC00DA2202F802823C01009047
:206D0800910020FAD9FF3C60D4FF09FFDE18BFAF2D80910020FAD9FF3C60D4FF09FFE0186E
:206D2800864F910020FAD9FF3C6054F0420F60FF9100202AD922AC919100204AD9443C609C
:206D4800D444094FE018864F9100204AD9443C605440420F742FA0027D2F080009FFCE087E
:206D68002E74821202223C04820202223C0100904044405540669100202AD922B691DA0046
:206D8800342F9100202AD9229C91DA00342F910020FAD9FF9C91DA002CF1910020FAD9FF1E
:206DA8009C91DA002CF2910020FAD9FF9C91DA002CF3910020FAD9FF9C91DAFF2CF49100C3
:206DC80020FAD9FF9C91DA002CF6910020FAD9FF9C91DA002CF5910020FAD9FF3C60D4FFF3
:206DE800144F89FFAC08910020FAD9FF3C60D4FF0000094F02093B001002A60F370F68F0F7
:206E0800ACF6910020FAD9FF3C60D4FF0000094F0209068F9621370F68F0ACF7094FC608C0
:206E280082F0C60F370F68F002FF910020FAD9FF396034FF910020FAD9FF3C60D4FFACF483
:206E4800094FC608868F82F0C60F370F68F002FF910020FAD9FF39602CF1910020FAD9FF4D
:206E68003C60D4FFACF5910020FAD9FF3C60D4FF095FC008868F89FFB618910020FAD9FFEA
:206E88003C60D4FF095FC008370F68F089FFB4180C4176FA910020FAD9FF3C60D4FFDAFFD1
:206EA80089FFB2183C09910020FAD9FF3C60D4FFDA0089FFB218910020FAD9FF3C60D4FF23
:206EC800DA20ACF8910020FAD9FF3C60D4FF095FC208370F68F089FFB008910020FAD9FF87
:206EE8003C60D4FF095FC208868F89FFB208405440656D0021270222022202223C0100906B
:166F08006D008402910020FAD9FF9C91DAFF2CF46DFFF0F60090F5
:206F2000910020FAD9FF9C91081F5E1CDA3302F46D00FC070222910020FAD9FF9C91DA01DE
:206F40002CF50090910020FAD9FFB0919100202AD9223C60D422092FC208B4FF910020FAF4
:206F6000D9FF3C60D4FF09FFC2086F7F2C00910020FAD9FFB2919100202AD9223C60D422B0
:206F8000092FC208B4FF910020FAD9FF3C60D4FF09FFC2086F6F1780910020FAD9FF3C60E4
:206FA000D4FFDA80ACF3910020FAD9FF48659100202AD9224865092FD808C21FACFC6D0044
:206FC0001308910020FAD9FF3C60D4FF09FFC2086F6F1700910020FAD9FF3C60D4FFDA40D1
:206FE000ACF3910020FAD9FF48659100202AD9224865092FDA08C21FACFD6D00190700000E
:207000003C010090910020FAD9FF9C91081FDF1F7C81910020FAD9FFB8919100202AD9222F
:207020003C60D422092FC80886CF160334FF910020FAD9FFB79114FF5E1A910020FAD9FF3C
:20704000B89114FFF6F400006D00E401910020FAD9FFB7919100202AD922B891142F34FF38
:20706000910020FAD9FF3C60D4FF09FFC8086F2F288000006DFF68FB02220222DAFF5FF2BF
:207080002000910020FAD9FF9C912842910020FAD9FF9C91085FDF0F1400DA333BF00760FE
:2070A00002F4022502666D00210A6D008701910020FAD9FF9C91DA002CF56D006B68910042
:2070C00020FAD9FF9C91084F3BF00F007E031D001E01910020FAD9FFB69114FF6F0F8B005D
:2070E000821402446D001401DA33910020FAD9FFA891D4F402F440446D0080680222DA00D4
:207100003E28DA815F2F3100DA825F2F67003C72910020FAD9FFA491D4F2910020FAD9FFEF
:20712000A891D4FF083FC24F342F910020FAD9FFA491D4FFDA082CF1DA33821502F402550D
:207140006D001809820402446D00E200910020FAD9FFB6919100202AD922B691142F82E0FA
:20716000260F34FF3C47910020FAD9FFA891D4FF9100202AD922A891D422142F968034FF04
:20718000910020FAD9FFA891D4FFDA802CF1910020FAD9FFA491D4FFDA0434FF910020FAA2
:2071A000D9FFA491D4FFDA082CF1DA33821502F402556D00DF08820402446D00A900910038
:2071C00020FAD9FFB6919100202AD922B691142F82E0260F34FF3C0E910020FAD9FFB69138
:2071E0009100202AD922B691142F82E0260F34FF3C01910020FAD9FFB69114FF6F1F850038
:20720000821402446D008400DA33910020FAD9FFA891D4F402F440446D00086C0222DA00B7
:207220003E28DA815F2F2B00DA825F2F61003C6C910020FAD9FFA491D4FFDA0434FF9100B4
:2072400020FAD9FFA491D4FFDA082CF1DA33821502F402556D008E08820402446D005800B0
:20726000910020FAD9FFB6919100202AD922B691142F82D0260F34FF3C47910020FAD9FF24
:20728000A891D4FF9100202AD922A891D422142F968034FF910020FAD9FFA891D4FFDA8068
:2072A0002CF1910020FAD9FFA491D4FFDA0434FF910020FAD9FFA491D4FFDA082CF1DA337E
:2072C000821502F402556D005508820402446D001F00910020FAD9FFB6919100202AD92208
:2072E000B691142F82D0260F34FF3C0E910020FAD9FFB6919100202AD922B691142F82D084
:20730000260F34FF3C0100003C010090024F76F8910020FAD9FF9C91DA012CF33C179100AE
:2073200020FAD9FF9C91086F76FB910020FAD9FF9C91DA002CF6DA3302F46D003D06910056
:2073400020FAD9FF9C91DA002CF30090DA0002F2910020FAD9FF3C60D4FFDA01ACF8022222
:207360003C010090910020FAD9FF9C91082F82005FF0090082205FF00F0082305FF013006B
:207380003C18910020FAD9FF9C91DA012CF26DFFC9FD3C11910020FAD9FF9C91DA042CF2C5
:1673A0003C0A910020FAD9FF9C91DA052CF23C0300003C010090D8
:2073B800910020FAD9FF9C91082F82105FF0090082305FF00D0082505FF013003C1A9100BB
:2073D80020FAD9FF9C91DA062CF23C15910020FAD9FF9C91DA022CF26DFFBEFB3C0C91007F
:1673F80020FAD9FF9C91DA042CF26DFFB5FB3C0300003C0100903C
:20741000910020FAD9FF9C91082F82105FF00C0082405FF0190082505FF01D0082605FF0EF
:207430000A003C1F910020FAD9FF9C91DA032CF23C1A910020FAD9FF9C91DA022CF26DFFC0
:207450008FFB3C11910020FAD9FF9C91DA022CF23C0A910020FAD9FF9C91DA032CF23C036B
:0674700000003C01009049
:20747800910020FAD9FF9C91082F82205FF0060082405FF00A003C11910020FAD9FF9C91FE
:1E749800DA002CF23C0C910020FAD9FF9C91DA012CF26DFF3BFD3C0300003C0100903D
:2074B800024440440255404FB02F40F2910020FAD9FF3C60D4FFDAFFACF4910020FAD9FF05
:2074D8003C60D4FFDAFFACF5910020FAD9FF9C912875DA333E423C3E1420DA5E3E05DA5F6F
:2074F8005F0F19003C2D910020FAD9FFA491F4F4910020FAD9FFA891F4F2910020FAD9FFBF
:20751800B6919100202AD922B691142F960134FF3C1F910020FAD9FFA491F4F4910020FA3C
:20753800D9FFA891F4F2910020FAD9FFB6919100202AD922B691142F960234FF3C09910071
:2075580020FAD9FF3C60D4FFDA08ACF83C0100003C0300003C01910020FAD9FF3C60D4FF81
:207578009100202AD9223960142FACF4910020FAD9FF3C60D4FF9100202AD92239600C2113
:20759800ACF50090910020CAD9CC2CC0910020FAD9FF2AD040FFB07F9100202AD9220020B5
:2075B80049253F0A40F440556D00DE010222B4C2910020FAD9FF2CC009FFC008DF0F14000C
:2075D800910020FAD9FF19279100202AD92219270C2396202CF3910020FAD9FFFDC6DA0195
:2075F80034FF3C0E910020FAD9FF19279100202AD92219270C233BF0FD0F260F2CF30090D3
:20761800910020CAD9CC2AC0910020FAD9FF0ED040FFB07F9100202AD92200204925230AE8
:2076380040F440556D00A0010222B4C2910020FAD9FF2AC009FFC008DF0F1400910020FAD7
:20765800D9FF19279100202AD92219270C2296202CF2910020FAD9FFFDC6DA0134FF3C0E44
:20767800910020FAD9FF19279100202AD92219270C223BF0FD0F260F2CF20090910020CA56
:20769800D9CC2EC0910020FAD9FF06E040FFB07F9100202AD922002049251B1A40F4405506
:2076B8006D0062010222B4C2910020FAD9FF2EC009FFC008DF0F1400910020FAD9FF192742
:2076D8009100202AD92219270C2996012CF9910020FAD9FFFDC6DA0134FF3C0D910020FA43
:1676F800D9FF19279100202AD92219270C2982E0260F2CF90090CD
:20771000910020FAD9FF30C09100202AD922002049241B1A9100205AD95517408274404444
:1E773000405502446DFF70ED0222B4F2910020FAD9FF30C009F2C00802223C010090A6
:20775000910020CAD9CC28C0910020FAD9FF32C040FFB07F9100202AD92200204022B072B4
:2077700040F440256D0004010222B4C2910020FAD9FF28C009FFC008DF0F1400910020FA6C
:20779000D9FF19279100202AD9221927142F960134FF910020FAD9FFFDC6DA0134FF3C0D01
:1A77B000910020FAD9FF19279100202AD9221927142F82E0260F34FF009049
:2077CC00910020FAD9FF3EE0DA0034FF1D008C00910020FAD9FF3EE014FF910020FAD9FF0F
:2077EC0032C010FF9100202AD9223EE0142F9100302AD92200005022092FC00834FF910029
:20780C0020FAD9FF3EE014FF910020FAD9FF0ED010FF9100202AD9223EE0142F861F8BCF93
:20782C0003F09100302AD92200001022092FC00834FF910020FAD9FF3EE014FF910020FA9F
:20784C00D9FF2AD010FF9100202AD9223EE0142F861F8B8F07F09100302AD9220000102236
:20786C00092FC00834FF910020FAD9FF3EE014FF910020FAD9FF06E010FF9100202AD922C7
:20788C003EE0142F861F8B4F0BF09100302AD92200001022092FC00834FF910020FAD9FF33
:2078AC003EE014FF910020FAD9FF22E010FF9100202AD9223EE0142F861F8B0F0FF09100F1
:2078CC00302AD92200001022092FC00834FF910020FAD9FF3EE09100202AD9223EE0142F0A
:2078EC00C21F34FF910020FAD9FF3EE014F0DA1C3FF070FF9100204AD944E6C69100205A60
:20790C00D9550040DA174044405502F46DFF58EC4022910020FAD9FF26C09100204AD9445A
:20792C0022E09100205AD9553C3082444044405502446DFF6BEC0222B4F2910020FAD9FF5F
:20794C0026C009FFC008DF0F13809100204AD944E6C6910020FAD9FF22E040FFB05FDA175C
:0E796C00404440F502F46DFF2BEC40220090E9
:20797C0040444055910020FAD9FF24C0DA0E4044405502F46DFF42EC0222B4F2910020FA65
:0E799C00D9FF24C009F2C00802223C0100906D
:2079AC00DA0002F8910020FAD9FFBC9140FC6D00A501910020FAD9FFA8A1820034F09100C5
:2079CC0020FAD9FFA8A1DA002CF8910020FAD9FFA8A1DA012CF1910020FAD9FF3C60D4FFAC
:2079EC009100202AD9223C6054208B0008003700700086C089F0AE08910020FAD9FF80C122
:207A0C0054FF370F70F086CF370F68F002F1910020FAD9FF80C1D4FF40F4DA3389CF230820
:207A2C00DA7F89CF2408821089C025089100202AD922B081D42F081F89CF26089100202AC3
:207A4C00D922B081D42F081F89CF2708DA0B89CF28089100202AD9223C60D4220920EC084B
:207A6C0089C0290849C22C0A4022910020FAD9FFBC9140FF820002031D00120109FF6308A4
:207A8C009100202AD922BCA11022342382000204822089F0220809FF650882005FF0090002
:207AAC0082105FF00B0082205FF008003C26DA0802F2DA0802F53C2109F0660809F2670896
:207ACC007F020B8009F066088BB00000BB80FF2F262002023C0909FF67088BBF00F0BB8008
:207AEC00FF0F260F02F28200020509FF65085E23DA0802F400003C011A52424F42F8370839
:207B0C00708002889100202AD92284C1092FC008428F3B805B007FF0090000006D00EE000A
:207B2C00DA3102F21D00E80053E320F09100202AD9223C60D42210224922002AE83209FF9E
:207B4C006308ACF809FF6908ACF909F06408DA407FF0068009FFD2089680ACF909FF640867
:207B6C00ACFA09FF6808ACFBA8C1A8D1A8E189F1200889F12108DA00B44FDA00AC42DA0005
:207B8C00AC4309FF6608AC414044E814F4F4E8248FD23FF0370F68F042F1370168100211EF
:207BAC00014201464044DF041600E81489F12108DA00B44FDA00AC42DA00AC43DA04AC41DA
:207BCC008FD43FF042F1370168100211014401464044DF054600A8E1E824DA00B44FDA0487
:207BEC00AC42DA08AC43DA04AC419100202AD922A8A14945080A892584099100202AD9221F
:207C0C00A8A109228409DA56B42F9100202AD922A8A1092284099100205AD955B081D455DA
:207C2C00095FC408868F16FFAC229100202AD922A8A1092284099100205AD955B081D455A2
:207C4C00095FC40816FFAC238FD53FF0370F68F042F1370168100211014501464044C832CE
:207C6C00402249F5100A4055095FC008B42F095FC208AC21095FC408AC22095FC608AC2390
:207C8C00095FC808AC24095FCA08AC25095FCC08AC2649FF2C0A40FFC2130233BF13F07EB0
:207CAC00910020FAD9FF3C60D4FFDAFF89FF8E28910020FAD9FF84C19100202AD92284C1CC
:207CCC00092FC008428FB4FF910020FAD9FF80C19100202AD9223C60D4224922102A9100B2
:167CEC00204AD94484C1094FC0085022F4F2820202223C010090C9
:207D0400DA0002FF3C0B910020FAD9FFBCA110FF3BF00F0034F0C21F02FF3B1004003F0F71
:207D2400F4FF910020FAD9FF3C60D4FFDAFF89FF80280090910020FAD9FFA8A1088FDF0F70
:207D44007300910020FAD9FFBC9140FCDA0102F83C6209CF6208DF1F5C80D4C2092FC0087B
:207D64006F4F578009C28409092FC0086F4F518009C28809092FC0086F4F4B80DA0289CF6A
:207D84002208910020FAD9FFA8A19100202AD922A8A10C28C2FF2CF8CCC340FF49C2100ABE
:207DA4004022092FC008B4FF092FC208ACF1092FC408ACF2092FC608ACF3092FC808ACF41C
:207DC400092FCA08ACF5092FCC08ACF6D4CFDA00B4FFCCC1DA00B4FFCCC2DA00B4FF09CF09
:207DE400650882005FF0090082105FF0080082205FF00D003C0D00003C0B09C46308820502
:207E0400024402556DFFF0E03C0300003C0149CC2C0A40CC028FC2F8370868800288DF0FC8
:067E24009AFF000000902F
:207E2C00910020FAD9FFBC9140FF9100202AD9223C60D422DA40AC23DA0002F13C44C8328F
:207E4C00092FC0086F7F3B00C832C834094FC008167FB42F09FF6208DF0F318009FF6508D9
:207E6C0082005FF0090082105FF0250082205FF024003C249100202AD922A8A10C21DF3F37
:207E8C001880C8320920C208DA7F5FF01280C822092FC008F6FDC832DA31B42FC832DA7FFF
:207EAC00AC21C832DA7FAC22C822DAA0B42F00003C0500003C0300003C0149FF2C0A40FF07
:207ECC00C2110211BF11BD7F00000090024F3B1004007F0F1580910020FAD9FF34609100A9
:207EEC00202AD922BCA11022142F34FF910020FAD9FF346014F0DAFF5FF00280910020FABC
:1A7F0C00D9FF346014FF53CF22F0910020FAD9FFBC9110F240223C010090A7
:207F2800024802846DFFD6FF40224022DA0002F9910020FAD9FF3C60D4FFDAFFACF4910093
:207F480020FAD9FF3C60D4FFDAFFACF5092F650882105FF003003C11910020FAD9FF3C6049
:207F6800D4FF09FFEC08370F6850DA7F0284025502F66D00B7023C01910020FAD9FF3C607C
:207F8800D4FF9100202AD9223960142FACF4910020FAD9FF3C60D4FF9100202AD922396053
:0A7FA8000C21ACF502923C010090A0
:207FB400024402446DFF90FF40224024910020FAD9FF3C60D4FFDAFFACF4910020FAD9FF72
:207FD4003C60D4FFDAFFACF540446D0043010090910020FAD9FFBC9140FC9100202AD922FD
:207FF400B4A19100204AD944B4A1544FC21F742F9100202AD9223C60D42FDA80ACF3DA003C
:2080140002F81D002301CCC309FFC808DF0F1901D4CF09FFC008AE66CCC109FFC0086F6FE0
:20803400100109CF6208DF0F0C8109CF650876FECCC309FFC0082E7A910020FAD9FF3C607F
:20805400D4FFDA80ACF11D00FC0009CF6508DF0F8E80D4CF084F3B7005005F0F1200CCC32F
:20807400DA31B4FFCCC3DA7FACF1CCC3DA7FACF2D4CFDA00B4FFCCC2DAA0B4FF3C759100F6
:2080940020FAD9FFA8A1C81F09FFC208370F684002446DFF19FF4022402209246308CCC335
:2080B40009FFC208370F6850CCC309FFC408167F0244025502F66D000F02910020FAD9FF4E
:2080D400A8A1DA022CF1CCC3DA31B4FFCCC3DA7FACF1CCC3DA7FACF2CCC3DA00ACF4910058
:2080F40020FAD9FFBC9149FF2C0A40F2910020FAD9FFB081D4FF082F02FF3C2F09206208C0
:20811400DF302980910020FAD9FFA8A1DA032CF1DA04892F2208CCC3DA00ACF4D42F40FFC2
:20813400ECC1F4CFD42FDA00B4FF092F600802FF910020FAD9FFA8A1C81F09206308A8108B
:20815400CCC23B000A00B4F0CCC3ACF5CCC3ACF43C0B49222C0A402202F0C2FF370F68F09A
:2081740002FFDF00CDFF00003C6BD4CF09FFC0082E64DA0002FF3C03DA0102FF09C062086A
:20819400DF005F8090CFD4FF90C2D4220920C0083BF0FB1F2610B4F090CFD4F4B04490CF09
:2081B400D4FF09F0C408C22037006840404402446D001C1E09C0650882115F010600DA02D6
:2081D4005F0F3D003C3D910020FAD9FFB8A19100202AD922B8A15420C21074F090CFD4FF80
:2081F400B04FA002012F100482015F101A0090CF54FF910020FAD9FF3C6054F08B000900D1
:20821400A20FC24F822502F402556DFF29E8022F910020FAD9FF8CC110FF40FF3C02A00FDB
:2082340009C4630809C28C09092FC208167F024440F402F56DFF38F93C0300003C0149CC5C
:208254002C0A40CCC2180288BF18DF7E000000904044DAAA02F5094F6208DF0F4E80DA0247
:20827400894F2208CC43DA00ACF4D442092FC008AE4C09428409092FC008AE4709428809A6
:20829400092FC0086F4F1100DA01894F2208910020FAD9FFA8A19100202AD922A8A10C28FF
:2082B400C21F2CF83C2709428C09402F4942100A4022092FC008B4FF092FC208ACF1092F62
:2082D400C408ACF2092FC608ACF3092FC808ACF4092FCA08ACF5092FCC08ACF6D44FDA007D
:2082F400B4FFCC41DA00B4FFCC42DA00B4FFDA0002F500003C03DA0202F5910020FAD9FF1C
:208314003C60D4FF9100202AD9223960142FACF4910020FAD9FF3C60D4FF9100202AD922C0
:2083340039600C21ACF5DAAA5FF51900094F650882005FF0090082105FF0080082205FF058
:208354000C003C0C00003C0A09446308024402556DFF42DE3C0300003C01009002440258E2
:2083740002446DFFB1FD4022402C820002099100202AD9223C60D42FDAFFACF49100202A65
:20839400D9223C60D42FDAFFACF509CF65081E25DF280480DA0B02F9DF097880DA013E8445
:2083B400DA023E883C0CCCC240FD09CF670802FA3C0ACCC140FDDA0402FA3C05A00DDA00FF
:2083D40002FA3C01A00F7DFD050009DFC0082E54DA0B02F93C5A40DFB04FA002012F10F486
:2083F40082005F0F1A00910020FAD9FF3C60D4FF49FF102A01FD20F080FFC24F822502F4B0
:2084140002556DFF2DE7022F910020FAD9FF8CC110FF40FF3C02A00F40FF14FF3FFA3480F6
:20843400081F02F0DA085FF00500DA0A5FF0288040D4B04414FFC22F370F6840404402443A
:208454006D000E1D09CF65081E1509CF6508DF2F1280DF18068009CF600802FF3C0409CF3D
:20847400610802FF02FFCCC3ACF4CCC3ACF5CCC3ACF609DFC0089620B4DF3C03823902995F
:2084940000003C03DA0D02F9910020FAD9FF3C60D4FF9100202AD9223960142FACF49100D2
:2084B40020FAD9FF3C60D4FF9100202AD92239600C21ACF5769E09CF650882105FF00600CA
:1284D40082205FF005003C0500003C0300003C01009053
:2084E80002480259026A02846DFFF4FC4022402F8FF907F102F0DA407FAF0580DA7F5FFABF
:208508001380DA405FF80800DA7F5FF905008F0048F102F0DA0089FF2208C832892A840812
:06852800C83FA8100090FE
:20853000404C9100202AD9222FF014CF342F9100202AD9222FF0142F3BD000003FF00F00E3
:2085500082003F0F0C0052009180002AD922289001200226D4220000DC0200001D00BF01F5
:208570009100204AD94454D640CCB01C8224404440C502446DFF22E64022910020FAD9FF03
:20859000C3D6DA0134FF910020FAD9FF40A59100202AD92240A5092FC438C21F89FF8438A8
:2085B0001D009F019100204AD9440AF040C5B01582244044405502446DFF00E640229100C8
:2085D00020FAD9FF0AF00CC32CF2910020FAD9FF0AF00CC42CF39100204AD9440AF04044B0
:2085F0006D00B238910020FAD9FF40A59100202AD92240A5092FC638C21F89FF86381D0077
:2086100070019100204AD9440EF040CCB01C8274404440C502446DFFD1E54022910020FAF7
:20863000D9FF22409100202AD9222240142F960134FF910020FAD9FF20409100202AD922F2
:208650002040092FC008C21FB4FF1D004A01910020FAD9FF0EF040FFB07F40CCB01C8274F1
:2086700040F440C502446DFFA9E54022910020FAD9FF22409100202AD9222240142F960217
:2086900034FF910020FAD9FF20409100202AD9222040092FC008C21FB4FF1D002201910019
:2086B00020FAD9FF0EF049F40E0A40CCB01C8274404440C502446DFF81E54022910020FAE9
:2086D000D9FF22409100202AD9222240142F960434FF910020FAD9FF20409100202AD9224F
:2086F0002040092FC008C21FB4FF1D00FA00910020FAD9FF0EF049F4150A40CCB01C8274B4
:20871000404440C502446DFF59E54022910020FAD9FF22409100202AD9222240142F960870
:2087300034FF910020FAD9FF20409100202AD9222040092FC008C21FB4FF1D00D2009100C9
:2087500020FAD9FF0EF049F41C0A40CCB01C8274404440C502446DFF31E54022910020FA8A
:20877000D9FF22409100202AD9222240142F961034FF910020FAD9FF20409100202AD922A2
:208790002040092FC008C21FB4FF910020FAD9FF224014F0DA1F5FF01A80910020FAD9FF87
:2087B000C0D6DA0134FF910020FAD9FF2240DA0034FF910020FAD9FF40A59100202AD922D5
:2087D0002040092FC00889FFBE28910020FAD9FF002049F4380A9100205AD9550EF0DA1C6C
:2087F0004044405502F46DFFE9E440223C7900003C7700003C75910020FAD9FF40A549F401
:208810000A3A40C5B01582244044405502446DFFD5E44022910020FAD9FF40A549F40C3AC3
:2088300040CCB03C8224404440C502446DFFC6E440223C56910020FAD9FF40A549F40E3AC4
:2088500040C5B01582244044405502446DFFB6E44022910020FAD9FF40A549F4103A40CCD6
:20887000B03C8224404440C502446DFFA7E440223C379100204AD94400F040CCB01C8264F5
:20889000404440C502446DFF99E44022910020FAD9FF40A59100202AD92240A5092FC83853
:2088B000C21F89FF88383C1C910020FAD9FF06F00CC134FF910020FAD9FF06F00CC22CF14A
:2088D000910020FAD9FF06F00CC32CF2910020FAD9FF06F00CC42CF33C0300003C010090AE
:2088F000910020FAD9FF1CF19100202AD92270D6142F9100202AD9226ED61420420FC2FF19
:20891000160F34FF910020FAD9FF71D614FFDF1F1181910020FAD9FF79D614FFDF1F0A8114
:20893000910020FAD9FF1CF114FF530F2CF0910020FAD9FF4CD410FF9100202AD92234F05A
:20895000542F6CF9910020FAD9FF1CF114FF530F2CF0910020FAD9FF4CD410FF9100202A71
:20897000D92234F0542F89FF1019910020FAD9FF1CF114FF530F2CF0910020FAD9FF4CD4D0
:2089900010FF9100202AD92234F0542F89FF0429910020FAD9FF1CF114FF530F2CF09100D4
:2089B00020FAD9FF4CD410FF9100202AD92234F0542F89FF3029910020FAD9FF1CF114FF85
:2089D000530F2CF0910020FAD9FF4CD410FF9100202AD9221CF1142F530F2CF09100202AD8
:2089F000D9224CD410224C2196206CF1910020FAD9FF1CF114FF530F2CF0910020FAD9FFF6
:208A10004CD410FF9100202AD9221CF1142F530F2CF09100202AD9224CD41022092F2419D6
:208A3000962089FF2419910020FAD9FF1CF114FF530F2CF0910020FAD9FF4CD410FF910047
:208A5000202AD92238F0542F6CF8910020FAD9FF1CF114FF530F2CF0910020FAD9FF4CD4EE
:208A700010FF9100202AD92238F0542F89FF0C19910020FAD9FF1CF114FF530F2CF09100F7
:208A900020FAD9FF4CD410FF9100202AD92238F0542F89FF0029910020FAD9FF1CF114FFD0
:208AB000530F2CF0910020FAD9FF4CD410FF9100202AD92238F0542F89FF2C29910020FA6D
:208AD000D9FF1CF114FF530F2CF0910020FAD9FF4CD410FF9100202AD9221CF1142F530FD6
:208AF0002CF09100202AD9224CD410224C2196106CF1910020FAD9FF1CF114FF530F2CF091
:208B1000910020FAD9FF4CD410FF9100202AD9221CF1142F530F2CF09100202AD9224CD4F9
:208B30001022092F2419961089FF24191D008200910020FAD9FF1CF114FF530F2CF09100C2
:208B500020FAD9FF4CD410FF9100202AD9221CF1142F530F2CF09100202AD9224CD4102218
:208B70004C21BBF0FD0F9BF0FF0F260F6CF1910020FAD9FF1CF114FF530F2CF0910020FACA
:208B9000D9FF4CD410FF9100202AD9221CF1142F530F2CF09100202AD9224CD41022092FBA
:208BB0002419BBF0FD0F9BF0FF0F260F89FF2419910020FAD9FF1CF114FF530F2CF091006C
:208BD00020FAD9FF4CD410FF9100202AD9221CF1142F530F2CF09100202AD9224CD4102298
:208BF0004C21BBF0FE0F9BF0FF0F260F6CF1910020FAD9FF1CF114FF530F2CF0910020FA49
:208C1000D9FF4CD410FF9100202AD9221CF1142F530F2CF09100202AD9224CD41022092F39
:128C30002419BBF0FE0F9BF0FF0F260F89FF241900901A
:208C4400404F9100202AD922460114FF342F9100202AD9224601142F3B9004003FF00F0081
:208C640082003F0F0C0052009180002AD92220A001200226D4220000DC0200001D00040E80
:208C84009100204AD94452D640FFB01F8224404440F502446DFF98E24022910020FAD9FF12
:208CA400C2D6DA0134FF910020FAD9FF40A59100202AD92240A5092FC818C21F89FF8818C6
:208CC4001D00E40D9100204AD94418F140F5B01582244044405502446DFF76E240229100AB
:208CE400202AD92218F1083F2C229100202AD92218F1084F2C239100204AD94418F1404463
:208D04006D000236910020FAD9FF40A59100202AD92240A5092FCA18C21F89FF8A181D0045
:208D2400B50D9100204AD9441DF140FFB01F8274404440F502446DFF47E24022910020FAA2
:208D4400D9FF05509100202AD9220550142F960134FF910020FAD9FF3C409100202AD922D5
:208D64003C40092FC008C21FB4FF1D008F0D9100202AD9221DF14022B07240FFB01F8274BA
:208D8400402440F502446DFF1FE24022910020FAD9FF05509100202AD9220550142F960243
:208DA40034FF910020FAD9FF3C409100202AD9223C40092FC008C21FB4FF1D00670D910075
:208DC400202AD9221DF149240E0A40FFB01F8274404440F502446DFFF7E14022910020FA63
:208DE400D9FF05509100202AD9220550142F960434FF910020FAD9FF3C409100202AD92232
:208E04003C40092FC008C21FB4FF1D003F0D9100202AD9221DF14924150A40FFB01F827461
:208E2400404440F502446DFFCFE14022910020FAD9FF05509100202AD9220550142F9608CD
:208E440034FF910020FAD9FF3C409100202AD9223C40092FC008C21FB4FF1D00170D910024
:208E6400202AD9221DF149241C0A40FFB01F8254404440F502446DFFA7E14022910020FA24
:208E8400D9FF05509100202AD9220550142F961034FF910020FAD9FF3C409100202AD92285
:208EA4003C40092FC008C21FB4FF910020FAD9FF055014F0DA1F5FF01A80910020FAD9FF5D
:208EC400FFC6DA0134FF910020FAD9FF0550DA0034FF910020FAD9FF40A59100202AD92298
:208EE4003C40092FC00889FF8218910020FAD9FF002049F41C0A9100205AD9551DF1DA1C8D
:208F04004044405502F46DFF5FE140221D00BE0C9100204AD9440CF140FFB01F82744044AC
:208F240040F502446DFF50E14022910020FAD9FF40A59100202AD92240A5092FD218C21F8D
:208F440089FF92181D00A20C9100202AD9225301081F342F9100202AD92228E19100204A82
:208F6400D9445301144FB42F910020CAD9CC34F09100202AD92228E10924C00802446D006B
:208F84006F4F022274C29100202AD92238F09100204AD94434F0544F742F9100202AD9225F
:208FA40044644022B02240F5B02582244024405502446DFF09E140229100202AD9224464AC
:208FC4004022B04240F5B04582244024405502446DFFFAE040229100202AD92244644022A2
:208FE400B06240FFB06F8224402440F502446DFFEBE04022910020FAD9FF40A59100202A9C
:20900400D9224464092FC20889FFB618910020FAD9FF40A59100202AD9224464092FC40867
:2090240089FFB818910020FAD9FF40A59100202AD92228E1092FC00889FF8E28910020FAA4
:20904400D9FF40A59100202AD92240A5092FD418C21F89FF94181D00190C9100204AD94401
:20906400587540FFB01F8274404440F502446DFFABE04022910020FAD9FF40A59100202A80
:20908400D92240A5092FD618C21F89FF9618910020FAD9FF40A59100202AD9225875092F6C
:2090A400C00889FF9A18910020FAD9FF40A59100202AD9225875092FC20889FF9C181D0044
:2090C400E50B9100204AD9445E7540FFB01F8274404440F502446DFF77E04022910020FADE
:2090E400D9FF40A59100202AD92240A5092FD818C21F89FF9818910020FAD9FF40A59100BA
:20910400202AD9225E75092FC00889FF9E18910020FAD9FF40A59100202AD9225E75092FAC
:20912400C20889FFA0181D00B10B9100204AD9444C6440FFB01F8274404440F502446DFF11
:2091440043E04022910020FAD9FF40A59100202AD92240A5092FC028C21F89FF80289100A1
:2091640020FAD9FF40A59100202AD9224C64142F89FF82289100202AD92240A5910020FAB3
:20918400D9FF4C64081F892F84289100202AD92240A5910020FAD9FF4C64082F892F86282D
:2091A4009100202AD92240A5910020FAD9FF4C64083F892F88289100202AD92240A59100C2
:2091C40020FAD9FF4C64084F892F8A289100202AD92240A5910020FAD9FF4C64085F892F1B
:2091E4008C281D00530B9100204AD94400F140FFB01F8244404440F502446DFFE5DF4022CE
:20920400910020FAD9FF30E19100202AD92200F1542FB4FF910020FAD9FF34E19100202A46
:20922400D92230E10924C00802446D00194E022274F2910020FAD9FF0CD59100202AD9224B
:2092440034E1542F89FF1839910020FAD9FF40A59100202AD92240A5092FF428C21F89FFB9
:20926400B4281D00130B9100204AD94404F140FFB01F8244404440F502446DFFA5DF4022A1
:20928400910020FAD9FF32E19100202AD92204F1542FB4FF910020FAD9FF38E19100202ABC
:2092A400D92232E10924C00802446D00D94D022274F2910020FAD9FF0CD59100202AD9220A
:2092C40038E1542F89FF1C39910020FAD9FF0CD59100202AD9220CD5092FE038C21F89FF3D
:2092E400A038910020FAD9FF40A59100202AD92240A5092FF628C21F89FFB6281D00C60AE5
:209304009100202AD9225501081F342F9100204AD9442AE140F5B025822440444055024461
:209324006DFF52DF40229100202AD9224301084F342F9100202AD9224201085F342F9100E2
:20934400202AD9227CD6086F342F9100202AD9227CD6142FF6FD910020FAD9FF40A5910041
:20936400202AD9225501142F89FFB0283C089100202AD92240A5086F892FB028910020FAFA
:20938400D9FF7CD614FFDF0F1600910020FAD9FF7CD614FF1E1F910020FAD9FF0CD591006E
:2093A400202AD9220CD5142F8210370F81F034FF3C0E910020FAD9FF0CD59100202AD92240
:2093C4000CD5142F8200370F81F034FF910020FAD9FF550114F0DAFF5FF01080910020FAB9
:2093E400D9FF0CD59100202AD9220CD50C228210370F01F22CF23C0E910020FAD9FF0CD534
:209404009100202AD9220CD50C228200370F01F22CF2910020FAD9FF44759100202AD92278
:209424005501142F2CF6910020FAD9FF44759100202AD9227CD6142F2CF71D00270A9100C4
:20944400204AD944546440FFB01F8274404440F502446DFFB9DE4022910020FAD9FF546426
:20946400082F76FF9100202AD9227BD6910020FAD9FF5464082F3BF0F70F260F342F3C247A
:20948400910020FAD9FF5464083F76FD9100202AD9227BD6910020FAD9FF5464083F968014
:2094A400342F3C12910020FAD9FF5464085F76FC9100202AD9227BD6910020FAD9FF546481
:2094C400085F9640342F910020FAD9FFCAD6DA0134FF910020FAD9FF40A59100202AD92279
:2094E40040A5092FE428C21F89FFA4281D00CE099100202AD9225C64081F342F9100202A1B
:20950400D9225C64082F2C219100202AD9225C64083F2C22910020FAD9FF5C64081F76F706
:20952400910020FAD9FFCAD6DA0034FF910020FAD9FF0CD59100202AD9225C64142F89FF32
:209544009638910020FAD9FF5C6414F0DA645FF01380910020FAD9FFDBE6DA0134FF9100EF
:20956400202AD922DCE6910020FAD9FF5C64082F342F3C07910020FAD9FF0850DA0034FFD8
:20958400910020FAD9FF7CD614FFDF0F2300910020FAD9FF7CD614FFDF1F1C00910020FA21
:2095A400D9FF5C6414F0DA645FF01480910020FAD9FF5C64082F76FD9100202AD9220CD546
:2095C400910020FAD9FF5C64082F9680892F9638910020FAD9FF7CD614FFDF0F8500910085
:2095E40020FAD9FF19279100202AD92219270C2596802CF5910020FAD9FFDAE6DA0134FF66
:20960400910020FAD9FF5C64081F3B0001003E0A910020FAD9FF5C64081F3B1001005F0F34
:209624001B80910020FAD9FF19279100202AD92219270C253BF0F70F260F2CF5910020FA4F
:20964400D9FFDAE6DA0034FF910020FAD9FF0950DA0134FF910020FAD9FF085014FFDF1F8B
:209664002880910020FAD9FF095014FFDF1F2180910020FAD9FF0CD59100202AD9220CD595
:20968400142F8210370F01F234FF910020FAD9FF0850DA0034FF910020FAD9FF0950DA00E7
:2096A40034FF910020FAD9FFD9E6DA0134FF910020FAD9FF1927085F910020FAD9FF07501F
:2096C40014F03E07910020FAD9FFFDC6DA0134FF9100202AD9220750910020FAD9FF1927F9
:2096E400085F342F910020FAD9FF40A59100202AD92240A5092FE828C21F89FFA8281D00DB
:20970400C5089100202AD9224401081F342F9100202AD9224501082F342F9100202AD92247
:209724005601083F342F910020FAD9FF40A59100202AD9225601142F89FF9018910020FA71
:20974400D9FF560114FFDF0F1180910020FAD9FF3E409100202AD9223E40092FC008BBF044
:20976400EF0F260FB4FF3C0E910020FAD9FF3E409100202AD9223E40092FC0088F0F50F181
:20978400B4FF910020FAD9FF440114FFDF1F1D80910020FAD9FF0CD59100202AD9220CD581
:2097A400092FC83882E0260F89FF8838910020FAD9FF3E409100202AD9223E40092FC00839
:2097C4009610B4FF3C1C910020FAD9FF0CD59100202AD9220CD5092FC838960189FF8838A2
:2097E400910020FAD9FF3E409100202AD9223E40092FC008BBF0FE0F260FB4FF910020FAC5
:20980400D9FF450114FFDF1F1D80910020FAD9FF0CD59100202AD9220CD5092FC83882D0D3
:20982400260F89FF8838910020FAD9FF3E409100202AD9223E40092FC0089601B4FF3C1CB0
:20984400910020FAD9FF0CD59100202AD9220CD5092FC838960289FF8838910020FAD9FF4E
:209864003E409100202AD9223E40092FC008BBE0FF0F260FB4FF910020FAD9FF40A5910088
:20988400202AD9223E40092FC00889FF8E18910020FAD9FFD8E614FFDF5F1780910020FAFF
:2098A400D9FF450114FF5E18910020FAD9FF79D6DA0134FF3C07910020FAD9FF79D6DA002E
:2098C40034FF00003C1A910020FAD9FF440114FF5E1E910020FAD9FF450114FF5E189100C1
:2098E40020FAD9FF79D6DA0134FF3C07910020FAD9FF79D6DA0034FF910020FAD9FF40A58B
:209904009100202AD92240A5092FCC18C21F89FF8C181D00BB079100202AD9223EF1081F54
:20992400342F9100202AD9223FF1082F342F9100204AD94426E140F5B03582244044405528
:2099440002446DFF41DC40229100202AD9224001085F342F9100202AD9224101086F342FFF
:20996400910020FAD9FF40A59100202AD9223EF1142F89FFAA28910020FAD9FF40A59100E0
:20998400202AD9223FF1142F89FFAC28910020FAD9FF40A59100202AD92226E1092FC0086A
:2099A40089FFAE28910020FAD9FF44759100202AD92226E1092FC008B4FF910020FAD9FFF6
:2099C40044759100202AD9223EF1142F2CF2910020FAD9FF44759100202AD9223FF1142FDF
:2099E4002CF3910020FAD9FF44759100202AD9224001142F2CF4910020FAD9FF44759100C1
:209A0400202AD9224101142F2CF51D003F079100202AD922D2D6142FDF0F3A809100202AB0
:209A2400D9220050092FC0089100202AD92264824922080A902440FFB02F8244404440F54D
:209A440002446DFFC1DB4022910020FAD9FF00509100202AD9220050092FC008C21FB4FFC5
:209A6400910020FAD9FF005009FFC0083B803E003F0F0E80910020FAD9FF0050DA00B4FF0A
:209A8400910020FAD9FFD2D6DA0134FF00001D00FD069100202AD922D3D6142FDF0F3A80FF
:209AA4009100202AD9220050092FC0089100202AD9224C734922080A902440FFB02F8244D2
:209AC400404440F502446DFF7FDB4022910020FAD9FF02509100202AD9220250092FC0085E
:209AE400C21FB4FF910020FAD9FF025009FFC0083B803E003F0F0E80910020FAD9FF02507F
:209B0400DA00B4FF910020FAD9FFD3D6DA0134FF00001D00BB069100202AD9220CD5081FBE
:209B2400892F94381D00B2069100204AD944648240FFB01F8244404440F502446DFF3ADB76
:209B440040221D00A3069100204AD9444C7340FFB01F8244404440F502446DFF2BDB40225B
:209B64001D0094069100202AD92264824022B04240FFB01F8244402440F502446DFF1ADB06
:209B840040221D0083069100202AD9224C734022B04240FFB01F8244402440F502446DFFB1
:209BA40009DB40221D0072069100202AD9220650081F342F910020FAD9FF065014F0DA64F5
:209BC4003F0F0D80910020FAD9FF0CD59100202AD9220650142F89FFA238910020FAD9FFEE
:209BE400065014F0DA645FF00880910020FAD9FFC0E6DA0834FF00001D0048069100204A4E
:209C0400D94412F140FFB01F8264404440F502446DFFD0DA4022910020FAD9FF520191004E
:209C2400202AD92212F1142F34FF9100202AD9225101910020FAD9FF12F1081F342F910099
:209C440020FAD9FF08F19100202AD92212F1092F020974FF910020FAD9FF510114F0DAF9DA
:209C64007F0F0880910020FAD9FF5101DAF934FF910020FAD9FF520114F0DA013E0CDA0214
:209C84005F0F4D00DA045F0F8D00DA085F0FCC001D000C01910020FAD9FF510114FF91006D
:209CA40020FAD9FF3CF090FF9100202AD92208F1542F74FF910020FAD9FF24409100202A6C
:209CC400D9222440542F9100202AD92208F15420420F74FF910020FAD9FF34409100202AC5
:209CE400D9223440092FC008C21FB4FF910020FAD9FF344009F0C008DAFA3FF00D80910084
:209D040020FAD9FF04509100202AD9220450142F960134FF00001D00CB00910020FAD9FF57
:209D2400510114FF910020FAD9FF64F090FF9100202AD92208F1542F74FF910020FAD9FF0C
:209D440028409100202AD9222840542F9100202AD92208F15420420F74FF910020FAD9FF4C
:209D640036409100202AD9223640092FC008C21FB4FF910020FAD9FF364009F0C008DAFAFB
:209D84003FF00D80910020FAD9FF04509100202AD9220450142F960234FF00001D0088004F
:209DA400910020FAD9FF510114FF910020FAD9FF8CF090FF9100202AD92208F1542F74FF64
:209DC400910020FAD9FF2C409100202AD9222C40542F9100202AD92208F15420420F74FFC4
:209DE400910020FAD9FF38409100202AD9223840092FC008C21FB4FF910020FAD9FF384087
:209E040009F0C008DAFA3FF00D80910020FAD9FF04509100202AD9220450142F960434FFDC
:209E240000003C45910020FAD9FF510114FF910020FAD9FFF4E090FF9100202AD92208F100
:209E4400542F74FF910020FAD9FF30409100202AD9223040542F9100202AD92208F1542009
:209E6400420F74FF910020FAD9FF3A409100202AD9223A40092FC008C21FB4FF910020FA8E
:209E8400D9FF3A4009F0C008DAFA3FF00D80910020FAD9FF04509100202AD9220450142FD7
:209EA400960834FF00003C0300003C01910020FAD9FFD8E614FFDF5F1280910020FAD9FFAA
:209EC400045014F0DA0C5FF00880910020FAD9FFD1D6DA0134FF00003C0F910020FAD9FF63
:209EE400045014F0DA0F5FF00880910020FAD9FFD1D6DA0134FF00001D00C8049100204A2A
:209F0400D944647540FFB01F8264404440F502446DFF5AD940221D00B9049100202AD922A3
:209F240064754022B06240FFB01F8264402440F502446DFF49D940221D00A8049100202A69
:209F4400D922647549240C0A40FFB01F8264404440F502446DFF38D940221D00970491008B
:209F6400202AD92264754924120A40FFB01F8264404440F502446DFF27D940221D008604CE
:209F84009100202AD92264754924180A40FFB01F8264404440F502446DFF16D940221D00B2
:209FA40075049100202AD922647549241E0A40FFB01F8264404440F502446DFF05D9402241
:209FC4001D0064049100202AD92264754924240A40FFB01F8264404440F502446DFFF4D883
:209FE40040221D0053049100202AD922647549242A0A40FFB01F8264404440F502446DFFD8
:20A00400E3D840221D0042049100202AD92264754924300A40FFB01F8264404440F5024473
:20A024006DFFD2D840221D0031049100202AD92264754924360A40FFB01F8264404440F549
:20A0440002446DFFC1D840221D0020049100202AD922647549243C0A40FFB01F8264404434
:20A0640040F502446DFFB0D840221D000F049100202AD92264754924021A40FFB01F8264AF
:20A08400404440F502446DFF9FD840221D00FE039100202AD92264754924081A40FFB01F0E
:20A0A4008264404440F502446DFF8ED840221D00ED039100202AD922647549240E1A40FFF3
:20A0C400B01F8264404440F502446DFF7DD840221D00DC039100202AD92264754924141A5F
:20A0E40040FFB01F8264404440F502446DFF6CD840221D00CB039100202AD9226475492450
:20A104001A1A40FFB01F8264404440F502446DFF5BD840221D00BA039100202AD92264758A
:20A124004924201A40FFB01F8264404440F502446DFF4AD840221D00A9039100202AD922F2
:20A1440064754924261A40FFB01F8264404440F502446DFF39D840221D0098039100202A10
:20A16400D922647549242C1A40FFB01F8264404440F502446DFF28D840221D00870391005B
:20A18400202AD92264754924321A40FFB01F8264404440F502446DFF0DD840221D007603A8
:20A1A4009100202AD92264754924381A40FFB01F8264404440F502446DFF06D840221D0071
:20A1C40065039100202AD922647549243E1A40FFB01F8264404440F502446DFFF5D7402212
:20A1E4001D0054039100202AD92264754924042A40FFB01F8264404440F502446DFFE4D783
:20A2040040221D0043039100202AD922647549240A2A40FFB01F8264404440F502446DFFC6
:20A22400D3D740221D0032039100204AD94458E540FFB01F8224404440F502446DFFC4D7AD
:20A244004022910020FAD9FF0CD59100202AD9220CD50C268210370F81F32CF61D001603A7
:20A26400910020FAD9FF7C6514F0DA9E3E04DA9F3E093C0F910020FAD9FFF3D6DA0134FF53
:20A284003C0A910020FAD9FFF4D6DA0134FF3C0300003C0100001D00F9029100204AD9446D
:20A2A4002EE140F5B01582244044405502446DFF8BD740229100204AD9444C0140FFB03FC9
:20A2C4008254404440F502446DFF7ED74022910020FAD9FF24E19100202AD9222EE1092FDD
:20A2E400C008B4FF910020FAD9FF30F09100202AD9225C94F4F2910020FAD9FF24E109FF00
:20A30400C008F6F7910020FAD9FF5401DA0034FF910020FAD9FF20E19100202AD92224E140
:20A32400092FC008B4FF910020FAD9FF22E1DA00B4FF3C46910020FAD9FF30F0D4FF9100CA
:20A34400202AD92220E1092FC00810FF9100202AD92222E1092FC0089100202AD9224C01A8
:20A364001022142F34FF910020FAD9FF540114F0DA783FF003803C2C910020FAD9FF20E165
:20A384009100202AD92220E1092FC008C21FB4FF910020FAD9FF22E19100202AD92222E1EF
:20A3A400092FC008C21FB4FF910020FAD9FF54019100202AD9225401142FC21F34FF91001A
:20A3C40020FAD9FF22E109FFC008BF5FB5FF910020FAD9FF540114F0DA783FF00E80910066
:20A3E40020FAD9FFF5D6DA0134FF910020FAD9FF0850DA0134FF910020FAD9FF085014FFB7
:20A40400DF1F2880910020FAD9FF095014FFDF1F2180910020FAD9FF0CD59100202AD922CA
:20A424000CD5142F8210370F01F234FF910020FAD9FF0850DA0034FF910020FAD9FF095032
:20A44400DA0034FF910020FAD9FFD9E6DA0134FF00001D001B029100204AD9442CE140F507
:20A46400B01582244044405502446DFFADD640229100204AD944470140FFB03F82544044D5
:20A4840040F502446DFFA0D64022910020FAD9FF7C6514F0DAA65FF07880910020FAD9FF47
:20A4A4003CE19100202AD9227C65092FC4089100202AD9227EC65420420F74FF910020FAC3
:20A4C400D9FF22E1DA00B4FF3C43910020FAD9FF4022D4FF9100202AD9223CE1542F10FF54
:20A4E4009100202AD92222E1092FC00810FF9100202AD92222E1092FC0089100202AD922C1
:20A5040047011022142F34FF910020FAD9FF7EC654FFBB40010E9B1000003F0F03803C204B
:20A52400910020FAD9FF22E19100202AD92222E1092FC008C21FB4FF910020FAD9FF7EC65D
:20A544009100202AD9227EC6542FC21F74FF910020FAD9FF22E109FFC008BF5FB8FF91004A
:20A5640020FAD9FF7EC654FFBB40010E9B1000003F0F0880910020FAD9FFF7D6DA0134FF65
:20A5840000001D007F01910020FAD9FF7C6514F0DAA55FF0A580910020FAD9FF2CE109FF27
:20A5A400C008910020FAD9FF7C6509F0C2087F0F9480910020FAD9FF1EE19100202AD922AE
:20A5C4002CE1092FC0089100202AD9227C650920C408420FB4FF910020FAD9FF1EE109FF30
:20A5E400C008910020FAD9FF7C6509F0C4087E07910020FAD9FF7C65DA00ACF3910020FA59
:20A60400D9FF20E19100202AD9221EE1092FC008B4FF910020FAD9FF22E1DA00B4FF3C4D39
:20A62400910020FAD9FF4022D4FF9100202AD92220E1092FC00810FF9100202AD92222E19F
:20A64400092FC0089100202AD92247011022142F34FF910020FAD9FF7C659100202AD922F6
:20A664007C65092FC608C21FACF3910020FAD9FF7C6509FFC608910020FAD9FF7C6509F0D8
:20A68400C2083F0F03803C28910020FAD9FF20E19100202AD92220E1092FC008C21FB4FFC8
:20A6A400910020FAD9FF22E19100202AD92222E1092FC008C21FB4FF910020FAD9FF20E11F
:20A6C40009FFC008910020FAD9FF1EE109F0C008C2403F0FA77F00001D00A200910020FA83
:20A6E400D9FF2CE109FFC008910020FAD9FF7C6509F0C2087F0F9480910020FAD9FF1EE156
:20A704009100202AD9222CE1092FC0089100202AD9227C650920C408420FB4FF910020FAF7
:20A72400D9FF1EE109FFC008910020FAD9FF7C6509F0C4087E07910020FAD9FF7C65DA0082
:20A74400ACF3910020FAD9FF20E19100202AD9221EE1092FC008B4FF910020FAD9FF22E1C4
:20A76400DA00B4FF3C4D910020FAD9FF4022D4FF9100202AD92220E1092FC00810FF910090
:20A78400202AD92222E1092FC0089100202AD92247011022142F34FF910020FAD9FF7C6543
:20A7A4009100202AD9227C65092FC608C21FACF3910020FAD9FF7C6509FFC608910020FA73
:20A7C400D9FF7C6509F0C2083F0F03803C28910020FAD9FF20E19100202AD92220E1092F31
:20A7E400C008C21FB4FF910020FAD9FF22E19100202AD92222E1092FC008C21FB4FF910075
:20A8040020FAD9FF20E109FFC008910020FAD9FF1EE109F0C008C2503F0FA77F910020FAFD
:20A82400D9FF7C6509FFC608910020FAD9FF7C6509F0C2083F0F2680910020FAD9FF7C6506
:20A8440014F0DA9E3E07DA9F3E0CDAA55F0F11003C16910020FAD9FFF3D6DA0134FF3C1179
:20A86400910020FAD9FFF4D6DA0134FF3C0A910020FAD9FFF6D6DA0134FF3C0300003C015A
:0AA8840000003C0300003C010090BE
:20A89000910020FAD9FF4022D4FFD9F450C2DA203B007152404402F402556DFFABD44022FB
:02A8B000009016
:20A8B400910020FAD9FF5AE59100202AD9223CF0192F24F059FF24F0910020FAD9FF82E50E
:20A8D4009100202AD92264F0192F24F059FF24F0910020FAD9FFEAD59100202AD9228CF0DE
:20A8F400192F24F059FF24F0910020FAD9FF12D69100202AD922F4E0192F24F059FF24F09F
:20A91400910020FAD9FF1CE1DAF8B4FF1D009D00910020FAD9FF1CE194FF910020FAD9FFCE
:20A934005AE590FF9100202AD9221CE1942FA04290229100204AD9445AE53042542091003D
:20A95400202AD9221CE1942F9100202AD9223CF09022542F42F074F0910020FAD9FF1CE191
:20A9740094FF910020FAD9FF82E590FF9100202AD9221CE1942FA04290229100204AD94475
:20A9940082E5304254209100202AD9221CE1942F9100202AD92264F09022542F42F074F0CB
:20A9B400910020FAD9FF1CE194FF910020FAD9FFEAD590FF9100202AD9221CE1942FA04227
:20A9D40090229100204AD944EAD5304254209100202AD9221CE1942F9100202AD9228CF00C
:20A9F4009022542F42F074F0910020FAD9FF1CE194FF910020FAD9FF12D690FF9100202A90
:20AA1400D9221CE1942FA04290229100204AD94412D6304254209100202AD9221CE1942F57
:20AA34009100202AD922F4E09022542F42F074F0910020FAD9FF1CE19100202AD9221CE13A
:20AA5400942FC2FFB4FF910020FAD9FF1CE194FFFF0F607F910020FAD9FF2440DA0074FF77
:20AA7400910020FAD9FF2840DA0074FF910020FAD9FF2C40DA0074FF910020FAD9FF30405B
:20AA9400DA0074FF910020FAD9FF3440DA00B4FF910020FAD9FF3640DA00B4FF910020FAA0
:20AAB400D9FF3840DA00B4FF910020FAD9FF3A40DA00B4FF910020FAD9FF0450DA0034FF37
:0EAAD400910020FAD9FFC0E6DA1034FF00909E
:1EAAE400910020FAD9FF4022D4F4DA203B007152404402F402556DFF83D3402200902A
:20AB0400404F9100202AD922571114FF342F9100202AD92257111420DA005F0F1F00DA013A
:20AB24005F0F7B00DA035F0FA700DA045F0FCA00DA055F0FEF00DA065F0F1401DA075F0F32
:20AB44003901DA465F0F8F01DA475F0F4702DA485F0FB4051D0090069100204AD94456D681
:20AB640040F5B01582244044405502446DFF2CD34022910020FAD9FFC4D6DA0134FF910049
:20AB840020FAD9FF40A59100202AD92240A5092FE038C21F89FFA038910020FAD9FF56D6DF
:20ABA40009FFC008DF0F3600910020FAD9FFFED6DA0134FF910020FAD9FFFDD614FFDF1FD1
:20ABC4002980910020FAD9FF0CD59100202AD9220CD50C228210370F81F12CF2910020FA6C
:20ABE400D9FF0CD59100202AD9220CD50C228200370F81F22CF2910020FAD9FFFDD6DA002A
:20AC040034FF910020FAD9FF40A5DAFF89FFA83800001D0033069100204AD944580140F558
:20AC2400B01582244044405502446DFFCDD240229100202AD9225801083F2C229100202A3A
:20AC4400D9225801084F2C239100204AD944580140446D00212B910020FAD9FF40A591004F
:20AC6400202AD92240A5092FE238C21F89FFA2381D0004069100204AD9446C0140FFB01F57
:20AC84008274404440F502446DFF9ED24022910020FAD9FF0E509100202AD9220E50142F25
:20ACA400960134FF910020FAD9FF0C509100202AD9220C50092FC008C21FB4FF1D00DE0521
:20ACC4009100202AD9226C014022B07240FFB01F8274402440F502446DFF76D2402291001F
:20ACE40020FAD9FF0E509100202AD9220E50142F960234FF910020FAD9FF0C509100202A04
:20AD0400D9220C50092FC008C21FB4FF1D00B6059100202AD9226C0149240E0A40FFB01F96
:20AD24008274404440F502446DFF4ED24022910020FAD9FF0E509100202AD9220E50142FD4
:20AD4400960434FF910020FAD9FF0C509100202AD9220C50092FC008C21FB4FF1D008E05CD
:20AD64009100202AD9226C014924150A40FFB01F8274404440F502446DFF26D240229100A6
:20AD840020FAD9FF0E509100202AD9220E50142F960834FF910020FAD9FF0C509100202A5D
:20ADA400D9220C50092FC008C21FB4FF1D0066059100202AD9226C0149241C0A40FFB01F38
:20ADC4008254404440F502446DFFFED14022910020FAD9FF0E509100202AD9220E50142FA5
:20ADE400961034FF910020FAD9FF0C509100202AD9220C50092FC008C21FB4FF910020FA26
:20AE0400D9FF0E5014F0DA1F5FF01A80910020FAD9FFC1D6DA0134FF910020FAD9FF0E5009
:20AE2400DA0034FF910020FAD9FF40A59100202AD9220C50092FC00889FF9A38910020FA62
:20AE4400D9FF002049F4141A9100205AD9556C01DA1C4044405502F46DFFB6D140221D006E
:20AE64000D059100202AD9220CD5081F892F8C389100202AD9220CD5082F892F8E38910065
:20AE8400202AD9220CD5083F892F9038910020FAD9FF0CD5DA0089FF9238910020FAD9FFAE
:20AEA40064650820DA105F0F2200DA205F0F1F00DA403E08DA645F0F5400DA805F0F340040
:20AEC4003C6C910020FAD9FF0CD59100202AD9220CD50C268210370F01F12CF6910020FAE2
:20AEE400D9FF6465DA012CF13C75910020FAD9FF0CD59100202AD9220CD50C268210370FDF
:20AF040081F02CF6910020FAD9FF0CD509FFD038FF2F0880910020FAD9FF6465DA0134FF16
:20AF240000003C58910020FAD9FF0CD59100202AD9220CD50C268210370F01F22CF69100AE
:20AF440020FAD9FF0CD509FFD038FF2F0880910020FAD9FF6465DA0134FF00003C3B9100F2
:20AF640020FAD9FF0CD59100202AD9220CD50C268210370F81F22CF6910020FAD9FF0CD540
:20AF840009FFD038FF2F0880910020FAD9FF6465DA0134FF00003C1E910020FAD9FF0CD5CF
:20AFA4009100202AD9220CD50C268210370F01F02CF6910020FAD9FF0CD509FFD038FF2F17
:20AFC4000880910020FAD9FF6465DA0134FF00003C0100001D0052049100204AD94468015A
:20AFE40040F5B01582244044405502446DFFECD040229100204AD9444D1140FFB03F82544A
:20B00400404440F502446DFFDFD04022910020FAD9FF680109FFC008910020FAD9FF6465A8
:20B0240009F0CA087F0FBF80910020FAD9FF5C019100202AD9226801092FC0089100202A7A
:20B04400D92264650920CE08420FB4FF910020FAD9FF5C0109FFC008910020FAD9FF646529
:20B0640009F0CE087E07910020FAD9FF6465DA00ACF9910020FAD9FF60019100202AD922F3
:20B084005C01092FC008B4FF910020FAD9FF6401DA00B4FF3C78910020FAD9FF64650830EF
:20B0A400DAB53E0ADABE3E08DABF3E06DAC03E04DAC13E023C1B910020FAD9FF7C12D4FF08
:20B0C4009100202AD9226001092FC00810FF9100202AD9226401092FC0089100202AD92215
:20B0E4004D111022142F34FF3C1B910020FAD9FF7812D4FF9100202AD9226001092FC008D8
:20B1040010FF9100202AD9226401092FC0089100202AD9224D111022142F34FF3C01910037
:20B1240020FAD9FF64659100202AD9226465092FD208C21FACF9910020FAD9FF646509FFC5
:20B14400D208910020FAD9FF646509F0CA083F0F03803C28910020FAD9FF60019100202A06
:20B16400D9226001092FC008C21FB4FF910020FAD9FF64019100202AD9226401092FC008B8
:20B18400C21FB4FF910020FAD9FF600109FFC008910020FAD9FF5C0109F0C008C2503F0F62
:20B1A4007C7F910020FAD9FF646509FFD208910020FAD9FF646509F0CA083F0F7C8291006E
:20B1C40020FAD9FF6465082F3B0004005F0F15809100202AD9220CD5910020FAD9FF646534
:20B1E400083F892F9238910020FAD9FF6465DA012CF11D006002910020FAD9FF646508303B
:20B20400DAAA5F0F3A00DAAB5F0F5A00DAAC5F0FB400DAAD5F0FD400DAAE5F0FF400DAAFCD
:20B224005F0F1401DAB45F0F1A01DAB55F0F4101DAB65F0F4701DAB75F0F6601DAB95F0F84
:20B244006C01DABC5F0F7201DABD5F0F8B01DABE5F0F9001DABF5F0FAF01DAC05F0FCD0151
:20B26400DAC15F0FF501DAC45F0FFA01DAC55F0F18021D001E02910020FAD9FF0CD5DAAA78
:20B2840089FF9238910020FAD9FF6465DAAB2CF3910020FAD9FF64653B6041F1ACF591001D
:20B2A40020FAD9FF64653B6041F1ACF7910020FAD9FF6465DA0134FF1D00FD01910020FA3F
:20B2C400D9FF0CD5DAAB89FF9238910020FAD9FF6465082F82105FF0090082205FF0080074
:20B2E40082405FF01F003C3800003C43910020FAD9FF6465DAB62CF3910020FAD9FF6465E0
:20B30400DA90ACF5910020FAD9FF6465BB9073FFACF7910020FAD9FF6465DA0134FF3C29B3
:20B32400910020FAD9FF6465DAAC2CF3910020FAD9FF64653B6041F1ACF5910020FAD9FFDB
:20B3440064653BC082F2ACF7910020FAD9FF6465DA0134FF3C0E910020FAD9FF6465DA0044
:20B36400ACF7910020FAD9FF6465DA0034FF3C0100001D00A001910020FAD9FF0CD5DAACE8
:20B3840089FF9238910020FAD9FF6465DAAD2CF3910020FAD9FF64653B6041F1ACF591001A
:20B3A40020FAD9FF64653B20C4F3ACF7910020FAD9FF6465DA0134FF1D007D01910020FA79
:20B3C400D9FF0CD5DAAD89FF9238910020FAD9FF6465DAAE2CF3910020FAD9FF64653B60FD
:20B3E40041F1ACF5910020FAD9FF64653B8005F5ACF7910020FAD9FF6465DA0134FF1D005B
:20B404005A01910020FAD9FF0CD5DAAE89FF9238910020FAD9FF6465DAAF2CF3910020FAF0
:20B42400D9FF64653B6041F1ACF5910020FAD9FF64653BE046F6ACF7910020FAD9FF646567
:20B44400DA0134FF1D003701910020FAD9FF0CD5DAAF89FF92381D002E01910020FAD9FF77
:20B464000CD5DAB489FF9238910020FAD9FFC2E614FFDF0F1B00910020FAD9FF6465DAB5E5
:20B484002CF3910020FAD9FF6465BB8073FFACF5910020FAD9FF6465DA00ACF7910020FA7B
:20B4A400D9FF6465DA0134FF00001D000401910020FAD9FF0CD5DAB589FF92381D00FB005A
:20B4C400910020FAD9FF0CD5DAB689FF9238910020FAD9FF6465DAB72CF3910020FAD9FFA3
:20B4E4006465DA90ACF5910020FAD9FF6465BB907CFFACF7910020FAD9FF6465DA0134FF65
:20B504001D00D900910020FAD9FF0CD5DAB789FF92381D00D000910020FAD9FF0CD5DAB906
:20B5240089FF92381D00C700910020FAD9FF6465DABD2CF3910020FAD9FF64653BC025F073
:20B54400ACF5910020FAD9FF6465BB50C4FFACF7910020FAD9FF6465DA0134FF1D00AB0067
:20B56400910020FAD9FFFDD6DA0134FF1D00A300910020FAD9FF0CD5DABE89FF92389100C4
:20B5840020FAD9FF6465DAC02CF3910020FAD9FF6465DAB0ACF5910020FAD9FF6465BB9025
:20B5A40081FFACF7910020FAD9FF6465DA0134FF1D008100910020FAD9FF0CD5DABF89FFE7
:20B5C4009238910020FAD9FF6465DAC12CF3910020FAD9FF6465DAB0ACF5910020FAD9FF9D
:20B5E4006465BB908CFFACF7910020FAD9FF6465DA0134FF3C5F910020FAD9FF0CD5DAC012
:20B6040089FF9238910020FAD9FF6465082F3B4006005F0F1B80910020FAD9FF6465DAC1E0
:20B624002CF3910020FAD9FF6465DAB0ACF5910020FAD9FF6465BB908CFFACF7910020FA00
:20B64400D9FF6465DA0134FF00003C34910020FAD9FF0CD5DAC189FF92383C2C910020FA63
:20B66400D9FF0CD5DAC489FF9238910020FAD9FF6465DAC52CF3910020FAD9FF6465DA8C61
:20B68400ACF5910020FAD9FF6465BBD0F2FFACF7910020FAD9FF6465DA0134FF3C0B910068
:20B6A40020FAD9FF0CD5DAC589FF92383C0300003C0100001D00E2009100204AD9446A01C4
:20B6C40040F5B01582244044405502446DFF7CCD40229100204AD944521140FFB03F8254D1
:20B6E400404440F502446DFF6FCD4022910020FAD9FF6A0109FFC008910020FAD9FF646533
:20B7040009F0CC087F0F9480910020FAD9FF5E019100202AD9226A01092FC0089100202AB8
:20B72400D92264650920D008420FB4FF910020FAD9FF5E0109FFC008910020FAD9FF64653E
:20B7440009F0D0087E07910020FAD9FF6465DA00ACFA910020FAD9FF62019100202AD92207
:20B764005E01092FC008B4FF910020FAD9FF6601DA00B4FF3C4D910020FAD9FF7812D4FFD3
:20B784009100202AD9226201092FC00810FF9100202AD9226601092FC0089100202AD9224A
:20B7A40052111022142F34FF910020FAD9FF64659100202AD9226465092FD408C21FACFAF4
:20B7C400910020FAD9FF646509FFD408910020FAD9FF646509F0CC083F0F03803C28910056
:20B7E40020FAD9FF62019100202AD9226201092FC008C21FB4FF910020FAD9FF66019100A8
:20B80400202AD9226601092FC008C21FB4FF910020FAD9FF620109FFC008910020FAD9FFAB
:20B824005E0109F0C008C2503F0FA77F910020FAD9FF646509FFD408910020FAD9FF6465E2
:20B8440009F0CC083F0F1680910020FAD9FF6465084F3B800B005FF007003BA00B005FF03F
:1AB8640005003C0500003C0500003C0300003C0100003C0300003C010090BB
:20B88000910020FAD9FF45219100202AD9224421142F34FF910020FAD9FF44219100202A4B
:20B8A000D9224421142FC21F160134FF910020FAD9FF452114F202223C0100900244910003
:20B8C00020FAD9FF462134F4910020FAD9FF462114F49100204AD9447011024440446DFF26
:20B8E000CBBB910020FAD9FF462114F402446DFF03C1910020FAD9FF462114F0DA005F0F24
:20B900009A01DA025F0FED01DA045F0FBF01DA065F0F1C00DA075F0F4100DA085F0F2D01D0
:20B92000DA095F0F5901DA0A5F0FB600DA0B5F0F8900DA0C5F0F5C00DA0D5F0FD700DA0EB4
:20B940005F0FFE001D00F801910020FAD9FF442114FF534F23F0910020FAD9FF5C7410F45E
:20B96000910020FAD9FF701149F50A0ADA084044405502F46DFF2ACC4022910020FAD9FF39
:20B9800040A59100202AD92240A5092FE218C21F89FFA2181D00D201910020FAD9FF4421DA
:20B9A00014FF534F23F0910020FAD9FF5C7410FF49F4180A910020FAD9FF701149F50A0AA8
:20B9C000DA084044405502F46DFF00CC4022910020FAD9FF40A59100202AD92240A5092F81
:20B9E000E418C21F89FFA4181D00A801910020FAD9FF442114FF534F23F0910020FAD9FF2D
:20BA00005C7410FF49F4280A910020FAD9FF701149F50A0ADA084044405502F46DFFD6CB84
:20BA20004022910020FAD9FF40A59100202AD92240A5092FE438C21F89FFA4381D007E014C
:20BA4000910020FAD9FF442114FF534F23F0910020FAD9FF5C7410FF49F4200A910020FAC2
:20BA6000D9FF701149F50A0ADA084044405502F46DFFACCB4022910020FAD9FF40A59100EC
:20BA8000202AD92240A5092FD238C21F89FF92381D005401910020FAD9FF442114FF534FF8
:20BAA00023F0910020FAD9FF5C7410FF49F4300A910020FAD9FF701149F50A0A82444044FA
:20BAC000405502446DFF82CB4022910020FAD9FF40A59100202AD92240A5092FF228C21F1A
:20BAE00089FFB2281D002A01910020FAD9FF442114FF534F23F0910020FAD9FF5C7410FF8A
:20BB000049F4080A910020FAD9FF701149F50A0ADA084044405502F46DFF58CB402291000D
:20BB200020FAD9FF40A59100202AD92240A5092FE638C21F89FFA6381D000001910020FA0D
:20BB4000D9FF442114FF534F23F0910020FAD9FF5C7410FF49F4100A910020FAD9FF701123
:20BB600049F50A0ADA084044405502F46DFF2ECB40221D00E300910020FAD9FF71D614FFDE
:20BB8000DF1F27809100204AD9447454910020FAD9FF701149F50A0ADA084044405502F4D9
:20BBA0006DFF14CB40229100204AD944745440446D00627A910020FAD9FF40A59100202AE8
:20BBC000D92240A5092FFA18C21F89FFBA1800001D00B400910020FAD9FF71D614FFDF1F54
:20BBE00027809100204AD9447C54910020FAD9FF701149F50A0ADA084044405502F46DFF03
:20BC0000E5CA40229100204AD9447C5440446D00CF7A910020FAD9FF40A59100202AD922B3
:20BC200040A5092FFC18C21F89FFBC1800001D0085009100204AD9445811910020FAD9FFF0
:20BC4000701149F50A0ADA084044405502F46DFFBDCA40229100204AD944581140446DFF5A
:20BC6000F3E7910020FAD9FFD2E614FFF6F7910020FAD9FFCCD6DA0134FF910020FAD9FFF9
:20BC8000D5E6DA0134FF3C599100204AD9446811910020FAD9FF701149F50A0ADA084044F9
:20BCA000405502F46DFF92CA40229100204AD944681140446DFF28F7910020FAD9FFD4E6F2
:20BCC00014FFF6F7910020FAD9FFCED6DA0134FF910020FAD9FFD7E6DA0134FF3C2E9100E6
:20BCE000204AD9446011910020FAD9FF701149F50A0ADA084044405502F46DFF67CA402206
:20BD00009100204AD944601140446DFF13E4910020FAD9FFD3E614FFF6F7910020FAD9FFF4
:1ABD2000CDD6DA0134FF910020FAD9FFD6E6DA0134FF3C0300003C010090FF
:20BD3C0040444055910020FAD9FFB481F4F4910020FAD9FFB081F4F5910020FAD9FF84C1C9
:20BD5C00DA00B4FF910020FAD9FF80C19100202AD9223C60542F8B0F09F074FF910020FAD0
:20BD7C00D9FF86C19100202AD9223C60D422092FC8081601B4FF910020FAD9FF88C19100F1
:20BD9C00202AD9223C60D422092FC808B4FF910020FAD9FF8AC19100202AD9223C60D422BF
:20BDBC00092FCA08B4FF910020FAD9FF3C60D4FF09FFC8082E04DA3202FF3C03DA0002FF87
:1EBDDC00F6F600006DFF04D1022F02FFF6F600006DFFE0DD022F02FF02F23C010090E2
:20BDFC0040440248404CA00F01F410F482005F0F1900910020FAD9FF3C60D4FF49FF102AA8
:20BE1C0001F420F080F48225024402556DFF24CA022F910020FAD9FF8CC110FF40FF3C0262
:20BE3C00A00F40FF02883258370868F002FF3C0914C034F040FFB01F40FF40CCB02C40CCCE
:12BE5C0002F0C21F370F68F002FFDF00F3FF0000009001
:20BE700040440248404CA00F01F410F482005F0F1900910020FAD9FF3C60D4FF49FF102A33
:20BE900001F420F080F48225024402556DFFEAC9022F910020FAD9FF8CC110FF40FF3C0229
:20BEB000A00F40FF02883258370868F002FF3C0914F0B4C040FFB01F40FF40CCB02C40CCDA
:12BED00002F0C21F370F68F002FFDF00F3FF000000908D
:20BEE4004044910020FAD9FF84C109FFC0083B805B007F0F13003B805BF0910020FAD9FFE2
:20BF040084C109F0C008A20FB44F910020FAD9FF80C1D4F240223C06DA00B44FA002402254
:20BF24003C01009020D085FF2000BBE0FF0F9BF0FF0F260F02F46D007F0AC5FF8001DA0812
:20BF440074FF3C0185FF80016F1FFEFFC5FF8C013BF03FF474FF85FF2000960102F46D00DD
:20BF64006B0AC5FF88117B0002F074FFC5FF8C11DA0074FFC5FF90117B0002F074FFC5FF54
:20BF84009411DA0074FFC5FF98117B0002F074FFC5FF9C11DA0074FFC5FFA0117B0002F0BE
:20BFA40074FFC5FFA411DA0074FFC5FFA8117B0002F074FFC5FFAC11DA0074FFC5FFB01194
:20BFC4007B0002F074FFC5FFB411DA0074FFC5FF8411DA0074FFC5FFB811DA0074FFC5FF63
:20BFE4008021DA0074FFC5FF8C21DA0074FFC5FF8421DA0074FFC5FF8821DA0074FFC5FF5D
:20C004009021DA0074FFC5FF9C21DA0074FFC5FF9421DA0074FFC5FF9821DA0074FFC5FFFC
:20C02400A021DA0074FFC5FFAC21DA0074FFC5FFA421DA0074FFC5FFA821DA0074FFC5FF9C
:20C04400B021DA0074FFC5FFBC21DA0074FFC5FFB421DA0074FFC5FFB821DA0074FFC5FF3C
:20C064008031DA0074FFC5FF8431DA0074FFC5FF8C31DA0074FFC5FF9031DA0074FFC5FF94
:20C084008831DA0074FFC5FF9431DA0074FFC5FF9831BBF0FFFF74FFC5FFA031DA8074FFB5
:20C0A400C5FFA431BBB0A4FD9BEF0FF074FFC5FFA831BBB0A4FD9BEF0FF074FFC5FFB03191
:20C0C400DA0074FFC5FFB431DA0074FFC5FFB831DA0074FFC5FFB001DA0074FFC5FF849184
:20C0E400DA0074FFC5FF80913B3050F074FFC5FFA4A1DA0074FFC5FFA0A13B8041F074FF42
:20C10400C5FF84B1DA0074FFC5FF80B13B8041F074FFC5FFA4B1DA0074FFC5FFA0B13B804B
:20C1240041F074FFC5FFACC1DA0074FFC5FFA8C13B8041F074FFC5FF84D1DA0074FFC5FF23
:20C1440080D13B8042F074FFC5FFBCF1DA0074FFC5FFB8F1DA0074FFC5FFD8C085FFD8C03A
:20C16400BBF0F00F9BF0FF0F260F962074FFC5FFDCC085FFDCC0BBF0F00F9BF0FF0F260F22
:20C18400962074FFC5FF100185FF1001BBF0F00F9BF0FF0F260F962074FFC5FF140185FF0A
:20C1A4001401BBF0F00F9BF0FF0F260F962074FFC5FF1C0185FF1C01BBF0FF009BF0FF0F00
:20C1C400260F3B000002A60F74FFC5FF500185FF5001BBF0F00F9BF0FF0F260F962074FF36
:20C1E400C5FFE8F13B6000F174FFC5FFD0E13BA000F174FFC5FFCCE13BB000F174FFC5FF67
:20C20400C8E13BC000F174FFC5FFC0E13BD000F174FFC5FFFCD13B9000F174FFC5FFC0C139
:20C22400DA0074FFC5FFC4C1DA0074FFC5FFC8C1DA0074FFC5FFCCC1DA0074FFBB0004F42C
:20C244009B0F04F474AFBB0004F49B0F04F47801BB0004F49B0F04F47802BB0004F49B0F1B
:20C2640004F47803BB0004F49B0F04F47804BB0004F49B0F04F47805BB0004F49B0F04F44F
:20C284007806BB0004F49B0F04F47807BB0003F39B0F03F37808BB0003F39B0F03F37809A5
:20C2A400BB000BF39B0F03F3780ABB0003F39B0F03F3780BBB0003F39B0F03F3780CBB40FB
:20C2C40008F39B0F03F3780DBB0008F39B0F03F3780EBB4008F39B0F03F3780FBB0003F390
:20C2E4009B0F03F37810BB0053F99B0F03F37811BB0009F39B0F03F37812BB0003F39B0FA6
:20C3040003F37813BB0003F39B0F03F37814BB0003F39B0F03F37815BB0003F39B0F03F38C
:20C324007816BB0003F39B0F03F37817DA007818DA007819DA00781ADA00781BDA00781C6F
:20C34400DA00781DDA00781EDA00781FDA007820DA007821DA007822DA007823DA00782445
:20C36400DA007825DA007826DA007827DA007828DA007829DA00782ADA00782BDA00782CE5
:20C38400DA00782DDA00782EDA00782FDA007830DA007831DA007832DA007833C5FFB8018E
:20C3A400C5F2B801142F8200370F01F034FF3C01C5FFB80114FF370F61F0DF0FFBFFC5FFCA
:20C3C400B801C5F2B801142F8210370F81F034FF82003C09C5FFBC01DA33A20F90A2542FB6
:20C3E40074FFC210DA343FF0F7FFC5FFB801C5F2B801142F8210370F01F034FFC5FFC00110
:20C40400C5F2C001142F8210370F01F034FFC5FFC001C5F2C001142F8210370F81F034FFA5
:20C42400C5FFC101C5F2C101142F8210370F01F034FF00900D000002C5FFA60114FF370F57
:1AC4440061F276F8C5FFA0017B0001F074FF6DFF5FCA0D0040020000008075
:20C460000D000002C5FFA70114FF370F61F076F8C5FFA0017B0010F074FF6D00F3990D00D0
:06C48000400200000080F4
:20C488000D000002C5FFA70114FF370F61F276F8C5FFA0017B0000F174FF6D00CF970D00DB
:06C4A800400200000080CC
:20C4B0000D000002C5FFAC0114FF370FE1F276F7C5FFA801DA2074FF6D0058110D00400254
:20C4D000000000800D000002C5FFAD0114FF370F61F076F8C5FFA8013B0010F074FF6D00AB
:0AC4F000DF810D0040020000008013
:20C4FC000D000002C5FF90013B0000F274FF910020FAD9FF40A5910020CAD9CC40A509CFD7
:20C51C00C008C21FB4FF910020FAD9FF4821DA0034FF3C24910020FAD9FF482114FF9100BA
:20C53C0020FAD9FF5AD650FF910020CAD9CC482114CF910020CAD9CC5AD650CC09CFC008F6
:20C55C00C21FB4FF910020FAD9FF4821910020CAD9CC482114CFC21F34FF910020FAD9FF3C
:20C57C00482114FFBFAFD8FF0D004002000000800244DA0C5F4F2900DA205F4F2200DA2147
:20C59C005F4F2500DA315F4F1A00DA325F4F1B00DA333E4ADA343E4CDA353E4CDA363E46AA
:20C5BC00DA373E4A3C1500003C1500003C1300003C1100003C0F00003C0D00003C0B0000AD
:20C5DC003C0900003C0700003C0500003C0300003C010090910050FAD9FF000040FF6D000B
:20C5FC0003000090C5FFFCD185FFFCD1BBF0FF0E9BF0FF0F260F74FF910020FAD9FF3C32C0
:20C61C003B0011F0B4FF910020FAD9FF38329100202AD9223C60542F8BCF02F074FFDA0094
:20C63C0002FF3C0B910020FAD9FF3832D4FF50FF8200B4F0C21F02FF3B2003003F0FF4FFE0
:20C65C00910020FAD9FF38329100202AD9223C60542F8B0F09F074FFDA0002FF3C0B910023
:20C67C0020FAD9FF3832D4FF50FF8200B4F0C21F02FF3B805B003F0FF47F910020FAD9FFBE
:20C69C003C60D4FFDA1EACFA910020FAD9FF1032DA0A34FF910020FAD9FF1032DA012CF1D8
:20C6BC00910020FAD9FF10323B301CF289FF0209910020FAD9FF10323B0000F2ACF391006B
:20C6DC0020FAD9FF1832DA08B4FF910020FAD9FF18323B00E2F4ACF1910020FAD9FF183225
:20C6FC00DA00ACF2910020FAD9FF1832DA722CF6910020FAD9FF1832DAA42CF7910020FA52
:20C71C00D9FF1832DA2F2CF8910020FAD9FF1832DA0A2CF9910020FAD9FF1832DA282CFAE3
:20C73C00910020FAD9FF1832DA002CFB910020FAD9FF2432DA0134FF910020FAD9FF24324F
:20C75C00DAF42CF1910020FAD9FF2432DA002CF2910020FAD9FF2432DA002CF3910020FA84
:20C77C00D9FF2432DA00ACF2910020FAD9FF2432DA002CF6910020FAD9FF2432DA002CF74C
:20C79C00910020FAD9FF3C60D4FFDA00ACFC9100204AD94410329100205AD955183291009B
:20C7BC00206AD96624324044405540666DFFD8D20222022F9100204AD9443E3240446DFF9C
:20C7DC0085FB0222370268000200DF0F1B0002F46DFFD0FE3C14910020FAD9FF0E7014FF59
:20C7FC00F6FE9180004AD94408F040446DFF3AB3910020FAD9FF0E70DA0134FFDA013CECCA
:20C81C00910020FAD9FF30329100202AD9223C60D422092FE818864F9100202AD9223C6030
:20C83C005420420F74FF910020FAD9FF2C329100202AD9223032542F74FF910020FAD9FF12
:20C85C003C60D4FF9100202AD9220D70142F89FFA618DA0002FF3C1C910020FAD9FF2C325D
:20C87C00D4FF9100202AD922007010221420B4F0910020FAD9FF2C329100202AD9222C3264
:20C89C00D422B022F4F2C21F370F68F002FF910020FAD9FF0D7014F03F0FE0FF00006DFFB1
:20C8BC0049D502220222DF0218003C14910020FAD9FF0E7014FFF6FE9180004AD94422F01B
:20C8DC0040446DFFCFB2910020FAD9FF0E70DA0134FFDA013CEC910020CAD9CC34329100A2
:20C8FC0020FAD9FF3032D4F4910020FAD9FF0D7014F4404402446DFFEDB94022F4C2910073
:20C91C0020FAD9FF3432D4FFA0027D2F0C00910020FAD9FF3432D4F440446DFFBDCF022225
:20C93C003C1800003C14910020FAD9FF0E7014FFF6FE9180004AD9443DF040446DFF92B256
:20C95C00910020FAD9FF0E70DA0134FFDA013CEC910020FAD9FF3C60D4FF09FFD00886CF82
:20C97C001603DF0F1E00910020FAD9FF3C60D4FF9100202AD9223C60D422092FD00886CFB7
:20C99C001603861FC2EF10FF09FFFE08864F910020FAD9FF3C6054F0420F60FF3C02A00F1A
:20C9BC009100202AD9220832F42F910020FAD9FF0C329100202AD9223C60D4229100204A04
:20C9DC00D9443C60D444094FD6081603861FC2EF1022092FF608864F9100202AD9223C6016
:20C9FC005420420F74FF910020FAD9FF3C60D4FF09FFD8081603DF1F1280910020FAD9FFDD
:20CA1C003C60D4FF09FFCC18864F910020FAD9FF3C6054F0420F60FF3C1D910020FAD9FFDB
:20CA3C003C60D4FF09FFD808160CDF4F1280910020FAD9FF3C60D4FF09FFCE18864F91005B
:20CA5C0020FAD9FF3C6054F0420F60FF3C02A00F40FF9100202AD9220432F42F910020FA32
:20CA7C00D9FFFEC6DA0134FF910020FAD9FFFDC6DA0134FFC5FFFCD185FFFCD13B0000017E
:06CA9C00A60F74FF0090DC
:20CAA400C5FFC4003B8023F074FF85FF2000BBE0FF0F9BF0FF0F260F02F46D00BD04C5FFA6
:20CAC400C010DA0074FF85FF2000960102F46D00B304C5FFD000BB0002F29B0F02FC74FF82
:20CAE400C5FFD400BB000CFC9B0F02F274FFC5FFD800BB0002F89B0F02F274FFC5FFDC00C4
:20CB0400BB0002F29B0F02F274FFC5FFC440DA0074FF85FF2000BBE0FF0F9BF0FF0F260F21
:20CB240002F46D008904C5FFC050DA0074FF85FF2000960102F46D007F04C5FFD040BB0030
:20CB440002F29B0F02F274FFC5FFD440BB0002F29B0F02F274FFC5FFD840BB0002F29B0FFF
:20CB640002F274FFC5FFDC40BB0002F29B0F02F274FFC5FFC480DA0074FF85FF2000BBE016
:20CB8400FF0F9BF0FF0F260F02F46D005504C5FFC090DA0074FF85FF2000960102F46D00FA
:20CBA4004B04C5FFD080BB0002F29B0F02F274FFC5FFD480BB0002F29B0F02F274FFC5FFB2
:20CBC400D880BB0002F29B0F02F274FFC5FFDC80BB0002F29B0F02F274FFC5FFC4C0DA0037
:20CBE40074FF85FF2000BBE0FF0F9BF0FF0F260F02F46D002104C5FFC0D0DA0074FF85FFF6
:20CC04002000960102F46D001704C5FFD0C0BB0002F29B0F02F274FFC5FFD4C0BB0002F2C0
:20CC24009B0F02F274FFC5FFD8C0BB0002F29B0F02F274FFC5FFDCC0BB0002F29B0F02F216
:20CC440074FFC5FF0401DA0074FF85FF2000BBE0FF0F9BF0FF0F260F02F46D00ED03C5FF15
:20CC64000011DA0074FF85FF2000960102F46D00E303C5FF1001BB0002F29B0F02F274FF39
:20CC8400C5FF1401BB0002F29B0F02F274FFC5FF1801BB0002F29B0F02F274FFC5FF1C0179
:20CCA400BB0002F29B0F02F274FFC5FF0441DA0074FF85FF2000BBE0FF0F9BF0FF0F260F3F
:20CCC40002F46D00B903C5FF0051DA0074FF85FF2000960102F46D00AF03C5FF1041BB00AF
:20CCE40002F29B0F02F274FFC5FF1441BB0002F29B0F02F274FFC5FF0481DA0074FF85FF38
:20CD04002000BBE0FF0F9BF0FF0F260F02F46D009303C5FF0091DA0074FF85FF20009601A2
:20CD240002F46D008903C5FF1481BB0002F29B0F02F274FFC5FF1881BB0002F29B0F02F23D
:20CD440074FFC5FF1C81BB0002F29B0F02F274FFC5FF04C1DA0074FF85FF2000BBE0FF0F18
:20CD64009BF0FF0F260F02F46D006603C5FF00D1DA0074FF85FF2000960102F46D005C0336
:20CD8400C5FF10C1BB0002F29B0F02F274FFC5FF14C1BB0002F29B0F02F274FFC5FF4401D8
:20CDA400DA0074FF85FF2000BBE0FF0F9BF0FF0F260F02F46D004003C5FF4011DA0074FFFF
:20CDC40085FF2000960102F46D003603C5FF5001BB0002F29B0F02F274FFC5FF5401BB00CF
:20CDE40002F29B0F02F274FFC5FF4441DA0074FF85FF2000BBE0FF0F9BF0FF0F260F02F483
:20CE04006D001A03C5FF4051DA0074FF85FF2000960102F46D001003C5FF5041BB0002F22D
:20CE24009B0F02F274FFC5FF5441BB0002F29B0F02F274FFC5FF5841BB0002F29B0F02F21A
:20CE440074FF0090910020FAD9FF5AD609F0CC08DAC83FF05C80910020FAD9FFFAD614FF38
:20CE6400DF1F5580910020FAD9FFC9D6DA0134FF910020FAD9FFFAD6DA0034FF910020FAA0
:20CE8400D9FFF9D6DA0134FF910020FAD9FF6FD614FF6F1F130000006D006288910020FA5B
:20CEA400D9FFFBD6DA0134FF910020FAD9FF40A5DAFF89FFB8283C2A910020FAD9FFFBD654
:20CEC40014FF5E1A00006D00778E910020FAD9FFFBD6DA0034FF910020FAD9FFD3E6DA00DA
:20CEE40034FF910020FAD9FF0CD59100202AD9220CD50C228200370F81F02CF2910020FAB0
:20CF0400D9FF40A5DA0089FFB828910020FAD9FF79D614FF910020FAD9FF105014F05F0FD4
:20CF24002800910020FAD9FF79D614FF5E18910020FAD9FF4C32DAFF2CF13C07910020FA85
:20CF4400D9FF4C32DA002CF182249100204AD9444C32024440446D00B58E910020FAD9FF47
:20CF640010509100202AD92279D6142F34FF910020FAD9FFCDD614FFDF1F2F80910020FA21
:20CF8400D9FFFBD614FFDF1F2880822402446D008D8A910020FAD9FFCDD6DA0034FF9100F7
:20CFA40020FAD9FF79D614FF5E18910020FAD9FF4C32DAFF2CF13C07910020FAD9FF4C3268
:20CFC400DA002CF182249100204AD9444C32024440446D00778E00900244025802699100B2
:20CFE40020FAD9FF4C2182209B00400A74F0910020FAD9FF5021BBC004009B00400A74F027
:20D00400910020FAD9FF60219100202AD9227A950920C0088610B4F03B401F007F40088017
:20D02400910020FAD9FF6221B4F43C08910020FAD9FF622153A420F0B4FF910020FAD9FFB7
:20D044007A9509FFC0083B202B007F0F0980910020FAD9FF6ED6DA0534FF3C07910020FA89
:20D06400D9FF6ED6DA0434FF910020FAD9FF40A59100202AD9226221092FC008ACFF910082
:20D0840020FAD9FF40A59100202AD9226ED6142F89FFA008910020FAD9FF69219100202A40
:20D0A400D92262210924C0089100202AD92260210925C008024402556D009000022234F2C8
:20D0C400910020FAD9FF40A59100202AD9226921142FACFE910020FAD9FF6A219100202AAE
:20D0E400D9226921142F34FF910020FAD9FF692114F0DAE67F0F0980910020FAD9FF6A213B
:20D10400DAE634FF3C0E910020FAD9FF692114FFFFAF0880910020FAD9FF6A21DA0A34FF53
:20D12400910020FAD9FF4C21D4FF9100202AD9226921142FB4FF910020FAD9FF5021D4FF0B
:20D144009100202AD9226A21142FB4FF910020FAD9FF40A589F8AE38DF190A80910020FA78
:20D16400D9FF66213B103DF0B4FF3C08910020FAD9FF66213B9033F0B4FF910020FAD9FFAF
:20D1840064219100202AD9226621092FC00853DF27409100202AD9227A950925C0080244EF
:20D1A40002556DFF75C00222B4F2910020FAD9FF76D59100202AD9226421092FC008B4FFCD
:20D1C400910020FAD9FF78D59100202AD9226421092FC008B4FF0090024F0258910020FA87
:20D1E400D9FF542102F402856DFF42C00222B4F2910020FAD9FF56219100202AD9225421E4
:20D204000920C0080281E201B4F1910020FAD9FF58219100202AD92256210920C008A20F23
:20D2240074FF910020FAD9FF5C219100202AD9225821542F53AF2FF074FF910020FAD9FF8E
:20D2440068219100202AD9225C215424024402856DFF1EC0022234F2910020FAD9FF682109
:20D2640014F202223C01009085FF2000BBE0FF0F9BF0FF0F260F02F46D00DE00C5FF001083
:20D28400C5F20010142F8210370F81F234FFC5FF0310C5F20310142F8200370F01F034FF32
:20D2A400C5FF0010BB203AF09BDF01F074FF85FF2000960102F46D00BF003C01C5FF001045
:20D2C40014FF370F61F0DF0FFB7F85FF2000BBE0FF0F9BF0FF0F260F02F46D00AD00C5FF49
:20D2E4000010C5F20010142F8200370F81F234FF85FF2000960102F46D009E007B0010F0EB
:20D30400CDCFE20F0D00C0040D00C00485FF2000BBE0FF0F9BF0FF0F260F02F46D008C00D0
:20D32400914000FFDA0059FFC0C3914000FF3B0020F059FFD0C385FF2000960102F46D00C0
:20D344007B00914000FFDA0059FFE0C3914000FFDA0059FFE4C3914000FF3B0000F159FFAC
:20D36400ECF3914000FF3B0000F159FFE8F3914000FF3B0000F159FFE4F3914000FF3B0065
:20D3840000F159FFE0F3914000FF3B0000F159FFDCF385FF2000BBE0FF0F9BF0FF0F260F2F
:20D3A40002F46D004900C5FF1810BBF0FFFF9BFF0FF074FFC5FF1C10BBF0FFFF9BFF0FF0EA
:20D3C40074FFC5FF0810BB3090FB9B3F00F074FF85FF2000960102F46D002E0085FF2000D7
:20D3E400BBE0FF0F9BF0FF0F260F02F46D002400C5FFC003DA0074FF85FF2000960102F426
:20D404006D001A006DFF4EFB6DFFF4B56DFF92AC6DFF64AD6DFFBAAE6D00DA796D007A8590
:20D424006DFF82F5C5FFC4007B0020F074FF0D0000030090024485FF200002F08F004F0124
:20D44400C5FF240014FF370FE1F176F48F8040013C06BB70FFFF9BFFFFFF26F0C5FF2400FA
:20D4640014FF370F61F176F48F4040013C06BBB0FFFF9BFFFFFF26F0BBD0FFFF9BFFFFFF09
:1ED4840026F0C5FF200074F08F244F41BB30FFFF9BFFFFFF26F4C5FF200074F4009072
:20D4A400820885FF14008F8F1EF08FFF0F01DA085F0F1800DA105F0F1500DA205F0F12002D
:20D4C400DA403E023C0E910030FAD9FF00009100302AD9220000092FEA68C21F89FFAA6826
:0ED4E4006DFFC4FE6D002C0002823C01009022
:20D4F400910020FAD9FF0000DA069B0F40FA74FF910020FAD9FF0000D4FFDA01B4FF9100E9
:20D5140020FAD9FF0000D4FFDA03B4FF910020FAD9FF0000D4FFDA01B4FF910020FAD9FF3B
:0AD534000000D4FFDA05B4FF0090F8
:20D540002050918000FAD9FF66E049A21C0A40FFC5041A0004FF242FFC4E918000FAD9FF7C
:20D5600041F049A2370A40FFC504170004FF242FFC4EC5FFC4007B8000F074FFC5FFC40021
:20D580007B0001F074FFC5FFC4007B0002F074FF6D00AA6E6DFF1CD16DFF2CF8910020FA2B
:20D5A000D9FF08009190002AD922405DF4F2910020FAD9FF26009100202AD9220800542FB8
:20D5C00074FF910020FAD9FF26009100202AD9222600542F8F0F3FF074FF910020FAD9FFED
:20D5E00026009100202AD9222600542FBBF0FF0F260F74FF910020FAD9FF24009100202AA3
:20D60000D9222600542FB4FF910020FAD9FF240009FFC00874AF9100204AD9442A009180C6
:20D62000005AD95559F0404440556DFF59BD02229100204AD9442A0040446DFF21AC49AF63
:20D640001C0AF4AF9100204AD9442A009180005AD9556DF0404440556DFF42BD0222910090
:20D66000204AD9442A0040446DFF0AAC49AF370AF4AF9100204AD9442A009180005AD9559C
:20D680006DF0404440556DFF2BBD02229100204AD9442A0040446DFFF3AB910020FAD9FF49
:20D6A0001000DA029B0F40FA74FF910020FAD9FF1800DA409B0F40FA74FF910020FAD9FF98
:20D6C0001400DA4C9B0F40FA74FF910020FAD9FF1C007B0040FA74FF910020FAD9FF20004F
:20D6E0009100202AD9221000D422092FC008B4FF910020FAD9FF20009100202AD92218000A
:20D70000D422092FC008B4FF910020FAD9FF20009100202AD9221400D422092FC008B4FF2A
:20D72000910020FAD9FF0C00DA069B0F40FA74FF910020FAD9FF0C00D4FFDA00B4FF9100A3
:20D7400020FAD9FF215014FF5E1400006DFFD4FE910020FAD9FF22009100202AD9221C000C
:20D76000D422092FC008B4FF910020FAD9FF220009FFC0082E0F910030FAD9FF000091002A
:20D78000302AD9220000092FE668C21F89FFA6683C0E910030FAD9FF00009100302AD92274
:20D7A0000000092FE868C21F89FFA868910020FAD9FF40A59100302AD9220000092FE86892
:20D7C000ACF1910020FAD9FF40A59100302AD9220000092FE668ACF2910020FAD9FF40A5D2
:20D7E0009100302AD9220000092FEA68ACF3910020FAD9FF0020F4AF9100204AD9442A0092
:20D800009180005AD9558A00404440556DFF68BC02229100204AD9442A0040446DFF30AB0B
:20D820001D0055036D000006910020FAD9FFC8D614FF5E1A00006D004933910020FAD9FFE8
:20D84000C8D6DA0034FF910020FAD9FFCCE614FFDF1F2A809100204AD94464648204DA38B5
:20D860004044024402F56DFFCDBC40226D008271910020FAD9FF0CD59100202AD9220CD515
:20D88000142F8210370F81F234FF9180004AD9449E0040446DFFF4AA910020FAD9FFCCE6EE
:20D8A000DA0034FF6D002E336D00C2086DFFCEFA6D003A15910020FAD9FFDEE614FF91007B
:20D8C00020FAD9FF245014F05F0F7F00910020FAD9FFDEE614FFDF1F3580910020FAD9FF61
:20D8E0005075083F74AF910020FAD9FF5075082F7801910020FAD9FF507509FFC00878026F
:20D90000910020FAD9FF5075084F7803910020FAD9FF5075085F7804910020FAD9FF50757A
:20D92000086F78059100204AD9442A009180005AD9558C10404440556DFFD2BB02223C33D7
:20D94000910020FAD9FF5075083F74AF910020FAD9FF5075082F7801910020FAD9FF5075D5
:20D9600009FFC0087802910020FAD9FF5075084F7803910020FAD9FF5075085F7804910087
:20D9800020FAD9FF5075086F78059100204AD9442A009180005AD955B810404440556DFFB4
:20D9A0009FBB02229100204AD9442A0040446DFF67AA910020FAD9FF24509100202AD922D9
:20D9C000DEE6142F34FF910020FAD9FF7CD614FF910020FAD9FF255014F05F0F52009100D8
:20D9E00020FAD9FFDEE614FFDF1F4B80910020FAD9FF7CD614FF74AF910020FAD9FF507542
:20DA0000083F7801910020FAD9FF5075082F7802910020FAD9FF507509FFC0087803910029
:20DA200020FAD9FF5075084F7804910020FAD9FF5075085F7805910020FAD9FF5075086F71
:20DA400078069100204AD9442A009180005AD955A420404440556DFF43BB02229100204A07
:20DA6000D9442A0040446DFF0BAA910020FAD9FF25509100202AD9227CD6142F34FF910093
:20DA800020FAD9FFDAE614FF910020FAD9FF235014F05F0F7F00910020FAD9FFDAE614FF84
:20DAA000DF1F3580910020FAD9FF5075083F74AF910020FAD9FF5075082F7801910020FA5E
:20DAC000D9FF507509FFC0087802910020FAD9FF5075084F7803910020FAD9FF5075085F96
:20DAE0007804910020FAD9FF5075086F78059100204AD9442A009180005AD9558D30404452
:20DB000040556DFFEDBA02223C33910020FAD9FF5075083F74AF910020FAD9FF5075082F99
:20DB20007801910020FAD9FF507509FFC0087802910020FAD9FF5075084F7803910020FA15
:20DB4000D9FF5075085F7804910020FAD9FF5075086F78059100204AD9442A009180005A5C
:20DB6000D9559340404440556DFFBABA02229100204AD9442A0040446DFF82A9910020FA7F
:20DB8000D9FF23509100202AD922DAE6142F34FF910020FAD9FFDDE614FF910020FAD9FF52
:20DBA000225014F05F0F7F00910020FAD9FFDDE614FFDF1F3580910020FAD9FF5075083F67
:20DBC00074AF910020FAD9FF5075082F7801910020FAD9FF507509FFC0087802910020FAED
:20DBE000D9FF5075084F7803910020FAD9FF5075085F7804910020FAD9FF5075086F78054F
:20DC00009100204AD9442A009180005AD955A050404440556DFF64BA02223C33910020FA58
:20DC2000D9FF5075083F74AF910020FAD9FF5075082F7801910020FAD9FF507509FFC008CD
:20DC40007802910020FAD9FF5075084F7803910020FAD9FF5075085F7804910020FAD9FF82
:20DC60005075086F78059100204AD9442A009180005AD955A260404440556DFF31BA02227A
:20DC80009100204AD9442A0040446DFFF9A8910020FAD9FF22509100202AD922DDE6142FE0
:20DCA00034FF910020FAD9FFDBE614FFDF1F4780910020FAD9FFDCE614FF74AF910020FAEF
:20DCC000D9FF5075083F7801910020FAD9FF5075082F7802910020FAD9FF507509FFC008D6
:20DCE0007803910020FAD9FF5075084F7804910020FAD9FF5075085F7805910020FAD9FFDF
:20DD00005075086F78069100204AD9442A009180005AD955AB70404440556DFFE1B9022210
:20DD20009100204AD9442A0040446DFFA9A8910020FAD9FFDBE6DA0034FF910020FAD9FF8C
:20DD4000F5D614FFDF1F4180910020FAD9FF5075083F74AF910020FAD9FF5075082F78017C
:20DD6000910020FAD9FF507509FFC0087802910020FAD9FF5075084F7803910020FAD9FF74
:20DD80005075085F7804910020FAD9FF5075086F78059100204AD9442A009180005AD955C4
:20DDA000B380404440556DFF9BB902229100204AD9442A0040446DFF63A8910020FAD9FF73
:20DDC000F5D6DA0034FF910020FAD9FFD9E614FFDF1F7D80910020FAD9FF5075083F74AF69
:20DDE000910020FAD9FF5075082F7801910020FAD9FF507509FFC0087802910020FAD9FF16
:20DE00005075084F7803910020FAD9FF5075085F7804910020FAD9FF5075086F7805910073
:20DE2000204AD9442A009180005AD955B190404440556DFF55B902229100204AD9442A005E
:20DE400040446DFF1DA89100204AD94454B49100205AD9555C94DA784044405502F46DFFF7
:20DE6000B5B94022910020FAD9FF26506D00EE01022234F2910020FAD9FF265014FF5E1DAC
:20DE8000910020FAD9FF19279100202AD9221927142F968034FF3C0E910020FAD9FF192710
:20DEA0009100202AD9221927142F3BF0F70F260F34FF910020FAD9FFFDC6DA0134FF91008B
:12DEC00020FAD9FFD9E6DA0034FFDA011DFFACFC009063
:20DED4000D000002C5FF2C0014FF370F61F176F782549B24124002446D00D0740D004002EA
:20DEF40000000080910020FAD9FF0400DA049B0F40FA74FF910020FAD9FF3A109100202A2A
:20DF1400D9220400D422092FC008370F68F0160334FF910020FAD9FF3A1014FF82005FF05D
:20DF34000D0082105FF0490082205FF0840082305FF0BF001D00FA00910020FAD9FF192787
:20DF54009100202AD92219270C2582E0260F2CF5910020FAD9FF19279100202AD9221927D5
:20DF74000C2582D0260F2CF5910020FAD9FF1A5014FF5E189180004AD944508040446DFF06
:20DF940075A7910020FAD9FF1650DA0034FF910020FAD9FF1750DA0034FF910020FAD9FFE1
:20DFB4001850DA0034FF910020FAD9FF1A50DA0034FF1D00BD00910020FAD9FF165091008A
:20DFD400202AD9221650142FC21F34FF910020FAD9FF165014FFBFAF2C80910020FAD9FF92
:20DFF40019279100202AD92219270C2596022CF5910020FAD9FF19279100202AD9221927F4
:20E014000C2582E0260F2CF59180004AD944718040446DFF2BA7910020FAD9FF1A50DA0110
:20E0340034FF910020FAD9FF1650DA0034FF00003C7E910020FAD9FF17509100202AD92229
:20E054001750142FC21F34FF910020FAD9FF175014FFBFAF2C80910020FAD9FF1927910083
:20E07400202AD92219270C2596012CF5910020FAD9FF19279100202AD92219270C2582D0C2
:20E09400260F2CF59180004AD944599040446DFFEDA6910020FAD9FF1A50DA0134FF9100A6
:20E0B40020FAD9FF1750DA0034FF00003C40910020FAD9FF18509100202AD9221850142FFE
:20E0D400C21F34FF910020FAD9FF185014FFBFAF2B80910020FAD9FF19279100202AD92268
:20E0F40019270C2596012CF5910020FAD9FF19279100202AD92219270C2596022CF591800F
:20E11400004AD94441A040446DFFB0A6910020FAD9FF1A50DA0134FF910020FAD9FF185077
:20E13400DA0034FF00003C0300003C01910020FAD9FF3C10C5F2E400142F370F61F334FFC8
:20E15400910020FAD9FF3C1014FFDF1F3480910020FAD9FF19509100202AD9221950142FA9
:20E17400C21F34FF910020FAD9FF195014FFBFAF2080910020FAD9FF19279100202AD922D1
:20E1940019270C2596042CF59180004AD9447BA040446DFF6BA6910020FAD9FF1B50DA01E2
:20E1B40034FF910020FAD9FF1950DA0034FF00003C26910020FAD9FF19279100202AD92224
:20E1D40019270C2582B0260F2CF5910020FAD9FF1B5014FF5E189180004AD94465B04044AA
:20E1F4006DFF44A6910020FAD9FF1B50DA0034FF910020FAD9FF1950DA0034FF910020FA16
:20E21400D9FF1927085F910020FAD9FF3B1014F03E07910020FAD9FFFDC6DA0134FF91006F
:20E23400202AD9223B10910020FAD9FF1927085F342F0090910020FAD9FF3D10DA0034FF40
:20E25400910020FAD9FF3E10DA0034FF1D00D200910020FAD9FF3E1014FF53CF20F0910036
:20E2740020FAD9FF54B410FF14F0DA205FF01380910020FAD9FF3E1014FF53CF20F09100FA
:20E2940020FAD9FF54B410FF081F3B0002005F0FA600910020FAD9FF3E1014FF53CF20F0D3
:20E2B400910020FAD9FF54B410FF14F0DA303FF03480910020FAD9FF3E1014FF53CF20F0A9
:20E2D400910020FAD9FF54B410FF14F0DA7A3F0F2480910020FAD9FF3E1014FF53CF20F030
:20E2F400910020FAD9FF54B410FF081F3B0003003F0F1380910020FAD9FF3E1014FF53CF24
:20E3140020F0910020FAD9FF54B410FF081F3BA007007FF00980910020FAD9FF3D10DA0193
:20E3340034FF3C55910020FAD9FF3E1014FF53CF20F0910020FAD9FF54B410FF09F0C20892
:20E35400DAC83FF01480910020FAD9FF3E1014FF53CF20F0910020FAD9FF54B410FF09FF8C
:20E37400C2083B007D007FF00980910020FAD9FF3D10DA0134FF3C2B910020FAD9FF3E10F9
:20E3940014FF53CF20F0910020FAD9FF54B410FF09FFC4083B0019003F0F1480910020FAD5
:20E3B400D9FF3E1014FF53CF20F0910020FAD9FF54B410FF09FFC4083B803E007FF0088080
:20E3D400910020FAD9FF3D10DA0134FF910020FAD9FF3D1014FF5E123C13910020FAD9FF26
:20E3F4003E109100202AD9223E10142FC21F34FF910020FAD9FF3E1014FFBFAF2BFF910033
:0EE4140020FAD9FF3D1014F202223C010090C4
:20E42400910020FAD9FF5AD609FFC2083B401F003F0F1581910020FAD9FF5AD6DA00ACF1AB
:20E44400C5FFC400DA109B0F01F074FF910020FAD9FF486509FFD408910020FAD9FF14503D
:20E4640009F0C0087E08910020FAD9FFC5D6DA0134FF3C07910020FAD9FFC5D6DA0034FFB7
:20E48400910020FAD9FF14509100202AD9224865092FD408B4FF910020FAD9FFC5D614FF16
:20E4A400910020FAD9FF1C5014F05F0F2100910020FAD9FFC5D614FF5E199180004AD944B6
:20E4C40041C040446DFFDAA43C089180004AD94470C040446DFFD2A4910020FAD9FF1C5088
:20E4E4009100202AD922C5D6142F34FF910020FAD9FF71D614FF910020FAD9FF1D5014F060
:20E504005F0F3300910020FAD9FF71D614FF5E18910020FAD9FF5422DA012CF13C0791003E
:20E5240020FAD9FF5422DA002CF182149100204AD9445422024440446D00C483910020FA2B
:20E54400D9FF40A59100202AD92271D6142F89FFBE08910020FAD9FF1D509100202AD92286
:20E5640071D6142F34FF910020FAD9FF72D614FF910020FAD9FF1E5014F05F0F33009100D5
:20E5840020FAD9FF72D614FF5E18910020FAD9FF5C22DA012CF13C07910020FAD9FF5C2277
:20E5A400DA002CF182249100204AD9445C22024440446D008783910020FAD9FF40A59100EA
:20E5C400202AD92272D6142F89FFBA28910020FAD9FF1E509100202AD92272D6142F34FF78
:20E5E400910020FAD9FF73D614FF910020FAD9FF1F5014F05F0F3300910020FAD9FF73D6D5
:20E6040014FF5E18910020FAD9FF6422DA012CF13C07910020FAD9FF6422DA002CF1823473
:20E624009100204AD9446422024440446D004A83910020FAD9FF40A59100202AD92273D6AD
:20E64400142F89FF9638910020FAD9FF1F509100202AD92273D6142F34FF910020FAD9FF13
:20E664005AD609FFC8083B80BB003F0F3A80910020FAD9FF71D614FF1E18910020FAD9FF7A
:20E6840073D614FF5E1400006DFF36FC6DFF60C8910020FAD9FFD2E614FF5E1400006DFF4A
:20E6A400BBC7910020FAD9FFD3E614FF5E1A910020FAD9FFD4E614FF5E1400006DFF6EC7AA
:20E6C400910020FAD9FFD4E614FF5E1400006DFFE1C7910020FAD9FF5AD6DA00ACF49100A2
:20E6E40020FAD9FFD1E614FFDF1F4480910020FAD9FFD8E614FF910020FAD9FF205014F04D
:20E704005F0F2F00910020FAD9FFD8E614FFF6F99180004AD9445BD040446DFFAFA33C16DE
:20E72400910020FAD9FFD8E614FF5E599180004AD94471D040446DFFA1A33C089180004A3E
:20E74400D9444AE040446DFF99A3910020FAD9FF20509100202AD922D8E6142F34FF9100B4
:12E7640020FAD9FFD8E614FF1E5400006D003C2600900F
:20E77800910020FAD9FF70219100202AD9227021092FC008C21FB4FF910020FAD9FF40A50A
:20E798009100202AD9227021092FC00889FFBA08910020FAD9FF6C21DA4A9B0F40FA74FF25
:20E7B800910020FAD9FF72219100202AD9226C21D422092FC008370F68F0B4FF910020FAD6
:20E7D800D9FF76D614FFDF1F2681910020FAD9FF74D614FFDF1F1F81910020FAD9FF7421AF
:20E7F8009100202AD92270D6142F9100202AD9226ED61420420F160F34FF910020FAD9FF28
:20E8180075219100202AD9227421142FC21F160F34FF910020FAD9FF722109FFC0086F0FFF
:20E838007600910020FAD9FF742114FF530F2CF0910020FAD9FF4CD410FF9100202AD92219
:20E858007421142F530F2CF09100202AD9224CD410224C227B400000A60F6CF2910020FA3B
:20E87800D9FF742114FF530F2CF0910020FAD9FF4CD410FF9100202AD9227421142F530FC0
:20E898002CF09100202AD9224CD410224C2D7B400000A60F6CFD910020FAD9FF752114FF9E
:20E8B800530F2CF0910020FAD9FF4CD410FF9100202AD9227521142F530F2CF09100202A08
:20E8D800D9224CD410224C227B400000A60F6CF2910020FAD9FF752114FF530F2CF091005C
:20E8F80020FAD9FF4CD410FF9100202AD9227521142F530F2CF09100202AD9224CD410228A
:20E918004C2D7B400000A60F6CFD910020FAD9FF722109FFC0086F1F7E00910020FAD9FF18
:20E93800742114FF530F2CF0910020FAD9FF4CD410FF9100202AD9227421142F530F2CF0BB
:20E958009100202AD9224CD41022092F28197B400000A60F89FF2819910020FAD9FF7421AD
:20E9780014FF530F2CF0910020FAD9FF4CD410FF9100202AD9227421142F530F2CF091007F
:20E99800202AD9224CD41022092F14297B400000A60F89FF1429910020FAD9FF752114FFF2
:20E9B800530F2CF0910020FAD9FF4CD410FF9100202AD9227521142F530F2CF09100202A07
:20E9D800D9224CD41022092F28197B400000A60F89FF2819910020FAD9FF752114FF530F92
:20E9F8002CF0910020FAD9FF4CD410FF9100202AD9227521142F530F2CF09100202AD9222E
:20EA18004CD41022092F14297B400000A60F89FF142900902020910020FAD9FF5AD609FF57
:20EA3800C4083B007D003F0FA480910020FAD9FF6FD614FF6F0F130000006D00617B910082
:20EA580020FAD9FF2F50DA0134FF910020FAD9FF40A5DAFF89FFBC083C2A910020FAD9FFA9
:20EA78002F5014FF5E1A00006D00D080910020FAD9FF2F50DA0034FF910020FAD9FFD2E66D
:20EA9800DA0034FF910020FAD9FF0CD59100202AD9220CD50C228200370F01F02CF29100A0
:20EAB80020FAD9FF40A5DA0089FFBC08910020FAD9FF6FD614FF6F2F1D00910020FAD9FF28
:20EAD80076D6DA0134FF910020FAD9FF0CD59100202AD9220CD50C228210370F01F12CF293
:20EAF800910020FAD9FF40A5DAFF89FFB6083C1B910020FAD9FF76D6DA0034FF910020FA99
:20EB1800D9FF0CD59100202AD9220CD50C228200370F01F12CF2910020FAD9FF40A5DA0025
:20EB380089FFB608910020FAD9FF6FD614FF2E68910020FAD9FF77D6DA0134FF3C07910054
:20EB580020FAD9FF77D6DA0034FF910020FAD9FF5AD6DA00ACF2910020FAD9FFFAD6DA01F8
:20EB780034FF910020FAD9FF5AD6DA00ACF6910020FAD9FFCCD614FFDF1F1280910020FAA8
:20EB9800D9FF2F5014FF5E1B821402446D00847C910020FAD9FFCCD6DA0034FF910020FA54
:20EBB800D9FFC6D614FF5E1A00006D00935C910020FAD9FFC6D6DA0034FF910020FAD9FF33
:20EBD800C7D614FF5E1A00006D00905E910020FAD9FFC7D6DA0034FF910020FAD9FFCFD645
:20EBF80014FFDF1FAA8082149100204AD9444452024440446D005C809100202AD9224E4106
:20EC1800910020FAD9FF4452084F342F910020FAD9FF4E419100202AD92244520C252CF13D
:20EC3800910020FAD9FF7CD614FFDF0F3580910020FAD9FF5075083F74AF910020FAD9FFFC
:20EC58005075082F7801910020FAD9FF507509FFC0087802910020FAD9FF5075084F78037B
:20EC7800910020FAD9FF5075085F7804910020FAD9FF5075086F78059100204AD9447E215E
:20EC98009180005AD955A5D0404440556DFF1CB202223C38910020FAD9FF4E41F4AF91001D
:20ECB80020FAD9FF5075083F7801910020FAD9FF5075082F7802910020FAD9FF507509FF7C
:20ECD800C0087803910020FAD9FF5075084F7804910020FAD9FF5075085F7805910020FAE7
:20ECF800D9FF5075086F78069100204AD9447E219180005AD955AEE0404440556DFFE4B172
:20ED180002229100204AD9447E2140446DFFACA0910020FAD9FF40A59100202AD92240A5A1
:20ED3800092FE628C21F89FFA628910020FAD9FFCFD6DA0034FF910020FAD9FFD0D614FFCD
:20ED5800DF1F258082149100204AD9447C42024440446D00AD7F9180004AD944BDF0404480
:20ED78006DFF82A0910020FAD9FF40A59100202AD92240A5092FE228C21F89FFA2289100C4
:20ED980020FAD9FFD0D6DA0034FF910020FAD9FFFFD614FFDF1F188082149100204AD94407
:20EDB8006C52024440446D00837F9180004AD944EC0040446DFF58A0910020FAD9FFFFD6A0
:20EDD800DA0034FF910020FAD9FFC0E614FF76F400006D00B703910020FAD9FFD1D614FF04
:20EDF8005E1A00006DFF5CDD910020FAD9FFD1D6DA0034FF910020FAD9FFD4D614FFDF1F69
:20EE18002480910020FAD9FF5452DA002CF1910020FAD9FF5452DA012CF282149100204A63
:20EE3800D9445452024440446D00427F910020FAD9FFD4D6DA0034FF9180004AD944CD1070
:20EE580040446DFF11A0910020FAD9FFD2D614FF5E17910020FAD9FFD3D614FF1E1F910039
:20EE780020FAD9FFD8E614FFDF5F3E80910020FAD9FFD3D614FFDF1F3780910020FAD9FF44
:20EE98005452DA002CF1910020FAD9FF5452DA002CF282149100204AD9445452024440447E
:20EEB8006D00067F910020FAD9FF0CD59100202AD9220CD5142F8210370F81F134FF9100DC
:20EED80020FAD9FFD2D6DA0034FF910020FAD9FFD3D6DA0034FF9180004AD944EF1040443F
:20EEF8006DFFC29F910020FAD9FFD5D614FFDF1F468000006DFFECDD910020FAD9FF7C658F
:20EF1800DA9E34FF910020FAD9FF7C653B0071F2ACF1910020FAD9FF7C65DA00ACF2910022
:20EF380020FAD9FF7C65DA00ACF3910020FAD9FF4C82DA9E2CF1910020FAD9FF4C82DA104C
:20EF58002CF2910020FAD9FF4C82DA272CF382149100204AD9444C82024440446D00A87E31
:20EF78009180004AD944DC2040446DFF7D9F910020FAD9FFD5D6DA0034FF910020FAD9FF3B
:20EF9800F3D614FFDF1F1C80910020FAD9FF0CD59100202AD9220CD50C228210370F01F3CE
:20EFB8002CF2910020FAD9FFF3D6DA0034FF9180004AD944C03040446DFF569F910020FACA
:20EFD800D9FFD6D614FFDF1F478000006DFF56DC910020FAD9FF7C65DA9F34FF910020FA64
:20EFF800D9FF7C653B0071F2ACF1910020FAD9FF7C653B0071F2ACF2910020FAD9FF7C6501
:20F01800DA00ACF3910020FAD9FF4C82DA9F2CF1910020FAD9FF4C82DA102CF2910020FA74
:20F03800D9FF4C82DA272CF382149100204AD9444C82024440446D003B7E9180004AD9440E
:20F05800E03040446DFF109F910020FAD9FFD6D6DA0034FF910020FAD9FFF4D614FFDF1F4F
:20F078001C80910020FAD9FF0CD59100202AD9220CD50C228210370F81F32CF2910020FA7E
:20F09800D9FFF4D6DA0034FF9180004AD944C94040446DFFE99E910020FAD9FFE0D614FF65
:20F0B800DF1F5880910020FAD9FF7C65DAA534FF910020FAD9FF7C653B80E2F5ACF1910028
:20F0D80020FAD9FF7C653B00E2F4ACF2910020FAD9FF7C65DA00ACF3910020FAD9FF4C8268
:20F0F800DAA52CF1910020FAD9FF4C82DA282CF2910020FAD9FF4C82DA5E2CF3821491001C
:20F11800204AD9444C82024440446D00D17D9180004AD944EF4040446DFFA69E910020FA77
:20F13800D9FF0CD59100202AD9220CD50C248210370F01F02CF4910020FAD9FFE0D6DA001B
:20F1580034FF910020FAD9FF3050DA0034FF3C32910020FAD9FFCAE614FFDF1F2C80910065
:20F1780020FAD9FF305014FFDF0F258082149100204AD9446452024440446D00997D91001D
:20F1980020FAD9FF0CD59100202AD9220CD50C248200370F01F02CF49180004AD944D45028
:20F1B80040446DFF619E910020FAD9FFCAE6DA0034FF910020FAD9FFF6D614FFDF1F228006
:20F1D800910020FAD9FF0CD59100202AD9220CD50C248200370F01F02CF4910020FAD9FF70
:20F1F8003050DA0134FF910020FAD9FFF6D6DA0034FF9180004AD944C56040446DFF349EAE
:20F21800910020FAD9FFE1D614FFDF1F5080910020FAD9FF7C65DAA634FF910020FAD9FF21
:20F238007C65DA00ACF1910020FAD9FF7C65BB80C4FAACF2910020FAD9FF7C65DA00ACF386
:20F25800910020FAD9FF4C82DAA62CF1910020FAD9FF4C82DA002CF2910020FAD9FF4C820E
:20F27800DA002CF3910020FAD9FF7EC6DA0074FF82149100204AD9444C82024440446D00B6
:20F29800177D9180004AD944E76040446DFFEC9D910020FAD9FFE1D6DA0034FF910020FA98
:20F2B800D9FF3150DA0034FF3C38910020FAD9FFCBE614FFDF1F3280910020FAD9FF315061
:20F2D80014FFDF0F2B8082149100204AD9446452024440446D00EC7C910020FAD9FF0CD503
:20F2F8009100202AD9220CD50C248200370F81F02CF49180004AD944E47040446DFFB49DA9
:20F31800910020FAD9FF3150DA0134FF910020FAD9FFCBE6DA0034FF910020FAD9FFF7D632
:20F3380014FFDF1F1C80910020FAD9FF0CD59100202AD9220CD50C248210370F81F02CF454
:20F35800910020FAD9FFF7D6DA0034FF9180004AD944D38040446DFF879D910020FAD9FFD6
:20F37800F8D614FFDF1FC180910020FAD9FF4482DAD42CF1910020FAD9FF4482DA622CF29E
:20F39800910020FAD9FF4482DA022CF382149100204AD9444482024440446D00897C918050
:20F3B800004AD944F88040446DFF5E9D910020FAD9FF2C50DA00B4FF910020FAD9FF5C827E
:20F3D800DA002CF1910020FAD9FF5C82DA002CF2910020FAD9FF7C21DA0034FF3C7091005B
:20F3F80020FAD9FF7D21DA0034FF3C29910020FAD9FF7D2114FF910020FAD9FF5C8210FF4F
:20F418009100202AD9222C50092FC0089100202AD9227D211420420F9100202AD922CA26C3
:20F438001022142F2CF3910020FAD9FF7D219100202AD9227D21142FC21F34FF910020FA89
:20F45800D9FF7D2114FFBF5FD3FF82149100204AD9445C82024440446D002A7C6D004600FF
:20F47800910020FAD9FF2C509100202AD9222C50092FC008C25FB4FF910020FAD9FF5C82EE
:20F498009100202AD9222C50092FC0082CF1910020FAD9FF5C829100202AD9222C50092FFA
:20F4B800C008868F2CF2910020FAD9FF7C219100202AD9227C21142FC21F34FF910020FAA4
:20F4D800D9FF7C2114F0DA7A3FF08BFF910020FAD9FFF8D6DA0034FF9180004AD944E49044
:20F4F80040446DFFC19C0090910020FAD9FF782185FF108074FF910020FAD9FF2850DA009F
:20F5180074FF3C1285FF1080910020FAD9FF782154F0A20F910020FAD9FF285002F46DFF90
:20F538003BAE022274F2910020FAD9FF285054FFBB8031079B1000003F0FE6FF0000009011
:20F55800910020FAD9FFC0E614F0DA013E0FDA025F0F3200DA045F0F6700DA085F0F9F0020
:20F57800DA105F0FB9001D00E700910020FAD9FFC0E6DA0434FF910020FAD9FF0CD5DA00E6
:20F5980089FFA238910020FAD9FF5452DA012CF182149100204AD9445452024440446D0045
:20F5B800877B9180004AD944ACA040446DFF5C9C1D00C400910020FAD9FF0CD5DA0089FFDE
:20F5D800A238910020FAD9FF0CD59100202AD9220CD5142F8200370F01F334FF910020FA41
:20F5F800D9FFC0E6DA0034FF910020FAD9FF2E50DA0034FF910020FAD9FF5452DA022CF138
:20F6180082149100204AD9445452024440446D004F7B9180004AD94490B040446DFF249C15
:20F638001D008C00910020FAD9FF5AD609FFD0083B0071023F0F3180910020FAD9FF71D6FF
:20F6580014FFDF1F2A80910020FAD9FF5452DA042CF182149100204AD94454520244404495
:20F678006D00267B910020FAD9FF5AD6DA00ACF8910020FAD9FF2E5014FFF6FE9180004AD0
:20F69800D944B6B040446DFFEF9B910020FAD9FF2E50DA0134FF00003C50910020FAD9FF37
:20F6B800C0E6DA0034FF910020FAD9FF5452DA082CF182149100204AD94454520244404439
:20F6D8006D00F67A9180004AD94497C040446DFFCB9B3C33910020FAD9FFC0E6DA0034FF6B
:20F6F800910020FAD9FF2E50DA0034FF910020FAD9FF5452DA022CF182149100204AD94414
:20F718005452024440446D00D37A910020FAD9FF0CD59100202AD9220CD5142F8210370F71
:1AF7380001F334FF9180004AD94481D040446DFF9B9B3C0300003C01009095
:20F75400404F9100202AD9225141082F342F09F0C008DAD23E0FDAD35F0F2E00DAD45F0FE5
:20F774004B00DAD55F0F6800DAD65F0F86001D00A500910020FAD9FF514114FFF6FE910092
:20F7940020FAD9FF19279100202AD92219270C2382E0260F2CF33C0C910020FAD9FF19271D
:20F7B4009100202AD92219270C2396012CF300001D008600910020FAD9FF514114FFF6FE7B
:20F7D400910020FAD9FF19279100202AD92219270C2382D0260F2CF33C0C910020FAD9FF9C
:20F7F40019279100202AD92219270C2396022CF300003C65910020FAD9FF514114FFF6FEFC
:20F81400910020FAD9FF19279100202AD92219270C2382B0260F2CF33C0C910020FAD9FF7B
:20F8340019279100202AD92219270C2396042CF300003C45910020FAD9FF514114FFF6FFD8
:20F85400910020FAD9FF19279100202AD92219270C233B70FF0F260F2CF33C0C910020FA8C
:20F87400D9FF19279100202AD92219270C2396082CF300003C24910020FAD9FF514114FFD2
:20F89400F6FF910020FAD9FF19279100202AD92219270C233BF0FE0F260F2CF33C0C9100F2
:20F8B40020FAD9FF19279100202AD92219270C2396102CF300003C0300003C01910020FAD1
:20F8D400D9FF1927083F910020FAD9FF3A5014F03E07910020FAD9FFFDC6DA0134FF91007A
:20F8F400202AD9223A50910020FAD9FF1927083F342F0090404F9100202AD9225041082FFB
:20F91400342F09F0C008DA633F0F0E00DA3C3FF00B005AF0918000FAD9FFE4A090FFD4FFB3
:20F934000000DC0F00001D002404910020FAD9FF504114FFF6FE910020FAD9FF1927910014
:20F95400202AD9221927142F82D0260F34FF3C0C910020FAD9FF19279100202AD9221927F0
:20F97400142F960234FF00001D000504910020FAD9FF504114FFF6FE910020FAD9FF192761
:20F994009100202AD9221927142F82B0260F34FF3C0C910020FAD9FF19279100202AD9227F
:20F9B4001927142F960434FF00001D00E403910020FAD9FF504114FFF6FE910020FAD9FF41
:20F9D40019279100202AD92219270C2682E0260F2CF63C0C910020FAD9FF19279100202AEC
:20F9F400D92219270C2696012CF600001D00C303910020FAD9FF504114FFF6FE910020FA24
:20FA1400D9FF19279100202AD92219270C2182E0260F2CF13C0C910020FAD9FF1927910027
:20FA3400202AD92219270C2196012CF100001D00A203910020FAD9FF504114FFF6FE9100DE
:20FA540020FAD9FF19279100202AD92219270C2682D0260F2CF63C0C910020FAD9FF192764
:20FA74009100202AD92219270C2696022CF600001D008103910020FAD9FF504114FFF6FEB4
:20FA9400910020FAD9FF19279100202AD92219270C2182D0260F2CF13C0C910020FAD9FFDD
:20FAB40019279100202AD92219270C2196022CF100001D006003910020FAD9FF504114FF53
:20FAD400F6FE910020FAD9FF19279100202AD92219270C2182B0260F2CF13C0C910020FAA1
:20FAF400D9FF19279100202AD92219270C2196042CF100001D003F03910020FAD9FF50416D
:20FB140014FFF6FF910020FAD9FF19279100202AD92219270C213B70FF0F260F2CF13C0C70
:20FB3400910020FAD9FF19279100202AD92219270C2196082CF100001D001D0300001D0096
:20FB54001A0300001D00170300001D001403910020FAD9FF504114FFF6FF910020FAD9FF6A
:20FB740019279100202AD92219270C213BF0FE0F260F2CF13C0C910020FAD9FF19279100C8
:20FB9400202AD92219270C2196102CF100001D00F202910020FAD9FF504114FFF6FF91001E
:20FBB40020FAD9FF19279100202AD92219270C213BF0FD0F260F2CF13C0C910020FAD9FF68
:20FBD40019279100202AD92219270C2196202CF100001D00D002910020FAD9FF504114FFA5
:20FBF400F6FF910020FAD9FF19279100202AD92219270C213BF0FB0F260F2CF13C0C910096
:20FC140020FAD9FF19279100202AD92219270C2196402CF100001D00AE02910020FAD9FF18
:20FC3400504114FFF6FF910020FAD9FF19279100202AD92219270C213BF0F70F260F2CF18E
:20FC54003C0C910020FAD9FF19279100202AD92219270C2196802CF100001D008C029100D3
:20FC740020FAD9FF504114FFF6FE910020FAD9FF19279100202AD92219270C2282E0260F48
:20FC94002CF23C0C910020FAD9FF19279100202AD92219270C2296012CF200001D006B02A4
:20FCB400910020FAD9FF504114FFF6FE910020FAD9FF19279100202AD92219270C2282D0BC
:20FCD400260F2CF23C0C910020FAD9FF19279100202AD92219270C2296022CF200001D009B
:20FCF4004A02910020FAD9FF504114FFF6FE910020FAD9FF19279100202AD92219270C2282
:20FD140082B0260F2CF23C0C910020FAD9FF19279100202AD92219270C2296042CF2000043
:20FD34001D002902910020FAD9FF504114FFF6FF910020FAD9FF19279100202AD922192772
:20FD54000C223B70FF0F260F2CF23C0C910020FAD9FF19279100202AD92219270C22960868
:20FD74002CF200001D000702910020FAD9FF504114FFF6FE910020FAD9FF19279100202A72
:20FD9400D92219270C2682B0260F2CF63C0C910020FAD9FF19279100202AD92219270C2606
:20FDB40096042CF600001D00E601910020FAD9FF504114FFF6FF910020FAD9FF19279100FF
:20FDD400202AD92219270C263B70FF0F260F2CF63C0C910020FAD9FF19279100202AD92267
:20FDF40019270C2696082CF600001D00C401910020FAD9FF504114FFF6FF910020FAD9FF3C
:20FE140019279100202AD92219270C263BF0FE0F260F2CF63C0C910020FAD9FF192791001B
:20FE3400202AD92219270C2696102CF600001D00A201910020FAD9FF504114FFF6FF9100C2
:20FE540020FAD9FF19279100202AD92219270C263BF0FD0F260F2CF63C0C910020FAD9FFBB
:20FE740019279100202AD92219270C2696202CF600001D008001910020FAD9FF504114FF49
:20FE9400F6FF910020FAD9FF19279100202AD92219270C263BF0FB0F260F2CF63C0C9100E9
:20FEB40020FAD9FF19279100202AD92219270C2696402CF600001D005E01910020FAD9FFBD
:20FED400504114FFF6FF910020FAD9FF19279100202AD92219270C263BF0F70F260F2CF6E2
:20FEF4003C0C910020FAD9FF19279100202AD92219270C2696802CF600001D003C01910078
:20FF140020FAD9FF504114FFF6FF910020FAD9FF19279100202AD92219270C253B70FF0F7F
:20FF3400260F2CF53C0C910020FAD9FF19279100202AD92219270C2596082CF500001D0029
:20FF54001A01910020FAD9FF504114FFF6FF910020FAD9FF19279100202AD92219270C254C
:20FF74003BF0FE0F260F2CF53C0C910020FAD9FF19279100202AD92219270C2596102CF5C6
:20FF940000001D00F800910020FAD9FF504114FFF6FF910020FAD9FF19279100202AD92283
:20FFB40019270C253BF0FD0F260F2CF53C0C910020FAD9FF19279100202AD92219270C25DD
:20FFD40096202CF500001D00D600910020FAD9FF504114FFF6FF910020FAD9FF19279100D3
:20FFF400202AD92219270C253BF0FB0F260F2CF53C0C910020FAD9FF19279100202AD922CB
:02000004A00951
:2000140019270C2596402CF500001D00B400910020FAD9FF504114FFF6FE910020FAD9FFF5
:2000340019279100202AD92219270C2882E0260F2CF83C0C910020FAD9FF19279100202A81
:20005400D92219270C2896012CF800001D009300910020FAD9FF504114FFF6FE910020FAEC
:20007400D9FF19279100202AD92219270C2882D0260F2CF83C0C910020FAD9FF19279100C3
:20009400202AD92219270C2896022CF800003C72910020FAD9FF504114FFDF0F16809100ED
:2000B40020FAD9FF19279100202AD92219270C223BF0FB0F260F2CF2910020FAD9FFDDE6E8
:2000D400DA0034FF3C12910020FAD9FF19279100202AD92219270C2296402CF2910020FA0B
:2000F400D9FFDDE6DA0134FF00003C44910020FAD9FF504114FFF6FE910020FAD9FF1927E5
:200114009100202AD92219270C2882B0260F2CF83C0C910020FAD9FF19279100202AD92215
:2001340019270C2896042CF800003C24910020FAD9FF504114FFF6FF910020FAD9FF19273A
:200154009100202AD92219270C223BF0F70F260F2CF23C0C910020FAD9FF19279100202ADD
:20017400D92219270C2296802CF200003C0300003C01910020FAD9FF192714FF910020FAD1
:20019400D9FF345014F05F0F3C80910020FAD9FF1927081F910020FAD9FF355014F05F0F5D
:2001B4003080910020FAD9FF1927082F910020FAD9FF365014F05F0F2480910020FAD9FFDF
:2001D4001927085F910020FAD9FF375014F05F0F1880910020FAD9FF1927086F910020FA6B
:2001F400D9FF385014F07E0C910020FAD9FF1927088F910020FAD9FF395014F03E079100BD
:2002140020FAD9FFFDC6DA0134FF910020FAD9FF34509100202AD9221927142F34FF9100E3
:20023400202AD9223550910020FAD9FF1927081F342F9100202AD9223650910020FAD9FFB4
:200254001927082F342F9100202AD9223750910020FAD9FF1927085F342F9100202AD922F0
:200274003850910020FAD9FF1927086F342F9100202AD9223950910020FAD9FF1927088F8C
:20029400342F0090404F9100202AD9225241082F342F09FFC0083C01910020FAD9FF5241A2
:2002B40014FFF6FE910020FAD9FF19279100202AD92219270C2782B0260F2CF73C0C9100B4
:2002D40020FAD9FF19279100202AD92219270C2796042CF700003C01910020FAD9FF1927D2
:2002F400087F910020FAD9FF3B5014F03E07910020FAD9FFFDC6DA0134FF9100202AD922E2
:200314003B50910020FAD9FF1927087F342F0090910020FAD9FF5AD609FFCC083B0019001E
:200334003F0FB980910020FAD9FFF9D614FFDF1FB280910020FAD9FFF9D6DA0034FF91009D
:2003540020FAD9FF6FD614FF6F3F5100910020FAD9FF5841DA0034FF910020FAD9FFDFD6DF
:2003740014FFDF1F2E80910020FAD9FFC4D614FF5E1E910020FAD9FF40A59100202AD922C0
:2003940040A5092FDE38C21F89FF9E38910020FAD9FFC4D6DA0034FF910020FAD9FF584191
:2003B400DA0134FF910020FAD9FFDFD6DA0034FF9180004AD944F4E040446DFF579591001D
:2003D40020FAD9FF584114F402446D007B6F910020FAD9FFFCD6DA0134FF910020FAD9FFF3
:2003F40040A5DAFF89FF94383C55910020FAD9FFFCD614FFDF1F278000006D008774910040
:2004140020FAD9FF6422DA002CF182349100204AD9446422024440446D004C74910020FA63
:20043400D9FFD4E6DA0034FF910020FAD9FFFCD6DA0034FF9180004AD944DCF040446DFF73
:200454001595910020FAD9FF0CD59100202AD9220CD50C228200370F81F22CF2910020FA91
:20047400D9FF0CD59100202AD9220CD50C228200370F81F12CF2910020FAD9FF40A5DA0030
:2004940089FF9438910020FAD9FF40A5DA0089FFA838910020FAD9FFCED614FFDF1F128080
:2004B400910020FAD9FFFCD614FF5E1B823402446D00F46F910020FAD9FFCED6DA0034FF47
:2004D400910020FAD9FFD7D614FFDF1F4A80910020FAD9FF6465DA012CF2910020FAD9FF35
:2004F4006465DAAA2CF3910020FAD9FF64653B6041F1ACF5910020FAD9FF6465DA00ACF7F9
:20051400910020FAD9FF6465DA00ACF9910020FAD9FF6465DA0034FF910020FAD9FF74525A
:20053400DA012CF1910020FAD9FF7452DA002CF282349100204AD9447452024440446D00A3
:20055400B9739180004AD944F7F040446DFF8E94910020FAD9FFD7D6DA0034FF3C4291009E
:2005740020FAD9FFC3E614FFDF1F3C80910020FAD9FF6465DA002CF2910020FAD9FF64656F
:20059400DA00ACF7910020FAD9FF6465DA00ACF9910020FAD9FF6465DA0034FF910020FAFB
:2005B400D9FF7452DA002CF1910020FAD9FF7452DA002CF282349100204AD9447452024477
:2005D40040446D0077739180004AD9441C0140446DFF4C94910020FAD9FFC3E6DA0034FF8E
:2005F400910020FAD9FFD8D614FFDF1F4A80910020FAD9FF6465DA022CF2910020FAD9FF12
:200614006465DAAA2CF3910020FAD9FF64653B6041F1ACF5910020FAD9FF6465DA00ACF7D7
:20063400910020FAD9FF6465DA00ACF9910020FAD9FF6465DA0034FF910020FAD9FF745239
:20065400DA022CF1910020FAD9FF7452DA002CF282349100204AD9447452024440446D0081
:2006740029739180004AD9443F0140446DFFFE93910020FAD9FFD8D6DA0034FF3C42910044
:2006940020FAD9FFC4E614FFDF1F3C80910020FAD9FF6465DA002CF2910020FAD9FF64654D
:2006B400DA00ACF7910020FAD9FF6465DA00ACF9910020FAD9FF6465DA0034FF910020FADA
:2006D400D9FF7452DA002CF1910020FAD9FF7452DA002CF282349100204AD9447452024456
:2006F40040446D00E7729180004AD944191140446DFFBC93910020FAD9FFC4E6DA0034FF81
:20071400910020FAD9FFCDE614FFDF1F4A80910020FAD9FF6465DA802CF2910020FAD9FF6D
:200734006465DAC42CF3910020FAD9FF6465DA8CACF5910020FAD9FF6465BB10EAFFACF729
:20075400910020FAD9FF6465DA00ACF9910020FAD9FF6465DA0034FF910020FAD9FF745218
:20077400DA802CF1910020FAD9FF7452DA002CF282349100204AD9447452024440446D00E2
:2007940099729180004AD944311140446DFF6E93910020FAD9FFCDE6DA0034FF3C4391003C
:2007B40020FAD9FFCEE614FFDF1F3D80910020FAD9FF6465DA002CF2910020FAD9FF646521
:2007D400BB10EAFFACF7910020FAD9FF6465DA00ACF9910020FAD9FF6465DA0034FF9100F9
:2007F40020FAD9FF7452DA002CF1910020FAD9FF7452DA002CF282349100204AD944745261
:20081400024440446D0056729180004AD944122140446DFF2B93910020FAD9FFCEE6DA005B
:2008340034FF910020FAD9FFCFE614FFDF1F4A80910020FAD9FF6465DA642CF2910020FA0B
:20085400D9FF6465DAC02CF3910020FAD9FF6465DAB0ACF5910020FAD9FF6465BB9081FF9C
:20087400ACF7910020FAD9FF6465DA00ACF9910020FAD9FF6465DA0034FF910020FAD9FF1A
:200894007452DA002CF1910020FAD9FF7452DA012CF282349100204AD944745202444044E7
:2008B4006D0008729180004AD944312140446DFFDD92910020FAD9FFCFE6DA0034FF3C4350
:2008D400910020FAD9FFD0E614FFDF1F3D80910020FAD9FF6465DA002CF2910020FAD9FF36
:2008F4006465BB9081FFACF7910020FAD9FF6465DA00ACF9910020FAD9FF6465DA0034FF89
:20091400910020FAD9FF7452DA002CF1910020FAD9FF7452DA002CF282349100204AD94474
:200934007452024440446D00C5719180004AD944123140446DFF9A92910020FAD9FFD0E660
:20095400DA0034FF910020FAD9FFD9D614FFDF1F4A80910020FAD9FF6465DA042CF2910090
:2009740020FAD9FF6465DAAA2CF3910020FAD9FF64653B6041F1ACF5910020FAD9FF6465FF
:20099400DA00ACF7910020FAD9FF6465DA00ACF9910020FAD9FF6465DA0034FF910020FAF7
:2009B400D9FF7452DA042CF1910020FAD9FF7452DA002CF282349100204AD944745202446F
:2009D40040446D0077719180004AD944313140446DFF4C92910020FAD9FFD9D6DA0034FF43
:2009F4003C42910020FAD9FFC5E614FFDF1F3C80910020FAD9FF6465DA002CF2910020FA7B
:200A1400D9FF6465DA00ACF7910020FAD9FF6465DA00ACF9910020FAD9FF6465DA0034FF80
:200A3400910020FAD9FF7452DA002CF1910020FAD9FF7452DA002CF282349100204AD94453
:200A54007452024440446D0035719180004AD9441C4140446DFF0A92910020FAD9FFC5E650
:200A7400DA0034FF910020FAD9FFDAD614FFDF1F6580910020FAD9FFC1E614FFDF0F1600EB
:200A9400910020FAD9FF6465DAB42CF3910020FAD9FF6465BB8073FFACF5910020FAD9FF2C
:200AB4006465DA00ACF73C14910020FAD9FF6465DAB52CF3910020FAD9FF6465BB8073FF99
:200AD400ACF5910020FAD9FF6465DA00ACF7910020FAD9FF6465DA082CF2910020FAD9FFC9
:200AF4006465DA00ACF9910020FAD9FF6465DA0034FF910020FAD9FF7452DA082CF1910068
:200B140020FAD9FF7452DA002CF282349100204AD9447452024440446D00CC709180004AAF
:200B3400D944055140446DFFA191910020FAD9FFDAD6DA0034FF3C3C910020FAD9FFC6E625
:200B540014FFDF1F3680910020FAD9FF6465DA002CF2910020FAD9FF6465DA00ACF991001A
:200B740020FAD9FF6465DA0034FF910020FAD9FF7452DA002CF1910020FAD9FF7452DA0036
:200B94002CF282349100204AD9447452024440446D0090709180004AD9441C4140446DFF93
:200BB4006591910020FAD9FFC6E6DA0034FF910020FAD9FFDBD614FFDF1F4B80910020FA34
:200BD400D9FF6465DA102CF2910020FAD9FF6465DAB92CF3910020FAD9FF64653B6041F141
:200BF400ACF5910020FAD9FF6465BB000BFAACF7910020FAD9FF6465DA00ACF9910020FA1B
:200C1400D9FF6465DA0034FF910020FAD9FF7452DA102CF1910020FAD9FF7452DA002CF281
:200C340082349100204AD9447452024440446D0041709180004AD9442F5140446DFF169195
:200C5400910020FAD9FFDBD6DA0034FF3C3C910020FAD9FFC7E614FFDF1F3680910020FA25
:200C7400D9FF6465DA002CF2910020FAD9FF6465DA00ACF9910020FAD9FF6465DA0034FFA3
:200C9400910020FAD9FF7452DA002CF1910020FAD9FF7452DA002CF282349100204AD944F1
:200CB4007452024440446D0005709180004AD9440B6140446DFFDA90910020FAD9FFC7E640
:200CD400DA0034FF910020FAD9FFDCD614FFDF1F4B80910020FAD9FF6465DA202CF29100ED
:200CF40020FAD9FF6465DAB92CF3910020FAD9FF64653B6041F1ACF5910020FAD9FF64656D
:200D1400BB000BFAACF7910020FAD9FF6465DA00ACF9910020FAD9FF6465DA0034FF9100A7
:200D340020FAD9FF7452DA202CF1910020FAD9FF7452DA002CF282349100204AD9447452FB
:200D5400024440446D00B66F9180004AD944256140446DFF8B90910020FAD9FFDCD6DA000B
:200D740034FF3C3C910020FAD9FFC8E614FFDF1F3680910020FAD9FF6465DA002CF29100E7
:200D940020FAD9FF6465DA00ACF9910020FAD9FF6465DA0034FF910020FAD9FF7452DA0089
:200DB4002CF1910020FAD9FF7452DA002CF282349100204AD9447452024440446D007A6F0D
:200DD4009180004AD9443F6140446DFF4F90910020FAD9FFC8E6DA0034FF910020FAD9FF57
:200DF400DDD614FFDF1F4E80910020FAD9FF6465DA402CF2910020FAD9FF6465DA00ACF9FE
:200E1400910020FAD9FF6465DA0034FF910020FAD9FF7452DA402CF1910020FAD9FF74529C
:200E3400DA002CF2910020FAD9FF74529100202AD9226465092FC6082CF3910020FAD9FF16
:200E540074529100202AD9226465092FC608868F2CF482349100204AD94474520244404480
:200E74006D00286F9180004AD944177140446DFFFD8F910020FAD9FFDDD6DA0034FF3C4817
:200E9400910020FAD9FFC9E614FFDF1F4280910020FAD9FF6465DA002CF2910020FAD9FF72
:200EB4006465DA00ACF9910020FAD9FF6465DA0034FF910020FAD9FF7452DA002CF19100AC
:200ED40020FAD9FF7452DA002CF282349100204AD9447452024440446D00EC6E9180004ACE
:200EF400D9443C7140446DFFC18F910020FAD9FFC9E6DA0034FF910020FAD9FF6465DA006F
:200F14002CF1910020FAD9FF0060DA00B4FF910020FAD9FF40A59100202AD9226465092FF1
:200F3400C80889FFAC38910020FAD9FF6465081FDF1F9781910020FAD9FF646509FFC808B4
:200F5400910020FAD9FF006009F0C0085F0F8901910020FAD9FF00609100202AD92264655F
:200F7400092FC808B4FF910020FAD9FF64659100202AD9226465092FC8082CF3910020FAE5
:200F9400D9FF6465DA00ACF9910020FAD9FF6465DA0134FF910020FAD9FF6465DA002CF180
:200FB400910020FAD9FF646509F0C808DAAA5F0F3A00DAAB5F0F4600DAAC5F0F5300DAADD5
:200FD4005F0F6000DAAE5F0F6D00DAAF5F0F7A00DAB05F0F8700DAB15F0F9400DAB25F0F55
:200FF400A100DAB35F0FAD00DAB45F0FBA00DAB55F0FC500DABB5F0FD000DABE5F0FDC0067
:20101400DABF5F0FE700DAC05F0FF200DAC15F0FFD00DAC25F0F0801DAC35F0F14011D007E
:201034002001910020FAD9FF64653B6041F1ACF5910020FAD9FF6465DA00ACF71D001101C9
:20105400910020FAD9FF64653B6041F1ACF5910020FAD9FF64653B6041F1ACF71D000101E7
:20107400910020FAD9FF64653B6041F1ACF5910020FAD9FF64653BC082F2ACF71D00F10036
:20109400910020FAD9FF64653B6041F1ACF5910020FAD9FF64653B20C4F3ACF71D00E10083
:2010B400910020FAD9FF64653B6041F1ACF5910020FAD9FF64653B8005F5ACF71D00D100D0
:2010D400910020FAD9FF64653B6041F1ACF5910020FAD9FF64653BE046F6ACF71D00C1001E
:2010F400910020FAD9FF64653B6041F1ACF5910020FAD9FF64653B4088F7ACF71D00B1006B
:20111400910020FAD9FF64653B6041F1ACF5910020FAD9FF6465BBA0C9F8ACF71D00A10038
:20113400910020FAD9FF64653B6041F1ACF5910020FAD9FF6465DA00ACF71D0092009100D8
:2011540020FAD9FF64653B6041F1ACF5910020FAD9FF64653B6041F1ACF71D008200910066
:2011740020FAD9FF6465BB8073FFACF5910020FAD9FF6465DA00ACF73C73910020FAD9FF57
:201194006465BB8073FFACF5910020FAD9FF6465DA00ACF73C65910020FAD9FF64653B0033
:2011B40010F2ACF5910020FAD9FF6465BB604CFBACF73C56910020FAD9FF6465DA70ACF55E
:2011D400910020FAD9FF6465BB9073FFACF73C48910020FAD9FF6465DA70ACF5910020FAE9
:2011F400D9FF6465BB907AFFACF73C3A910020FAD9FF6465DAB0ACF5910020FAD9FF64659A
:20121400BB9081FFACF73C2C910020FAD9FF6465DAB0ACF5910020FAD9FF6465BB908CFF4B
:20123400ACF73C1E910020FAD9FF64653B0010F2ACF5910020FAD9FF6465BB605CFDACF710
:201254003C0F910020FAD9FF6465DA18ACF5910020FAD9FF6465BB606CFFACF73C0191000D
:2012740020FAD9FFE3D614FFDF1F4480910020FAD9FF6465DAB82CF4910020FAD9FF646590
:20129400DAA0ACF6910020FAD9FF6465BB9085FFACF8910020FAD9FF6465DA00ACFA910002
:2012B40020FAD9FF7472DAB82CF1910020FAD9FF7472DAA02CF2910020FAD9FF7472DA004F
:2012D4002CF382349100204AD9447472024440446D00F06C9180004AD9441F8140446DFF8C
:2012F400C58D910020FAD9FFE3D6DA0034FF3C49910020FAD9FFE4D614FFDF1F4380910018
:2013140020FAD9FF6465DABA2CF4910020FAD9FF6465DAF0ACF6910020FAD9FF6465BB90FB
:201334008FFFACF8910020FAD9FF6465DA00ACFA910020FAD9FF7472DABA2CF1910020FAD6
:20135400D9FF7472DAF02CF2910020FAD9FF7472DA002CF382349100204AD9447472024477
:2013740040446D00A76C9180004AD944179140446DFF7C8D910020FAD9FFE4D6DA0034FFF2
:20139400910020FAD9FFFED614FFDF1F5880910020FAD9FFE5D614FFDF1F5180910020FA2E
:2013B400D9FFD4E614FFDF1F4A80910020FAD9FF6465DA002CF2910020FAD9FF6465DABC86
:2013D4002CF3910020FAD9FF64653BC025F0ACF5910020FAD9FF6465BB909EFFACF7910075
:2013F40020FAD9FF6465DA00ACF9910020FAD9FF6C72DABC2CF1910020FAD9FF6C72DA5CF4
:201414002CF2910020FAD9FF6C72DA022CF382349100204AD9446C72024440446D004A6CA5
:201434009180004AD94412A140446DFF1F8D910020FAD9FFE5D6DA0034FF910020FAD9FF03
:20145400646514FFDF1FA682910020FAD9FF6465083F3B500C003FF010003BA00A003F0FDA
:201474000C005200918000FAD9FFC4D001F002F6D4FF0000DC0F00001D006A02910020FAA8
:20149400D9FF6C72DAAA2CF1910020FAD9FF6C72DA162CF2910020FAD9FF6C72DA142CF304
:2014B4009180004AD94405B140446DFFDF8C1D006202910020FAD9FF6C72DAAB2CF191007A
:2014D40020FAD9FF6C72DA162CF2910020FAD9FF6C72DA142CF39180004AD9442EB14044D1
:2014F4006DFFC48C1D004702910020FAD9FF6C72DAAC2CF1910020FAD9FF6C72DA162CF243
:20151400910020FAD9FF6C72DA142CF39180004AD94417C140446DFFA98C1D002C029100F8
:2015340020FAD9FF6C72DAAD2CF1910020FAD9FF6C72DA162CF2910020FAD9FF6C72DA1465
:201554002CF39180004AD94400D140446DFF8E8C1D001102910020FAD9FF6C72DAAE2CF1CF
:20157400910020FAD9FF6C72DA162CF2910020FAD9FF6C72DA142CF39180004AD94429D108
:2015940040446DFF738C1D00F601910020FAD9FF6C72DAAF2CF1910020FAD9FF6C72DA16DC
:2015B4002CF2910020FAD9FF6C72DA142CF39180004AD94412E140446DFF588C1D00DB0153
:2015D400910020FAD9FF6C72DAB02CF1910020FAD9FF6C72DA162CF2910020FAD9FF6C721F
:2015F400DA142CF39180004AD9443BE140446DFF3D8C1D00C001910020FAD9FF6C72DAB1B3
:201614002CF1910020FAD9FF6C72DA162CF2910020FAD9FF6C72DA142CF39180004AD94444
:2016340024F140446DFF228C1D00A501910020FAD9FF6C72DAB22CF1910020FAD9FF6C72B5
:20165400DA162CF2910020FAD9FF6C72DA142CF39180004AD9444D0140446DFF078C1D0094
:201674008A01910020FAD9FF6C72DAB32CF1910020FAD9FF6C72DA162CF2910020FAD9FFCE
:201694006C72DA142CF39180004AD944760140446DFFEC8B1D006F01910020FAD9FF6C7207
:2016B400DAB42CF1910020FAD9FF6C72DA382CF2910020FAD9FF6C72DAF72CF39180004A2E
:2016D400D9445F1140446DFFD18B1D005401910020FAD9FF6C72DAB52CF1910020FAD9FF1B
:2016F4006C72DA382CF2910020FAD9FF6C72DAF72CF39180004AD944492140446DFFB68B64
:201714001D003901910020FAD9FF6C72DAB62CF1910020FAD9FF6C72DA902CF2910020FABC
:20173400D9FF6C72DA002CF39180004AD944732140446DFF9B8B1D001E01910020FAD9FF05
:201754006C72DAB72CF1910020FAD9FF6C72DA902CF2910020FAD9FF6C72DA002CF3918095
:20177400004AD9445A3140446DFF808B1D000301910020FAD9FF6C72DAB92CF1910020FA8B
:20179400D9FF6C72DA162CF2910020FAD9FF6C72DA142CF39180004AD944414140446DFF19
:2017B400658B1D00E800910020FAD9FF6C72DABB2CF1910020FAD9FF6C72DA002CF2910023
:2017D40020FAD9FF6C72DA212CF39180004AD9446A4140446DFF4A8B1D00CD00910020FA8E
:2017F400D9FF6C72DABD2CF1910020FAD9FF6C72DA5C2CF2910020FAD9FF6C72DA022CF35A
:201814009180004AD9446B5140446DFF2F8B1D00B200910020FAD9FF6C72DABE2CF1910060
:2018340020FAD9FF6C72DA702CF2910020FAD9FF6C72DA002CF39180004AD9445E61404447
:201854006DFF148B1D009700910020FAD9FF6C72DABF2CF1910020FAD9FF6C72DA702CF2D5
:20187400910020FAD9FF6C72DA002CF39180004AD944467140446DFFF98A3C7C910020FAF5
:20189400D9FF6C72DAC02CF1910020FAD9FF6C72DAB02CF2910020FAD9FF6C72DA002CF364
:2018B4009180004AD9446E7140446DFFDF8A3C62910020FAD9FF6C72DAC12CF1910020FA02
:2018D400D9FF6C72DAB02CF2910020FAD9FF6C72DA002CF39180004AD944568140446DFFFD
:2018F400C58A3C48910020FAD9FF6C72DAC42CF1910020FAD9FF6C72DA8C2CF2910020FA55
:20191400D9FF6C72DA002CF39180004AD9447E8140446DFFAB8A3C2E910020FAD9FF6C729D
:20193400DAC52CF1910020FAD9FF6C72DA8C2CF2910020FAD9FF6C72DA002CF39180004A3D
:20195400D944669140446DFF918A3C14910020FAD9FF6C72DAAA2CF1910020FAD9FF6C72A1
:20197400DA162CF2910020FAD9FF6C72DA142CF33C0182349100204AD9446C720244404424
:201994006D009869910020FAD9FF6465DA0034FF910020FAD9FFE6D614FFDF1FBF8091004C
:2019B40020FAD9FF7C72DAC82CF1910020FAD9FF7C72DA8C2CF2910020FAD9FF7C72DA0034
:2019D4002CF382349100204AD9447C72024440446D0070699180004AD9444EA140446DFFB1
:2019F400458A910020FAD9FF3C50DA00B4FF910020FAD9FF5482DA002CF1910020FAD9FF95
:201A14005482DA002CF2910020FAD9FF5641DA0034FF3C6E910020FAD9FF5741DA0034FFEB
:201A34003C29910020FAD9FF574114FF910020FAD9FF548210FF9100202AD9223C50092FFD
:201A5400C0089100202AD92257411420420F9100202AD9227DD61022142F2CF3910020FA4F
:201A7400D9FF57419100202AD9225741142FC21F34FF910020FAD9FF574114FFBF5FD3FFFF
:201A940082349100204AD9445482024440446D001169910020FAD9FF3C509100202AD922F8
:201AB4003C50092FC008C25FB4FF910020FAD9FF54829100202AD9223C50092FC0082CF1DA
:201AD400910020FAD9FF54829100202AD9223C50092FC008868F2CF2910020FAD9FF5641EA
:201AF4009100202AD9225641142FC21F34FF910020FAD9FF564114F0DA1C3FF08DFF9100AE
:201B140020FAD9FFE6D6DA0034FF9180004AD94475A140446DFFAA89910020FAD9FFE7D605
:201B340014FFDF1FBF80910020FAD9FF7C72DAC92CF1910020FAD9FF7C72DA8C2CF291008A
:201B540020FAD9FF7C72DA002CF382349100204AD9447C72024440446D00AC689180004A36
:201B7400D9446BB140446DFF8189910020FAD9FF3C50DA00B4FF910020FAD9FF5482DA004F
:201B94002CF1910020FAD9FF5482DA002CF2910020FAD9FF5641DA0034FF3C6E910020FA47
:201BB400D9FF5741DA0034FF3C29910020FAD9FF574114FF910020FAD9FF548210FF910008
:201BD400202AD9223C50092FC0089100202AD92257411420420F9100202AD9228906102296
:201BF400142F2CF3910020FAD9FF57419100202AD9225741142FC21F34FF910020FAD9FF0C
:201C1400574114FFBF5FD3FF82349100204AD9445482024440446D004D68910020FAD9FF02
:201C34003C509100202AD9223C50092FC008C25FB4FF910020FAD9FF54829100202AD9229F
:201C54003C50092FC0082CF1910020FAD9FF54829100202AD9223C50092FC008868F2CF2D9
:201C7400910020FAD9FF56419100202AD9225641142FC21F34FF910020FAD9FF564114F054
:201C9400DA1C3FF08DFF910020FAD9FFE7D6DA0034FF9180004AD94452C140446DFFE68849
:201CB400910020FAD9FFE8D614FFDF1FBF80910020FAD9FF7C72DACA2CF1910020FAD9FFCA
:201CD4007C72DA8C2CF2910020FAD9FF7C72DA002CF382349100204AD9447C72024440448E
:201CF4006D00E8679180004AD94448D140446DFFBD88910020FAD9FF3C50DA00B4FF910021
:201D140020FAD9FF5482DA002CF1910020FAD9FF5482DA002CF2910020FAD9FF5641DA00AB
:201D340034FF3C6E910020FAD9FF5741DA0034FF3C29910020FAD9FF574114FF910020FA4C
:201D5400D9FF548210FF9100202AD9223C50092FC0089100202AD92257411420420F9100CC
:201D7400202AD92295261022142F2CF3910020FAD9FF57419100202AD9225741142FC21F0E
:201D940034FF910020FAD9FF574114FFBF5FD3FF82349100204AD9445482024440446D0003
:201DB4008967910020FAD9FF3C509100202AD9223C50092FC008C25FB4FF910020FAD9FF57
:201DD40054829100202AD9223C50092FC0082CF1910020FAD9FF54829100202AD9223C50DF
:201DF400092FC008868F2CF2910020FAD9FF56419100202AD9225641142FC21F34FF91002D
:201E140020FAD9FF564114F0DA1C3FF08DFF910020FAD9FFE8D6DA0034FF9180004AD944AA
:201E34006FD140446DFF2288910020FAD9FFE9D614FFDF1FBF80910020FAD9FF7C72DACB0C
:201E54002CF1910020FAD9FF7C72DA8C2CF2910020FAD9FF7C72DA002CF382349100204A41
:201E7400D9447C72024440446D0024679180004AD94465E140446DFFF987910020FAD9FFD0
:201E94003C50DA00B4FF910020FAD9FF5482DA002CF1910020FAD9FF5482DA002CF29100E3
:201EB40020FAD9FF5641DA0034FF3C6E910020FAD9FF5741DA0034FF3C29910020FAD9FFBE
:201ED400574114FF910020FAD9FF548210FF9100202AD9223C50092FC0089100202AD922A3
:201EF40057411420420F9100202AD922A1461022142F2CF3910020FAD9FF57419100202A6A
:201F1400D9225741142FC21F34FF910020FAD9FF574114FFBF5FD3FF82349100204AD944D7
:201F34005482024440446D00C566910020FAD9FF3C509100202AD9223C50092FC008C25FC3
:201F5400B4FF910020FAD9FF54829100202AD9223C50092FC0082CF1910020FAD9FF548289
:201F74009100202AD9223C50092FC008868F2CF2910020FAD9FF56419100202AD922564131
:201F9400142FC21F34FF910020FAD9FF564114F0DA1C3FF08DFF910020FAD9FFE9D6DA00EB
:201FB40034FF9180004AD9444CF140446DFF5E87910020FAD9FFEAD614FFDF1FF6809100F5
:201FD40020FAD9FF7C72DACC2CF1910020FAD9FF7C72DA382CF2910020FAD9FF7C72DAF767
:201FF4002CF382349100204AD9447C72024440446D0060669180004AD944820140446DFF0A
:202014003587910020FAD9FF3C50DA00B4FF910020FAD9FF5482DA002CF1910020FAD9FF81
:202034005482DA002CF2910020FAD9FF5441DA00B4FF1D00A300910020FAD9FF5741DA0064
:2020540034FF3C2A910020FAD9FF574114FF910020FAD9FF548210FF9100202AD9227812DD
:20207400D4229100204AD9443C50094FC00810229100204AD9445741144F1022142F2CF3B9
:20209400910020FAD9FF57419100202AD9225741142FC21F34FF910020FAD9FF574114FF1E
:2020B400BF5FD2FF82349100204AD9445482024440446D00FF65910020FAD9FF3C5091003E
:2020D400202AD9223C50092FC008C25FB4FF910020FAD9FF54829100202AD9223C50092F54
:2020F400C0082CF1910020FAD9FF54829100202AD9223C50092FC008868F2CF2910020FA4E
:20211400D9FF3C60D4FFDA20ACF86DFF73A76DFF0BAE6DFF0FA7910020FAD9FF3E50910057
:20213400202AD9223E50092FC008C21FB4FF910020FAD9FF3E5009FFC0083B007D003F0F3D
:20215400118000006D00DE5FC5FFC400DA109B0F01F074FF910020FAD9FF3E50DA00B4FF12
:20217400910020FAD9FF54419100202AD9225441092FC008C21FB4FF910020FAD9FF54411C
:2021940009FFC0083B2017033F0F57FF910020FAD9FFEAD6DA0034FF9180004AD944AE01CB
:2021B40040446DFF6386910020FAD9FFEBD614FFDF1FF680910020FAD9FF7C72DACD2CF132
:2021D400910020FAD9FF7C72DA382CF2910020FAD9FF7C72DAF72CF382349100204AD9441B
:2021F4007C72024440446D0065659180004AD944AB1140446DFF3A86910020FAD9FF3C50E9
:20221400DA00B4FF910020FAD9FF5482DA002CF1910020FAD9FF5482DA002CF2910020FAD1
:20223400D9FF5441DA00B4FF1D00A300910020FAD9FF5741DA0034FF3C2A910020FAD9FFBF
:20225400574114FF910020FAD9FF548210FF9100202AD9227C12D4229100204AD9443C5059
:20227400094FC00810229100204AD9445741144F1022142F2CF3910020FAD9FF57419100A5
:20229400202AD9225741142FC21F34FF910020FAD9FF574114FFBF5FD2FF82349100204A28
:2022B400D9445482024440446D000465910020FAD9FF3C509100202AD9223C50092FC00806
:2022D400C25FB4FF910020FAD9FF54829100202AD9223C50092FC0082CF1910020FAD9FFBB
:2022F40054829100202AD9223C50092FC008868F2CF2910020FAD9FF3C60D4FFDA20ACF8CF
:202314006DFF78A66DFF10AD6DFF14A6910020FAD9FF3E509100202AD9223E50092FC0085B
:20233400C21FB4FF910020FAD9FF3E5009FFC0083B007D003F0F118000006D00E35EC5FF0B
:20235400C400DA109B0F01F074FF910020FAD9FF3E50DA00B4FF910020FAD9FF5441910066
:20237400202AD9225441092FC008C21FB4FF910020FAD9FF544109FFC0083B2017033F0F30
:2023940057FF910020FAD9FFEBD6DA0034FF9180004AD944972140446DFF6885910020FACA
:2023B400D9FFECD614FFDF1FBE80910020FAD9FF7C72DACE2CF1910020FAD9FF7C72DA0996
:2023D4002CF2910020FAD9FF7C72DA002CF382349100204AD9447C72024440446D006A64A0
:2023F4009180004AD944943140446DFF3F85910020FAD9FF3C50DA00B4FF910020FAD9FFB9
:202414005482DA002CF1910020FAD9FF5482DA002CF2910020FAD9FF5641DA0034FF3C6EB9
:20243400910020FAD9FF5741DA0034FF3C29910020FAD9FF574114FF910020FAD9FF548274
:2024540010FF9100202AD9223C50092FC0089100202AD92257411420420F9100202AD9222E
:20247400AD661022142F2CF3910020FAD9FF57419100202AD9225741142FC21F34FF910030
:2024940020FAD9FF574114FFBF5FD3FF82349100204AD9445482024440446D000B649100C0
:2024B40020FAD9FF3C509100202AD9223C50092FC008C25FB4FF910020FAD9FF548291006A
:2024D400202AD9223C50092FC0082CF1910020FAD9FF54829100202AD9223C50092FC0083F
:2024F400868F2CF2910020FAD9FF56419100202AD9225641142FC21F34FF910020FAD9FF34
:20251400564114FFBF2F8EFF910020FAD9FFECD6DA0034FF9180004AD944BB3140446DFFDC
:20253400A584910020FAD9FFEDD614FFDF1FBF80910020FAD9FF7C72DACF2CF1910020FAE6
:20255400D9FF7C72DA182CF2910020FAD9FF7C72DA012CF382349100204AD9447C72024424
:2025740040446D00A7639180004AD944AF4140446DFF7C84910020FAD9FF3C50DA00B4FF58
:20259400910020FAD9FF5482DA002CF1910020FAD9FF5482DA002CF2910020FAD9FF56416C
:2025B400DA0034FF3C6E910020FAD9FF5741DA0034FF3C29910020FAD9FF574114FF910004
:2025D40020FAD9FF548210FF9100202AD9223C50092FC0089100202AD92257411420420FBB
:2025F4009100202AD922B6661022142F2CF3910020FAD9FF57419100202AD9225741142F75
:20261400C21F34FF910020FAD9FF574114FFBF5FD3FF82349100204AD94454820244404406
:202634006D004863910020FAD9FF3C509100202AD9223C50092FC008C25FB4FF910020FA7E
:20265400D9FF54829100202AD9223C50092FC0082CF1910020FAD9FF54829100202AD9220A
:202674003C50092FC008868F2CF2910020FAD9FF56419100202AD9225641142FC21F34FFA9
:20269400910020FAD9FF564114F0DA383FF08DFF910020FAD9FFEDD6DA0034FF9180004A8D
:2026B400D944965140446DFFE183910020FAD9FFEED614FFDF1FBF80910020FAD9FF7C72A6
:2026D400DAD02CF1910020FAD9FF7C72DA182CF2910020FAD9FF7C72DA012CF382349100EC
:2026F400204AD9447C72024440446D00E3629180004AD9448C6140446DFFB883910020FA9A
:20271400D9FF3C50DA00B4FF910020FAD9FF5482DA002CF1910020FAD9FF5482DA002CF213
:20273400910020FAD9FF5641DA0034FF3C6E910020FAD9FF5741DA0034FF3C29910020FA7C
:20275400D9FF574114FF910020FAD9FF548210FF9100202AD9223C50092FC0089100202A3D
:20277400D92257411420420F9100202AD9228EB61022142F2CF3910020FAD9FF57419100D3
:20279400202AD9225741142FC21F34FF910020FAD9FF574114FFBF5FD3FF82349100204A22
:2027B400D9445482024440446D008462910020FAD9FF3C509100202AD9223C50092FC00884
:2027D400C25FB4FF910020FAD9FF54829100202AD9223C50092FC0082CF1910020FAD9FFB6
:2027F40054829100202AD9223C50092FC008868F2CF2910020FAD9FF56419100202AD9226A
:202814005641142FC21F34FF910020FAD9FF564114F0DA383FF08DFF910020FAD9FFEED684
:20283400DA0034FF9180004AD944B36140446DFF1D83910020FAD9FFEFD614FFDF1FBE80C4
:20285400910020FAD9FF7C72DAD12CF1910020FAD9FF7C72DA302CF2910020FAD9FF7C7221
:20287400DA002CF382349100204AD9447C72024440446D001F629180004AD944A9714044C1
:202894006DFFF482910020FAD9FF3C50DA00B4FF910020FAD9FF5482DA002CF1910020FAAB
:2028B400D9FF5482DA002CF2910020FAD9FF5641DA0034FF3C6E910020FAD9FF5741DA0098
:2028D40034FF3C29910020FAD9FF574114FF910020FAD9FF548210FF9100202AD9223C5054
:2028F400092FC0089100202AD92257411420420F9100202AD922A6F61022142F2CF391003A
:2029140020FAD9FF57419100202AD9225741142FC21F34FF910020FAD9FF574114FFBF5F08
:20293400D3FF82349100204AD9445482024440446D00C061910020FAD9FF3C509100202ACB
:20295400D9223C50092FC008C25FB4FF910020FAD9FF54829100202AD9223C50092FC0084D
:202974002CF1910020FAD9FF54829100202AD9223C50092FC008868F2CF2910020FAD9FFB5
:2029940056419100202AD9225641142FC21F34FF910020FAD9FF564114FFBFAF8EFF91000F
:2029B40020FAD9FFEFD6DA0034FF9180004AD944908140446DFF5A82910020FAD9FFF0D6A1
:2029D40014FFDF1FBE80910020FAD9FF7C72DAD22CF1910020FAD9FF7C72DA3A2CF2910026
:2029F40020FAD9FF7C72DA002CF382349100204AD9447C72024440446D005C619180004ADF
:202A1400D944859140446DFF3182910020FAD9FF3C50DA00B4FF910020FAD9FF5482DA00FD
:202A34002CF1910020FAD9FF5482DA002CF2910020FAD9FF5641DA0034FF3C6E910020FA98
:202A5400D9FF5741DA0034FF3C29910020FAD9FF574114FF910020FAD9FF548210FF910059
:202A7400202AD9223C50092FC0089100202AD92257411420420F9100202AD922D60610229A
:202A9400142F2CF3910020FAD9FF57419100202AD9225741142FC21F34FF910020FAD9FF5D
:202AB400574114FFBF5FD3FF82349100204AD9445482024440446D00FD60910020FAD9FFAC
:202AD4003C509100202AD9223C50092FC008C25FB4FF910020FAD9FF54829100202AD922F1
:202AF4003C50092FC0082CF1910020FAD9FF54829100202AD9223C50092FC008868F2CF22B
:202B1400910020FAD9FF56419100202AD9225641142FC21F34FF910020FAD9FF564114FF96
:202B3400BFCF8EFF910020FAD9FFF0D6DA0034FF9180004AD944AC9140446DFF97819100C2
:202B540020FAD9FFF1D614FFDF1FBE80910020FAD9FF7C72DAD32CF1910020FAD9FF7C72AD
:202B7400DA3A2CF2910020FAD9FF7C72DA002CF382349100204AD9447C72024440446D00B2
:202B940099609180004AD944A1A140446DFF6E81910020FAD9FF3C50DA00B4FF910020FA48
:202BB400D9FF5482DA002CF1910020FAD9FF5482DA002CF2910020FAD9FF5641DA0034FFE4
:202BD4003C6E910020FAD9FF5741DA0034FF3C29910020FAD9FF574114FF910020FAD9FFF9
:202BF400548210FF9100202AD9223C50092FC0089100202AD92257411420420F9100202AAC
:202C1400D922D0161022142F2CF3910020FAD9FF57419100202AD9225741142FC21F34FF4B
:202C3400910020FAD9FF574114FFBF5FD3FF82349100204AD9445482024440446D003A60ED
:202C5400910020FAD9FF3C509100202AD9223C50092FC008C25FB4FF910020FAD9FF5482C2
:202C74009100202AD9223C50092FC0082CF1910020FAD9FF54829100202AD9223C50092FCE
:202C9400C008868F2CF2910020FAD9FF56419100202AD9225641142FC21F34FF910020FA9C
:202CB400D9FF564114FFBFCF8EFF910020FAD9FFF1D6DA0034FF9180004AD94488B14044D7
:202CD4006DFFD480910020FAD9FFF2D614FFDF1FBE80910020FAD9FF7C72DAD52CF19100B8
:202CF40020FAD9FF7C72DA3A2CF2910020FAD9FF7C72DA002CF382349100204AD9447C7288
:202D1400024440446D00D65F9180004AD944BDB140446DFFAB80910020FAD9FF3C50DA0049
:202D3400B4FF910020FAD9FF5482DA002CF1910020FAD9FF5482DA002CF2910020FAD9FFA8
:202D54005641DA0034FF3C6E910020FAD9FF5741DA0034FF3C29910020FAD9FF574114FF56
:202D7400910020FAD9FF548210FF9100202AD9223C50092FC0089100202AD92257411420D3
:202D9400420F9100202AD922ECB61022142F2CF3910020FAD9FF57419100202AD922574139
:202DB400142FC21F34FF910020FAD9FF574114FFBF5FD3FF82349100204AD94454820244A0
:202DD40040446D00775F910020FAD9FF3C509100202AD9223C50092FC008C25FB4FF910042
:202DF40020FAD9FF54829100202AD9223C50092FC0082CF1910020FAD9FF54829100202A44
:202E1400D9223C50092FC008868F2CF2910020FAD9FF56419100202AD9225641142FC21F39
:202E340034FF910020FAD9FF564114FFBFCF8EFF910020FAD9FFF2D6DA0034FF9180004A50
:202E5400D944B8C140446DFF11800090024F8F8F3F00020016FF02FF8F0F01F042F002022C
:202E74003C0100904044910020FAD9FF4C519100202AD92270D6142F9100202AD9226ED654
:202E94001420420F9100202AD92250D69420420FC2FF160F34FF910020FAD9FF73D614FFA0
:202EB400DF1FDE80910020FAD9FF5C41094FC008B4FF910020FAD9FF5E41094FC208B4FFB8
:202ED400910020FAD9FF6041094FC408B4FF910020FAD9FF6241094FC608B4FF910020FA39
:202EF400D9FF6C419100202AD9225C410924C00802446DFFADFF022274F2910020FAD9FF66
:202F140070419100202AD9225E410924C00802446DFF9EFF022274F2910020FAD9FF744171
:202F34009100202AD92260410924C00802446DFF8FFF022274F2910020FAD9FF784191007A
:202F5400202AD92262410924C00802446DFF80FF022274F2910020FAD9FF4C5114FF530F30
:202F74002CF0910020FAD9FF4CD410FF9100202AD9226C41542F6CFB910020FAD9FF4C51E2
:202F940014FF530F2CF0910020FAD9FF4CD410FF9100202AD9227041542F89FF1819910086
:202FB40020FAD9FF4C5114FF530F2CF0910020FAD9FF4CD410FF9100202AD9227441542F1D
:202FD40089FF0C29910020FAD9FF4C5114FF530F2CF0910020FAD9FF4CD410FF9100202AE2
:202FF400D9227841542F89FF3829910020FAD9FF4C5114FF530F2CF0910020FAD9FF4CD449
:2030140010FF9100202AD9224C51142F530F2CF09100202AD9224CD410224C2196806CF151
:20303400910020FAD9FF4C5114FF530F2CF0910020FAD9FF4CD410FF9100202AD9224C51A6
:20305400142F530F2CF09100202AD9224CD41022092F2419968089FF24193C41910020FAFB
:20307400D9FF4C5114FF530F2CF0910020FAD9FF4CD410FF9100202AD9224C51142F530F6C
:203094002CF09100202AD9224CD410224C21BBF0F70F9BF0FF0F260F6CF1910020FAD9FF0C
:2030B4004C5114FF530F2CF0910020FAD9FF4CD410FF9100202AD9224C51142F530F2CF0E8
:1E30D4009100202AD9224CD41022092F2419BBF0F70F9BF0FF0F260F89FF241900906D
:2030F4004044910020FAD9FF4D519100202AD92270D6142F9100202AD9226ED61420420F19
:203114009100202AD92250D69420420FC2FF160F34FF910020FAD9FF73D614FFDF1FDE8046
:20313400910020FAD9FF6441094FC008B4FF910020FAD9FF6641094FC208B4FF910020FAD6
:20315400D9FF6841094FC408B4FF910020FAD9FF6A41094FC608B4FF910020FAD9FF7C41BC
:203174009100202AD92264410924C00802446DFF6FFE022274F2910020FAD9FF405191007D
:20319400202AD92266410924C00802446DFF60FE022274F2910020FAD9FF44519100202AAD
:2031B400D92268410924C00802446DFF51FE022274F2910020FAD9FF48519100202AD922E5
:2031D4006A410924C00802446DFF42FE022274F2910020FAD9FF4D5114FF530F2CF091007C
:2031F40020FAD9FF4CD410FF9100202AD9227C41542F6CFC910020FAD9FF4D5114FF530F86
:203214002CF0910020FAD9FF4CD410FF9100202AD9224051542F89FF1C19910020FAD9FFA2
:203234004D5114FF530F2CF0910020FAD9FF4CD410FF9100202AD9224451542F89FF1029EA
:20325400910020FAD9FF4D5114FF530F2CF0910020FAD9FF4CD410FF9100202AD922485187
:20327400542F89FF3C29910020FAD9FF4D5114FF530F2CF0910020FAD9FF4CD410FF9100D5
:20329400202AD9224D51142F530F2CF09100202AD9224CD410224C2196806CF1910020FAC3
:2032B400D9FF4D5114FF530F2CF0910020FAD9FF4CD410FF9100202AD9224D51142F530F28
:2032D4002CF09100202AD9224CD41022092F2419968089FF24193C41910020FAD9FF4D51A8
:2032F40014FF530F2CF0910020FAD9FF4CD410FF9100202AD9224D51142F530F2CF09100B1
:20331400202AD9224CD410224C21BBF0F70F9BF0FF0F260F6CF1910020FAD9FF4D5114FF85
:20333400530F2CF0910020FAD9FF4CD410FF9100202AD9224D51142F530F2CF09100202A39
:1A335400D9224CD41022092F2419BBF0F70F9BF0FF0F260F89FF24190090C9
:203370000244910020FAD9FF04609100202AD9220460092FC008C21FB4FF910020FAD9FFBF
:20339000106014FF910020FAD9FF505110FF34F4910020FAD9FF10609100202AD922106006
:2033B000142FC21F34FF910020FAD9FF106014FF910020FAD9FF116014F03F0F0E8091003B
:2033D00020FAD9FF1060DA0034FF910020FAD9FF0660DA0134FF0090910020FAD9FF5AD634
:2033F00009FFCE083B007D003F0F2580910020FAD9FF0C6014FFDF0F1E80DA5602F46D0013
:203410008B03910020FAD9FF1060DA0034FF910020FAD9FF1160DA0734FF910020FAD9FF83
:203430000660DA0034FF910020FAD9FF0C60DA0134FF910020FAD9FF5AD609FFCE083BC080
:20345000DA003F0F7380910020FAD9FF0D6014FFDF0F6C80910020FAD9FF0D60DA0134FF66
:20347000910020FAD9FF066014FFDF1F198000006D00E603910020FAD9FF6E51DA0034FF04
:20349000910020FAD9FF19279100202AD92219270C243BF0F70F260F2CF43C47910020FA5F
:2034B000D9FF0C60DA0034FF910020FAD9FF0D60DA0034FF910020FAD9FF5AD63B007DF053
:2034D000ACF7910020FAD9FF6E519100202AD9226E51142FC21F34FF6DFFFA7C910020FA7E
:2034F000D9FF6E5114FFBF4F2180910020FAD9FF19279100202AD92219270C2496802CF424
:20351000910020FAD9FF6E51DA0034FF910020FAD9FF40A5DA0089FFB008910020FAD9FF47
:2035300040A5DA0089FFB208910020FAD9FF5AD609FFCE083B8038013F0F1C80910020FA60
:20355000D9FF0A6014FFDF1F1580DA463B00035002F402556D00F803910020FAD9FF0A6023
:20357000DA0034FF910020FAD9FF0B60DA0134FF910020FAD9FF5AD609FFCE083B4096018F
:203590003F0F1580910020FAD9FF0B6014FF5E1EDA523B00035002F402556D00D5039100DE
:2035B00020FAD9FF0B60DA0034FF910020FAD9FF5AD609FFCE083B00E2043F0F258091005B
:2035D00020FAD9FF086014FFDF0F1E80DA5302F46D00A202910020FAD9FF1060DA0034FFAE
:2035F000910020FAD9FF1160DA1434FF910020FAD9FF0660DA0034FF910020FAD9FF0860C5
:20361000DA0134FF910020FAD9FF5AD609FFCE083BC03F053F0F7780910020FAD9FF09608B
:2036300014FFDF0F7080910020FAD9FF0960DA0134FF910020FAD9FF066014FFDF1F5080C5
:20365000DA5302F46D006E02910020FAD9FF40A59100202AD9226451092FC00889FFAC082B
:20367000910020FAD9FF40A59100202AD9226651092FC00889FFAE08910020FAD9FF6451CF
:2036900009FFC0083B001E007E0B910020FAD9FF665109FFC0083B001E005F0F1A009100EC
:2036B00020FAD9FF0860DA0034FF910020FAD9FF0960DA0034FF910020FAD9FF0A60DA01D2
:2036D00034FF910020FAD9FF5AD6DA00ACF7910020FAD9FF0660DA0034FF3C14910020FA86
:2036F000D9FF0860DA0034FF910020FAD9FF0960DA0034FF910020FAD9FF5AD63B00E2F4B0
:20371000ACF7910020FAD9FF5AD609FFCE083B809D053F0F2580910020FAD9FF0E6014FF11
:20373000DF0F1E80DA4302F46D00F601910020FAD9FF1060DA0034FF910020FAD9FF116082
:20375000DA0534FF910020FAD9FF0660DA0034FF910020FAD9FF0E60DA0134FF910020FAA7
:20377000D9FF5AD609FFCE083B40FB053F0F2B80910020FAD9FF0F6014FFDF0F24809100B7
:2037900020FAD9FF066014FFDF1F178000006D00A902910020FAD9FF40A59100202AD922C3
:2037B0006C51092FC00889FFB408910020FAD9FF0660DA0034FF910020FAD9FF0F60DA0135
:2037D00034FF910020FAD9FF5AD609FFCE083B0053073F0F2580910020FAD9FF076014FF90
:2037F000DF0F1E80DA4902F46D009601910020FAD9FF1060DA0034FF910020FAD9FF11601C
:20381000DA1434FF910020FAD9FF0660DA0034FF910020FAD9FF0760DA0134FF910020FADE
:20383000D9FF5AD609FFCE083BC0B0077FF05781910020FAD9FF066014FFDF1F0581DA49F6
:2038500002F46D006F01910020FAD9FF40A59100202AD9226851092FC00889FFB0089100BD
:2038700020FAD9FF40A59100202AD9226A51092FC00889FFB208910020FAD9FF685109FF4A
:20389000C0083B703E007E0D910020FAD9FF19279100202AD92219270C2496202CF43C526F
:2038B000910020FAD9FF19279100202AD92219270C243BF0FD0F260F2CF4910020FAD9FFE0
:2038D000685109FFC0083B8025007FF00E80910020FAD9FF19279100202AD92219270C2469
:2038F00096012CF43C0D910020FAD9FF19279100202AD92219270C2482E0260F2CF4910067
:2039100020FAD9FF685109FFC0083BC017007F0F0E80910020FAD9FF19279100202AD92255
:2039300019270C2496022CF43C0D910020FAD9FF19279100202AD92219270C2482D0260F76
:203950002CF4910020FAD9FF6A5109FFC0083B703E007E0D910020FAD9FF19279100202A17
:20397000D92219270C2496402CF43C53910020FAD9FF19279100202AD92219270C243BF013
:20399000FB0F260F2CF4910020FAD9FF6A5109FFC0083B8025007FF00E80910020FAD9FF4A
:2039B00019279100202AD92219270C2496042CF43C0D910020FAD9FF19279100202AD922D5
:2039D00019270C2482B0260F2CF4910020FAD9FF6A5109FFC0083BC017007F0F0E80910013
:2039F00020FAD9FF19279100202AD92219270C2496082CF43C0E910020FAD9FF19279100E3
:203A1000202AD92219270C243B70FF0F260F2CF4910020FAD9FF1260DA0034FF910020FA26
:203A3000D9FF19279100202AD92219270C243BF0F70F260F2CF4910020FAD9FF0660DA00CF
:203A500034FF3C34910020FAD9FF12609100202AD9221260142FC21F34FF6DFF397A91006F
:203A700020FAD9FF126014FFBF3F2180910020FAD9FF19279100202AD92219270C24968001
:203A90002CF4910020FAD9FF1260DA0034FF910020FAD9FF40A5DA0089FFB008910020FAC7
:203AB000D9FF40A5DA0089FFB208910020FAD9FF0760DA0034FF910020FAD9FF0E60DA005B
:203AD00034FF910020FAD9FF0F60DA0034FF910020FAD9FF5AD6DA00ACF7910020FAD9FFF1
:203AF0001927084F910020FAD9FF136014F03E07910020FAD9FFFDC6DA0134FF9100202AB1
:123B1000D9221360910020FAD9FF1927084F342F009028
:0A3B2400024402446DFF2E7A009067
:203B3000200802449100202AD9227951910020FAD9FF5051082F342F910020FAD9FF79515C
:203B50009100202AD92250510C232CF1910020FAD9FF79519100202AD92250510C252CF27F
:203B70009100202AD9227C51910020FAD9FF505108BF342F910020FAD9FF7C519100202A19
:203B9000D92250510C2C2CF1910020FAD9FF7C519100202AD92250510C2E2CF2DA535FF485
:203BB0002780910020FAD9FF6451F4AF9100204AD94479519180005AD95584E1404440557A
:203BD0006DFFA28A0222910020FAD9FF6651F4AF9100204AD9447C519180005AD95584E159
:203BF000404440556DFF908A02223C28DA495FF42680910020FAD9FF6851F4AF9100204A98
:203C1000D94479519180005AD95584E1404440556DFF7A8A0222910020FAD9FF6A51F4AF21
:203C30009100204AD9447C519180005AD95584E1404440556DFF688A022200909100204A6B
:203C5000D9446F519100205AD955505182744044405502446DFFB28A4022910020FAD9FFBB
:203C70000020DA5089FF3018910020FAD9FF0020DA4989FF3118910020FAD9FF0020DA43C3
:203C900089FF3218910020FAD9FF0020DA2089FF3318910020FAD9FF0020DA2089FF341861
:203CB000910020FAD9FF0020DA2089FF3A18910020FAD9FF0020DA2089FF3B18910020FA5A
:203CD000D9FF002049F4351A9100205AD9556F5182544044405502446DFF708A40220090CA
:203CF0002008910020FAD9FF76519100202AD9225051142F34FF910020FAD9FF765191007A
:203D1000202AD92250510C212CF1910020FAD9FF76519100202AD92250510C222CF29100C5
:203D300020FAD9FF6C51F4AF9100204AD94476519180005AD95584E1404440556DFFE48952
:163D5000022200900244025F02446DFF157902F46DFF1279009045
:203D68000244024FBBF0FF5F02F402556DFF8E8A02220222BBF0FF0F260F8F8F00F042F252
:0A3D88003702502002223C01009097
:203D9400910020FAD9FF58D609FFC008DF2F3A80910020FAD9FF0C329100202AD9223C6093
:203DB400D4229100204AD9443C60D444094FD6081603861FC2EF1022092FF608864F9100BA
:203DD400202AD9223C605420420F74FF9100204AD9447005910020FAD9FF0C32D4F53B80E4
:203DF40014404044405502446DFFE68940226D00F51F6D00B72A6D006D2F6D00E91E3C0730
:0E3E1400910020FAD9FFDEE6DA0034FF0090BC
:203E2400910020FAD9FF58D609FFC008DF2F4B80910020FAD9FF0832D4F49100205AD95566
:203E44000CD5DAE44044405502F46DFFBD8940226DFF78940222DAFF5FF21D00910020FA0E
:203E6400D9FF3C60D4FF9100202AD9223C60D422092FD2081603861FC2EF10FF09FFFE08F1
:203E8400864F910020FAD9FF3C6054F0420F60FF3C02A00F9100202AD92218B2F42F9100F5
:203EA40020FAD9FF18B2D4FFA0027D2F0C00910020FAD9FF08329100202AD92218B2542F35
:203EC40074FF0090910020FAD9FFD2E614FF5E1400006D00FF10910020FAD9FFD3E614FF50
:203EE4005E1400006D000E10910020FAD9FFD4E614FF5E1400006D0055170090910020FAEB
:203F0400D9FF3C60D4FFDA20ACF86DFF7B986DFF139F910020FAD9FF12D29100202AD922DE
:203F24003C60D422092FC80886CF1603B4FF910020FAD9FF18629100202AD92212D2092FD3
:203F4400C008B4FF910020FAD9FF12D209FFC00882005FF00D0082105FF0350082205FF0C6
:203F64006E0082305FF059001D00BE00910020FAD9FF58D6DA00B4FF910020FAD9FF3B900E
:203F840014FFF6F89180004AD944D00140446DFF7577910020FAD9FF3B90DA0134FF91000A
:203FA40020FAD9FF3C90DA0034FF910020FAD9FF3D90DA0034FFC5FFC400DA0874FF1D00DB
:203FC4009A00910020FAD9FF58D6DA01B4FF910020FAD9FF3C9014FFF6F89180004AD9443C
:203FE400F70140446DFF4A77910020FAD9FF3C90DA0134FF910020FAD9FF3B90DA0034FF5C
:20400400910020FAD9FF3D90DA0034FFC5FFC400DA0874FF3C6F910020FAD9FF58D6DA0329
:20402400B4FF9180004AD944DE1140446DFF2677C5FFC400DA0874FF3C5D910020FAD9FFDC
:2040440058D6DA02B4FF910020FAD9FF3A9014FF910020FAD9FF3E9014F03E07910020FAFA
:20406400D9FF3D90DA0034FF910020FAD9FF3D9014FFDF0F1780910020FAD9FF3A9014FF42
:204084005E199180004AD944F71140446DFFF6763C089180004AD944D72140446DFFEE76C1
:2040A400910020FAD9FF3D90DA0134FF910020FAD9FF3B90DA0034FF910020FAD9FF3C90F4
:2040C400DA0034FF910020FAD9FF3E909100202AD9223A90142F34FFC5FFC4007B8000F0F5
:2040E40074FF3C08910020FAD9FF58D6DA03B4FF3C016D00B90B910020FAD9FFFDC614FFFD
:20410400DF1F3A80910020FAD9FF58D609FFC008DF2F3280910020FAD9FFFEC614FFDF1F4A
:204124002B80821402446D003328910020FAD9FF0CD59100202AD9220CD5142F8210370FF6
:2041440081F334FF910020FAD9FFFEC6DA0034FF910020FAD9FFFDC6DA0034FF910020FA62
:16416400D9FF40A59100202AD92240A5092FC808C21FACF40090B4
:20417C000244910020FAD9FF1070B4F43C01DA013CFF0090910020FAD9FF1E709100202A63
:20419C00D9221E70092FC008C21FB4FF6DFFCE920222DAFF5FF21D00910020FAD9FF3C6090
:2041BC00D4FF9100202AD9223C60D422092FD2081603861FC2EF10FF09FFFE08864F9100A4
:2041DC0020FAD9FF3C6054F0420F60FF3C02A00F9100202AD9220832F42F00902008024423
:2041FC00404CDA335FF40F849100202AD92232D20CC2B42F9100202AD92232D20920C008CE
:20421C00DA155F0F6501DA965F0F6501DA975F0FE501DA985F0FF101DA995F0FFD01DA9A91
:20423C005F0F0902DA9B5F0F1C02DA9C5F0F7900DA9D5F0F7600DA9E5F0F7300DA9F5F0FF0
:20425C007000DAA05F0F2302DAA15F0F6A00DAA25F0F6700DAA35F0F6400DAA45F0F610085
:20427C00DAA55F0F5E00DAA65F0F5B00DAA75F0F2402DAA85F0F3702DAA95F0F5E02DAAA7B
:20429C005F0F4F00DAAB5F0F4C00DAAC5F0F4900DAAD5F0F4600DAAE5F0F4300DAAF5F0F5E
:2042BC004000DAB05F0F3D00DAB15F0F3A00DAB25F0F3700DAB35F0F3400DAB45F0F3100AD
:2042DC00DAB55F0F2E00DAB65F0F4D02DAB75F0F6A02DAB85F0F8702DAB95F0F2200DABA9F
:2042FC005F0FA702DABB5F0F1C00DABC5F0F1900DABD5F0F1600DABE5F0FC102DABF5F0F64
:20431C00DE02DAC05F0FFB02DAC15F0F1703DAC45F0F3303DAC55F0F4F031D006C039100BB
:20433C00202AD92232D2092FC008910020FAD9FF10A209F0C0085F0FC880910020FAD9FFE9
:20435C0010A209FFDE08C21F910020FAD9FF10A209F0DC087F0F4D00910020FAD9FF10A29E
:20437C009100202AD92210A2092FDE08C21FACFF910020FAD9FF24C29100202AD92210A2FE
:20439C00092FDE088F8F20009100202AD92210A2092FDE08868F16FFA6F0B4F040C4B044A3
:2043BC009100205AD95524C282244044405502446DFFF486402240CCB06C910020FAD9FFCA
:2043DC0010A2C865DAEE40C4405502F46DFFE6864022910020FAD9FF10A29100202AD92246
:2043FC0010A20922980949222E3AE8623C6D910020FAD9FF10A209FFDE08C21F910020FAAE
:20441C00D9FF10A209F0DC085F0F5F80910020FAD9FF10A29100202AD92210A2092FDE08F1
:20443C00C21FACFF910020FAD9FF24C29100202AD92210A2092FDE088F8F20009100202AAC
:20445C00D92210A2092FDE08868F16FFA6F0B4F040C4B0449100205AD95524C282244044D0
:20447C00405502446DFF9A86402240CCB06C910020FAD9FF10A2C865910020FAD9FF10A298
:20449C0009F4600840C4405502446DFF87864022910020FAD9FF32D209FFC00874AF9100D6
:2044BC00204AD9445D029180005AD955CC91404440556DFF078602229100204AD9445D0257
:2044DC0040446DFFCF7400001D009D0200001D009A02910020FAD9FF00429100202AD9227D
:2044FC007BD6142F34FF910020FAD9FF00429100202AD9225464142F2CF2910020FAD9FFA2
:20451C0000429100202AD92254640C212CF3910020FAD9FF00429100202AD92254640C24E0
:20453C002CF4910020FAD9FF0042DA002CF1910020FAD9FF08E29100202AD9227BD6142FAC
:20455C0034FF910020FAD9FF08E2DA002CF1910020FAD9FF08E29100202AD9225464142F6A
:20457C002CF2910020FAD9FF08E29100202AD92254640C212CF3910020FAD9FF08E29100BC
:20459C00202AD92254640C242CF4910020FAD9FF08E240FFB05F9100205AD9556475DA907B
:2045BC0040F4405502F46DFF0386402240CCB04C9100205AD95508E2DA9540C4405502F4A0
:2045DC006DFFF68540229180004AD944ED9140446DFF48741D00170240CCB04C9100205A8B
:2045FC00D95540A5DAF040C4405502F46DFFE08540221D00080240CCB04C9100205AD95598
:20461C00DFE6DA7E40C4405502F46DFFD18540221D00F90140CCB04C9100205AD9551C0733
:20463C00DA7E40C4405502F46DFFC28540221D00EA0140CCB04C9100205AD9556464DA383F
:20465C0040C4405502F46DFFB38540229180004AD944F5A140446DFF05741D00D40140CC34
:20467C00B04C9100205AD9550020DA7C40C4405502F46DFF9D8540229180004AD944EAB1E1
:20469C0040446DFFEF731D00BE0140CCB04C9100205AD9555C94DA7840C4405502F46DFF52
:2046BC00878540229180004AD944DBC140446DFFD9731D00A80140CCB04C9100205AD95519
:2046DC004475DA0A40C4405502F46DFF718540229180004AD944DDD140446DFFC3731D0065
:2046FC00920140CCB04C9100205AD95558E5822440C4405502446DFF5B854022910020FAAF
:20471C00D9FF58E509FFC00874AF9100204AD9445D029180005AD955DCE1404440556DFF23
:20473C00D18402229100204AD9445D0240446DFF99731D00680140CCB04C9100205AD955AA
:20475C0054B4DA7840C4405502F46DFF318540229180004AD944CDF140446DFF83731D0097
:20477C00520140CCB04C910020FAD9FF7812D4FFB0CAF4AE911000E030FED9E579CFD4AE8F
:20479C00B04ADA9040C4405502F46DFF118540229180004AD944130240446DFF63731D0036
:2047BC00320140CCB04C910020FAD9FF7812D4FFB0CAF4AE911000E030FED9E549FFD4AE6F
:2047DC00B04ADA9040C4405502F46DFFF18440229180004AD944370240446DFF43731D0013
:2047FC00120140CCB04C910020FAD9FF7812D4FFB0CAF4AE911000E030FED9E5991FD4AEDF
:20481C00B04ADAA040C4405502F46DFFD18440229180004AD9441B1240446DFF237391009A
:20483C0020FAD9FFE3D6DA0134FF1D00EC0040CCB04C910020FAD9FF7812D4FFB0CAF4AE96
:20485C00911000E030FED9E5B93FD4AEB04ADAF040C4405502F46DFFAB8440229180004AAA
:20487C00D9440A2240446DFFFD72910020FAD9FFE4D6DA0134FF1D00C60040CCB04C9100AD
:20489C0020FAD9FF7C12D4FFB0CAF4AE911000E030FED9E579CFD4AEB04ADA7040C4405579
:2048BC0002F46DFF858440229180004AD9443E2240446DFFD7721D00A60040CCB04C9100A2
:2048DC0020FAD9FF7C12D4FFB0CAF4AE911000E030FED9E569EFD4AEB04ADA7040C4405529
:2048FC0002F46DFF658440229180004AD944223240446DFFB7721D00860040CCB04C9100CE
:20491C0020FAD9FF7C12D4FFB0CAF4AE911000E030FED9E5990FD4AEB04ADAB040C4405558
:20493C0002F46DFF458440229180004AD944064240446DFF97723C6640CCB04C910020FAC0
:20495C00D9FF7C12D4FFB0CAF4AE911000E030FED9E5893FD4AEB04ADAB040C4405502F41C
:20497C006DFF268440229180004AD9442A4240446DFF78723C4740CCB04C910020FAD9FFD7
:20499C007812D4FFB0CAF4AE911000E030FE49E521AAD4AEB04ADA8C40C4405502F46DFFFD
:2049BC00078440229180004AD9440E5240446DFF59723C2840CCB04C910020FAD9FF7812E2
:2049DC00D4FFB0CAF4AE911000E030FE49E52DCAD4AEB04ADA8C40C4405502F46DFFE883B0
:2049FC0040229180004AD944325240446DFF3A723C099180004AD944166240446DFF3272D8
:0A4A1C003C01820202223C010090DE
:204A280020080244404FDA335FF418879100202AD92234D2082FB42F9100202AD92234D2A0
:204A48000920C008DA145F0F3100DA325F0F3100DAC85F0F1F05DAC95F0F3805DACA5F0F91
:204A68005105DACB5F0F6A05DACC5F0F8305DACD5F0F8005DACE5F0F6206DACF5F0F7A050C
:204A8800DAD05F0F7705DAD15F0F7406DAD25F0F8C06DAD35F0FA406DAD45F0F6B05DAD53B
:204AA8005F0FB9061D00D20600001D00D7069100204AD94436D240F5B045822440444055C9
:204AC80002446DFF7F8340229100202AD92238D29100204AD94436D2094FC0088F8F20005A
:204AE8009100204AD94436D2094FC008868F16FFA6F0B4209100202AD92238D2092FC008FA
:204B080074AF9100204AD9445D029180005AD9553B62404440556DFFDF8202229100204AB8
:204B2800D9445D0240446DFFA7719100202AD92238D20920C008DAC87FF0D2839100204AB7
:204B4800D94410A240F5B045083F4044405502F46DFF38834022910020FAD9FF10A29100AF
:204B6800202AD92238D2092FC008B4FF910020FAD9FF10A2DA00ACFF910020FAD9FF38D2E4
:204B880009F0C008DABD3F0F0E00DA9C3FF00B005AF0918000FAD9FF88E190FFD4FF0000B1
:204BA800DC0F00001D009103910020FAD9FF10A29100202AD9226482E862910020FAD9FF93
:204BC80010A2DA11ACFE910020FAD9FF10A2DAC889FF20089180004AD944227240446DFF03
:204BE8004B711D007A03910020FAD9FF10A29100202AD9224C73E862910020FAD9FF10A20E
:204C0800DA11ACFE910020FAD9FF10A2DAC889FF2008910020FAD9FF0CD59100202AD92236
:204C28000CD5142F8200370F81F134FF9180004AD9440E8240446DFF1F711D004E03910054
:204C480020FAD9FF10A29100202AD9224022D422E862910020FAD9FF10A2DA2BACFE9100BB
:204C680020FAD9FF10A2DA0489FF20089180004AD9443A8240446DFFFF701D002E03910088
:204C880020FAD9FF10A29100202AD9224022D422D92250C2E862910020FAD9FF10A2DA2BA9
:204CA800ACFE910020FAD9FF10A2DA0489FF20089180004AD944279240446DFFDD701D00F4
:204CC8000C03910020FAD9FF10A29100202AD9225AE5E862910020FAD9FF10A2DA05ACFE6B
:204CE800910020FAD9FF10A2DA3089FF20089180004AD94414A240446DFFBE701D00ED0265
:204D0800910020FAD9FF10A29100202AD92282E5E862910020FAD9FF10A2DA05ACFE910080
:204D280020FAD9FF10A2DA3089FF20089180004AD94400B240446DFF9F701D00CE02910066
:204D480020FAD9FF10A29100202AD922EAD5E862910020FAD9FF10A2DA05ACFE910020FA5F
:204D6800D9FF10A2DA3089FF20089180004AD9442CB240446DFF80701D00AF02910020FA38
:204D8800D9FF10A29100202AD92212D6E862910020FAD9FF10A2DA05ACFE910020FAD9FF38
:204DA80010A2DA3089FF20089180004AD94418C240446DFF61701D009002910020FAD9FF3A
:204DC80010A29100202AD9224022D422D922E084E862910020FAD9FF10A2DA66ACFE910092
:204DE80020FAD9FF10A2DA4289FF20089180004AD94404D240446DFF3F701D006E02910030
:204E080020FAD9FF10A29100202AD9224022D422B0CAF4AE911000E0302ED9E2C81AD4AE9E
:204E2800B04AE862910020FAD9FF10A23B5020F0ACFE910020FAD9FF10A2DA5C89FF200891
:204E48009180004AD94431D240446DFF15701D004402910020FAD9FF10A29100202AD922EC
:204E68007812D422E862910020FAD9FF10A2DA16ACFE910020FAD9FF10A2DA9089FF200842
:204E88009180004AD9441FE240446DFFF56F1D002402910020FAD9FF10A29100202AD922EF
:204EA8007812D422D9225601E862910020FAD9FF10A2DA16ACFE910020FAD9FF10A2DA9060
:204EC80089FF20089180004AD9440BF240446DFFD36F1D000202910020FAD9FF10A291008C
:204EE800202AD9227812D422D922AC02E862910020FAD9FF10A2DA16ACFE910020FAD9FFA0
:204F080010A2DA9089FF20089180004AD94437F240446DFFB16F1D00E001910020FAD9FF8B
:204F280010A29100202AD9227812D422D922C213E862910020FAD9FF10A2DA16ACFE9100E7
:204F480020FAD9FF10A2DA9089FF20089180004AD944630240446DFF8F6F1D00BE01910053
:204F680020FAD9FF10A29100202AD9227812D422D9221815E862910020FAD9FF10A2DA1698
:204F8800ACFE910020FAD9FF10A2DA9089FF20089180004AD9444F1240446DFF6D6F1D004E
:204FA8009C01910020FAD9FF10A29100202AD9227812D422D9226E16E862910020FAD9FF75
:204FC80010A2DA16ACFE910020FAD9FF10A2DA9089FF20089180004AD9447B1240446DFF39
:204FE8004B6F1D007A01910020FAD9FF10A29100202AD9227812D422D9228427E86291004B
:2050080020FAD9FF10A2DA16ACFE910020FAD9FF10A2DA9089FF20089180004AD9446722FA
:2050280040446DFF296F1D005801910020FAD9FF10A29100202AD9227812D422B0CAF4AEC3
:20504800911000E0302ED9E2DA28D4AEB04AE862910020FAD9FF10A2DA16ACFE910020FA6C
:20506800D9FF10A2DA9089FF20089180004AD944533240446DFF006F1D002F01910020FA30
:20508800D9FF10A29100202AD9227812D422E862910020FAD9FF10A2DA16ACFE910020FA64
:2050A800D9FF10A2DA9089FF20089180004AD9447F3240446DFFE06E1D000F01910020FA05
:2050C800D9FF10A29100202AD9227812D422D9225601E862910020FAD9FF10A2DA16ACFE7D
:2050E800910020FAD9FF10A2DA9089FF20089180004AD9446B4240446DFFBE6E1D00ED000E
:20510800910020FAD9FF10A29100202AD9227812D422E862910020FAD9FF10A23BA010F0A2
:20512800ACFE910020FAD9FF10A2DADA89FF20089180004AD944575240446DFF9D6E1D00EB
:20514800CC00910020FAD9FF10A29100202AD9227C12D422E862910020FAD9FF10A23BA092
:2051680010F0ACFE910020FAD9FF10A2DADA89FF20089180004AD944446240446DFF7C6EEC
:205188001D00AB00910020FAD9FF10A29100202AD9227812D422B0CAF4AE911000E0302EB9
:2051A800D9E2302AD4AEB04AE862910020FAD9FF10A2DA16ACFE910020FAD9FF10A2DA909E
:2051C80089FF20089180004AD944716240446DFF536E1D008200910020FAD9FF10A29100B6
:2051E800202AD9227812D422B0CAF4AE911000E0302ED9E2463BD4AEB04AE862910020FA3A
:20520800D9FF10A2DA24ACFE910020FAD9FF10A2DA7689FF20089180004AD9445D72404454
:205228006DFF2A6E3C59910020FAD9FF10A29100202AD9227812D422B0CAF4AE911000E0A5
:20524800302ED9E2A97FD4AEB04AE862910020FAD9FF10A2DA03ACFE910020FAD9FF10A24E
:20526800DA8089FF20089180004AD944498240446DFF026E3C31910020FAD9FF10A2910046
:20528800202AD9227812D422B0CAF4AE911000E0302ED9E2C51FD4AEB04AE862910020FA36
:2052A800D9FF10A2DA03ACFE910020FAD9FF10A2DA8089FF20089180004AD94474824044A4
:2052C8006DFFDA6D3C099180004AD9445F9240446DFFD26D3C0100001D00D9009100204A08
:2052E800D94434A240F5B045083F4044405502F46DFF687F4022910020FAD9FF34A2910094
:20530800202AD92238D2092FC008B4FF910020FAD9FF34A2DA00ACFF910020FAD9FF38D218
:2053280009F0C008DACC3E0FDACD5F0F2E00DACF5F0F4B00DAD05F0F6600DAD45F0F8100F1
:205348001D009D00910020FAD9FF34A29100202AD9227812D422E862910020FAD9FF34A239
:205368003BA010F0ACFE910020FAD9FF34A2DADA89FF20089180004AD94450A240446DFF89
:205388007B6D1D008400910020FAD9FF34A29100202AD9227C12D422E862910020FAD9FFFC
:2053A80034A23BA010F0ACFE910020FAD9FF34A2DADA89FF20089180004AD94441B24044DE
:2053C8006DFF5A6D3C63910020FAD9FF34A29100202AD922B666E862910020FAD9FF34A205
:2053E800DA02ACFE910020FAD9FF34A2DA2A89FF20089180004AD94472B240446DFF3C6DDD
:205408003C45910020FAD9FF34A29100202AD9228EB6E862910020FAD9FF34A2DA02ACFE67
:20542800910020FAD9FF34A2DA2A89FF20089180004AD94461C240446DFF1E6D3C2791004D
:2054480020FAD9FF34A29100202AD922CA26E862910020FAD9FF34A2DA03ACFE910020FAE1
:20546800D9FF34A2DA8689FF20089180004AD94450D240446DFF006D3C099180004AD944B2
:205488007FD240446DFFF86C3C0100001D00E6019100204AD9447DD640FFB04FDA8C40448B
:2054A80040F502F46DFF8E7E40229180004AD94471E240446DFFE06C910020FAD9FFE6D699
:2054C800DA0134FF1D00CA019100204AD944890640FFB04FDA8C404440F502F46DFF727E78
:2054E80040229180004AD94459F240446DFFC46C910020FAD9FFE7D6DA0134FF1D00AE0145
:205508009100204AD944952640FFB04FDA8C404440F502F46DFF567E40229180004AD94443
:20552800810240446DFFA86C910020FAD9FFE8D6DA0134FF1D0092019100204AD944A146DE
:2055480040FFB04FDA8C404440F502F46DFF3A7E40229180004AD944A90240446DFF8C6C5F
:20556800910020FAD9FFE9D6DA0134FF1D0076019100202AD92234D2092FC0089100202A88
:20558800D92234A20920C0085F0FD6809100204AD944206240F5B045083F4044405502F463
:2055A8006DFF107E4022910020FAD9FF3AD29100202AD9222062092FC0088F8F20009100D1
:2055C800202AD9222062092FC008868F16FFA6F0B4F0910020FAD9FF3AD209FFC0089100A8
:2055E80020FAD9FF34A209F0DC087F0F2380910020FAD9FF34A2C864910020FAD9FF206243
:2056080040FFB02FDAEE404440F502F46DFFDA7D4022910020FAD9FF34A29100202AD92299
:2056280034A20922980949222E3AE8621D008400910020FAD9FF3AD209FFC008910020FAF8
:20564800D9FF34A209F0DC085F0F1980910020FAD9FF34A2C864910020FAD9FF206240FFE7
:20566800B02F9100202AD92234A209246008404440F502446DFFA67D4022910020FAD9FF8F
:2056880034D209F0C008DACC3E0EDACD5F0F1A00DACF5F0F2500DAD05F0F3000DAD45F0F7A
:2056A8003B003C47910020FAD9FFEAD6DA0134FF9180004AD944911240446DFFDD6B3C3B09
:2056C800910020FAD9FFEBD6DA0134FF9180004AD944BB1240446DFFCF6B3C2D910020FAED
:2056E800D9FFEDD6DA0134FF9180004AD944A52240446DFFC16B3C1F910020FAD9FFEED6FC
:20570800DA0134FF9180004AD9448F3240446DFFB36B3C11910020FAD9FFF8D6DA0134FF80
:205728009180004AD944B93240446DFFA56B3C0300003C0100001D0091009100204AD944BC
:20574800AD6640FFB04FDA09404440F502F46DFF397D40229180004AD944A34240446DFF8D
:205768008B6B910020FAD9FFECD6DA0134FF3C759100204AD944A6F640FFB04FDA304044A7
:2057880040F502F46DFF1E7D40229180004AD944895240446DFF706B910020FAD9FFEFD607
:2057A800DA0134FF3C5A9100204AD944D60640FFB04FDA3A404440F502F46DFF037D4022FA
:2057C8009180004AD944B05240446DFF556B910020FAD9FFF0D6DA0134FF3C3F9100204ACA
:2057E800D944D01640FFB04FDA3A404440F502F46DFFE87C40229180004AD9449762404476
:205808006DFF3A6B910020FAD9FFF1D6DA0134FF3C249100204AD944ECB640FFB04FDA3AAB
:20582800404440F502F46DFFCD7C40229180004AD944BE6240446DFF1F6B910020FAD9FF05
:20584800F2D6DA0134FF3C099180004AD944B77240446DFF116B3C01820202223C01009066
:20586800910020FAD9FF2ED29100202AD9223C60D422092FC008B4FF910020FAD9FF30D2FD
:205888009100202AD9223C60D422092FC208B4FF910020FAD9FF3C60D4FF09FFC2082E37BA
:2058A80000006DFF1D89022202223C028202DF027000910020FAD9FF7112DA0034FF9100CF
:2058C80020FAD9FF20B29100202AD9223C60D422092FE018864F9100202AD9223C605420A9
:2058E800420F74FF910020FAD9FF72129100202AD9223C60D422092FDE1834FF910020FA61
:20590800D9FF721214F0DA0A5FF00F80910020FAD9FF71129100202AD9223C60D422092FB7
:20592800DC0834FF3C0F6DFF718D910020FAD9FF71129100202AD9223C60D422092FDE0807
:2059480034FF910020FAD9FF711214FFDF1FB97F910020FAD9FF06E29100202AD92220B2AA
:20596800D422092FC60834FF9180004AD944D83140446DFF816A910020FAD9FF48659100D3
:20598800202AD9224865092FD008C21FACF8910020FAD9FF3C60D4FF09FFC2086F2F5500C1
:2059A800DA0002FF910020FAD9FF3C60D4FF09FFE418864F910020FAD9FF3C6054F0420F85
:2059C80060F4910020FAD9FF3C60D4FF09FFE218370F68F002F4404402446DFF8571402255
:2059E800402FA0027D2F160014F0DA723F0F1280081F3B400A003FF00D8040F46DFF5687B7
:205A080002226DFFDD886DFFD972022202223C076DFFBC886DFFBE7202220222DF12C47F7F
:205A28009180004AD944F33140446DFF256A910020FAD9FF48659100202AD9224865092F58
:205A4800CE08C21FACF7910020FAD9FF3C60D4FF09FFC2082E0A910020FAD9FF3C60D4FFF6
:205A6800DA01ACF3DA013C02DA00DF0F8000910020FAD9FF07E2DA0134FF910020FAD9FF46
:205A88003C60D4FF09FFF818370F68F002F0DA023E0EDA045F0F1A00DA085F0F2500DA10FA
:205AA8005F0F3000DA205F0F3B003C47910020FAD9FF1862DA02ACF39180004AD944CE411B
:205AC80040446DFFD9693C3F910020FAD9FF1862DA04ACF39180004AD944F74140446DFFF7
:205AE800CB693C31910020FAD9FF1862DA08ACF39180004AD944DE5140446DFFBD693C2363
:205B0800910020FAD9FF1862DA10ACF39180004AD944C36140446DFFAF693C15910020FA57
:205B2800D9FF1862DA20ACF39180004AD944E86140446DFFA1693C07910020FAD9FF186277
:205B4800A8303C01910020FAD9FF48659100202AD9224865092FCA08C21FACF5910020FA3E
:205B6800D9FF3C60D4FFDA01ACF3910020FAD9FF3C60D4FF09FFC0082E3A910020FAD9FFAF
:205B88003C60D4FFDA08ACF2DA013C02DA00DF0F1C00910020FAD9FF48659100202AD9220B
:205BA8004865092FC608C21FACF39180004AD944CB7140446DFF6069910020FAD9FF3C601E
:205BC800D4FFDA08ACF2910020FAD9FF30D209F0C008DA105FF06580910020FAD9FFFEC6BF
:205BE80014FFDF0F4B80910020FAD9FF3C60D4FF09FFD8081603DF1F1280910020FAD9FFCB
:205C08003C60D4FF09FFCC18864F910020FAD9FF3C6054F0420F60FF3C1D910020FAD9FF5D
:205C28003C60D4FF09FFD808160CDF4F1280910020FAD9FF3C60D4FF09FFCE18864F9100DD
:205C480020FAD9FF3C6054F0420F60FF3C02A00F40FF9100202AD9220432F42F910020FAB4
:205C6800D9FF0432D4FFA0027D2FBF7F910020FAD9FFFEC6DA0134FF910020FAD9FF48652A
:205C88009100202AD9224865092FD208C21FACF9910020FAD9FF3C60D4FFDA10ACF39100D5
:205CA80020FAD9FF2ED209FFC0086F4F1500910020FAD9FF48659100202AD9224865092F5C
:205CC800C808C21FACF4910020FAD9FF3C60D4FFDA10ACF2910020FAD9FF2ED209FFC0089E
:205CE8006F2F5A00910020FAD9FF3C60D4FF09FFC80886CF16031E1C910020FAD9FF3C6013
:205D0800D4FF09FFC80886CF1603DF2F1E80910020FAD9FF06E214FFBFBF0C80910020FA83
:205D2800D9FF38609100202AD92206E2142F34FF910020FAD9FF3C60D4FF9100202AD922EF
:205D48003860142FACFB910020FAD9FF18629100202AD9223C60D422092FCA08160FACF287
:205D68009180004AD944EA7140446DFF8568910020FAD9FF48659100202AD9224865092F80
:205D8800C408C21FACF2910020FAD9FF3C60D4FFDA04ACF2910020FAD9FF2ED209FFC008EF
:205DA8006F0F3600910020FAD9FF1A709100202AD9223C60D422092FC8081608B4FF910048
:205DC80020FAD9FF1C709100202AD9223C60D422092FC8081601B4FF9180004AD944C88142
:205DE80040446DFF4968910020FAD9FF48659100202AD9224865092FC008C21FB4FF910022
:205E080020FAD9FF3C60D4FFDA01ACF2910020FAD9FF3C60D4FF09FFC0082E1A910020FAEB
:205E2800D9FF3C60D4FFDA02ACF2DA013C02DA00DF0F1400910020FAD9FF3C60D4FF09FFAA
:205E4800C80886CF16031E2600006DFF5B88DA013C02DA0102FF3C02DA00DF0F22009100BB
:205E680020FAD9FF07E2DA0034FF9180004AD944E78140446DFF0068910020FAD9FF4865CA
:205E88009100202AD9224865092FC208C21FACF1910020FAD9FF3C60D4FFDA02ACF26DFF1F
:205EA8004F880090910020FAD9FF0ED285FF108074FF910020FAD9FF1670DA0074FF3C12E5
:205EC80085FF1080910020FAD9FF0ED254F0A20F910020FAD9FF167002F46DFF65790222E1
:205EE80074F2910020FAD9FF167054FFBB8031079B1000003F0FE6FF00000090910020FA4C
:205F0800D9FF76D509FFC008910020FAD9FF1A8009F0C0083E08910020FAD9FF30A0DA0134
:205F280034FF3C14910020FAD9FF78D509FFC008910020FAD9FF1C8009F0C0083E07910080
:205F480020FAD9FF30A0DA0134FF910020FAD9FF6432081F910020FAD9FF2EA014F03E088E
:205F6800910020FAD9FF31A0DA0134FF3C26910020FAD9FF6432083F910020FAD9FF2FA0A3
:205F880014F03E08910020FAD9FF31A0DA0134FF3C14910020FAD9FF7A9509FFC00891000A
:205FA80020FAD9FF1E8009F0C0083E07910020FAD9FF31A0DA0134FF910020FAD9FF30A08E
:205FC80014FFDF1F358082249100204AD9446C32024440446D0074466DFF66FF910020FA2A
:205FE800D9FF1A809100202AD92276D5092FC008B4FF910020FAD9FF1C809100202AD9225E
:2060080078D5092FC008B4FF910020FAD9FF30A0DA0034FF910020FAD9FF72D59100202A73
:20602800D92272D5092FC008C21FB4FF910020FAD9FF31A014FFDF1F3E8082249100204ABE
:20604800D9446432024440446D003A466DFF2CFF9100202AD9222EA0910020FAD9FF64327A
:20606800081F342F9100202AD9222FA0910020FAD9FF6432083F342F910020FAD9FF1E8005
:206088009100202AD9227A95092FC008B4FF910020FAD9FF31A0DA0034FF910020FAD9FF7C
:2060A80072D59100202AD92272D5092FC008C21FB4FF910020FAD9FF40A59100202AD922A2
:2060C80072D5092FC00889FF80380090910020FAD9FF32709100202AD9227495092FC0089D
:2060E8009100202AD92246D69420A20F3B803E00E2F074F0910020FAD9FF42D694FFF6F8F6
:20610800910020FAD9FF42D63B803EF0B4FF910020FAD9FF76959100202AD92232705424C2
:206128009100202AD92242D69425024402556DFFAD780222B4F2910020FAD9FF36709100FE
:20614800202AD9227495092FC0089100202AD92248D69420A20F3B803E00E2F074F09100D0
:2061680020FAD9FF44D694FFF6F8910020FAD9FF44D63B803EF0B4FF910020FAD9FF7895C1
:206188009100202AD922367054249100202AD92244D69425024402556DFF78780222B4F297
:2061A800910020FAD9FF54329100202AD9227895092FC0082CF3910020FAD9FF5432910032
:2061C800202AD9227895092FC008868F2CF4910020FAD9FF54329100202AD9227695092F0E
:2061E800C0082CF5910020FAD9FF54329100202AD9227695092FC008868F2CF6910020FAE2
:20620800D9FF40A59100202AD9227695092FC00889FF9628910020FAD9FF40A59100202A4F
:20622800D9227895092FC00889FF9C28910020FAD9FF769509FFC008910020FAD9FF3A7077
:2062480009F0C0083E08910020FAD9FF1FA0DA0134FF3C14910020FAD9FF789509FFC0082F
:20626800910020FAD9FF3C7009F0C0083E07910020FAD9FF1FA0DA0134FF910020FAD9FF0E
:206288007A9509FFC008910020FAD9FF3E7009F0C0087E0F910020FAD9FF127009FFC008C3
:2062A800910020FAD9FF008009F0C0085F0F1E00910020FAD9FF127009F4C008910020FA11
:2062C800D9FF147009F5C008910020FAD9FF389014F60244025502666DFF7EB6910020FAEF
:2062E800D9FF1FA0DA0134FF910020FAD9FF26C209FFC008910020FAD9FF028009F0C008F0
:206308003E07910020FAD9FF20A0DA0134FF910020FAD9FF7422081F910020FAD9FF19A063
:2063280014F03E07910020FAD9FF21A0DA0134FF910020FAD9FF4432084F910020FAD9FFE7
:206348001BA014F03E07910020FAD9FF22A0DA0134FF910020FAD9FF28C209FFC008910010
:2063680020FAD9FF048009F0C0083E08910020FAD9FF28A0DA0134FF3C26910020FAD9FF5A
:206388002AC209FFC008910020FAD9FF068009F0C0083E08910020FAD9FF28A0DA0134FFD0
:2063A8003C12910020FAD9FF6D1214FF910020FAD9FF1EA014F03E07910020FAD9FF28A09D
:2063C800DA0134FF910020FAD9FF7432081F910020FAD9FF16A014F03E08910020FAD9FF51
:2063E80029A0DA0134FF3C24910020FAD9FF7432082F910020FAD9FF17A014F03E089100E9
:2064080020FAD9FF29A0DA0134FF3C12910020FAD9FF7432083F910020FAD9FF18A014F0AE
:206428003E07910020FAD9FF29A0DA0134FF910020FAD9FF2CC209FFC008910020FAD9FFF1
:20644800088009F0C0083E08910020FAD9FF2AA0DA0134FF3C28910020FAD9FF2EC209FF6B
:20646800C008910020FAD9FF0A8009F0C0083E08910020FAD9FF2AA0DA0134FF3C149100FC
:2064880020FAD9FF30C209FFC008910020FAD9FF0C8009F0C0083E07910020FAD9FF2AA0DE
:2064A800DA0134FF910020FAD9FF32C209FFC008910020FAD9FF0E8009F0C0083E089100D6
:2064C80020FAD9FF2BA0DA0134FF3C28910020FAD9FF34C209FFC008910020FAD9FF108029
:2064E80009F0C0083E08910020FAD9FF2BA0DA0134FF3C14910020FAD9FF36C209FFC00896
:20650800910020FAD9FF128009F0C0083E07910020FAD9FF2BA0DA0134FF910020FAD9FF79
:2065280038C209FFC008910020FAD9FF148009F0C0083E08910020FAD9FF2CA0DA0134FF0E
:206548003C28910020FAD9FF3AC209FFC008910020FAD9FF168009F0C0083E08910020FAB5
:20656800D9FF2CA0DA0134FF3C14910020FAD9FF3CC209FFC008910020FAD9FF188009F0AC
:20658800C0083E07910020FAD9FF2CA0DA0134FF910020FAD9FF77D614FF5E18910020FA85
:2065A800D9FF1CA0DAFF34FF3C14910020FAD9FF1CA0DA0034FF910020FAD9FF0CD59100A2
:2065C800202AD9220CD5142F8200370F01F334FF910020FAD9FF1CA014FF910020FAD9FF86
:2065E8001DA014F03E07910020FAD9FF25A0DA0134FF910020FAD9FF3EC294FF910020FA76
:20660800D9FF227054F03E07910020FAD9FF26A0DA0134FF910020FAD9FF02D294FF9100AD
:2066280020FAD9FF267054F03E07910020FAD9FF27A0DA0134FF910020FAD9FF00D294FF01
:20664800910020FAD9FF2A7054F03E07910020FAD9FF23A0DA0134FF910020FAD9FF04D2DF
:2066680094FF910020FAD9FF2E7054F03E07910020FAD9FF24A0DA0134FF910020FAD9FFFD
:20668800CBD614FF910020FAD9FF1AA014F03E07910020FAD9FF2DA0DA0134FF910020FAAF
:2066A800D9FF1FA014FFDF1F4B8082149100204AD9445432024440446D0002436DFFF4FB54
:2066C800910020FAD9FF3E709100202AD9227A95092FC008B4FF910020FAD9FF0080910055
:2066E800202AD9221270092FC008B4FF910020FAD9FF3A709100202AD9227695092FC0080A
:20670800B4FF910020FAD9FF3C709100202AD9227895092FC008B4FF910020FAD9FF1FA0B7
:20672800DA0034FF910020FAD9FF70D59100202AD92270D5092FC008C21FB4FF910020FA22
:20674800D9FF20A014FFDF1F2B80910020FAD9FFC9D614FFDF1F248082149100204AD94458
:206768007C22024440446D00AB426DFF9DFB910020FAD9FF02809100202AD92226C2092F50
:20678800C008B4FF910020FAD9FFC9D6DA0034FF910020FAD9FF20A0DA0034FF910020FA4C
:2067A800D9FF21A014FFDF1F298082149100204AD9447422024440446D0082426DFF74FB64
:2067C8009100202AD92219A0910020FAD9FF7422081F342F910020FAD9FF21A0DA0034FF2E
:2067E800910020FAD9FF70D59100202AD92270D5092FC008C21FB4FF910020FAD9FF22A0D5
:2068080014FFDF1F298082149100204AD9444432024440446D0054426DFF46FB9100202A3D
:20682800D9221BA0910020FAD9FF4432084F342F910020FAD9FF22A0DA0034FF910020FAEA
:20684800D9FF70D59100202AD92270D5092FC008C21FB4FF910020FAD9FF28A014FFDF1F08
:206868003F8082149100204AD9445C32024440446D0026426DFF18FB910020FAD9FF0480F0
:206888009100202AD92228C2092FC008B4FF910020FAD9FF06809100202AD9222AC2092F7A
:2068A800C008B4FF910020FAD9FF1EA09100202AD9226D12142F34FF910020FAD9FF28A0FE
:2068C800DA0034FF910020FAD9FF70D59100202AD92270D5092FC008C21FB4FF910020FA81
:2068E800D9FF29A014FFDF1F3D8082149100204AD9447432024440446D00E2416DFFD4FA39
:206908009100202AD92216A0910020FAD9FF7432081F342F9100202AD92217A0910020FAF8
:20692800D9FF7432082F342F9100202AD92218A0910020FAD9FF7432083F342F910020FA2B
:20694800D9FF29A0DA0034FF910020FAD9FF70D59100202AD92270D5092FC008C21FB4FF0A
:20696800910020FAD9FF2AA014FFDF1F408082149100204AD9447C32024440446D00A0417D
:206988006DFF92FA910020FAD9FF08809100202AD9222CC2092FC008B4FF910020FAD9FFF2
:2069A8000A809100202AD9222EC2092FC008B4FF910020FAD9FF0C809100202AD92230C2F5
:2069C800092FC008B4FF910020FAD9FF2AA0DA0034FF910020FAD9FF70D59100202AD92204
:2069E80070D5092FC008C21FB4FF910020FAD9FF2BA014FFDF1F408082149100204AD944E9
:206A08004442024440446D005B416DFF4DFA910020FAD9FF0E809100202AD92232C2092F4F
:206A2800C008B4FF910020FAD9FF10809100202AD92234C2092FC008B4FF910020FAD9FFBE
:206A480012809100202AD92236C2092FC008B4FF910020FAD9FF2BA0DA0034FF910020FA15
:206A6800D9FF70D59100202AD92270D5092FC008C21FB4FF910020FAD9FF2CA014FFDF1FE2
:206A8800408082149100204AD9444C42024440446D0016416DFF08FA910020FAD9FF1480DF
:206AA8009100202AD92238C2092FC008B4FF910020FAD9FF16809100202AD9223AC2092F28
:206AC800C008B4FF910020FAD9FF18809100202AD9223CC2092FC008B4FF910020FAD9FF0E
:206AE8002CA0DA0034FF910020FAD9FF70D59100202AD92270D5092FC008C21FB4FF9100AD
:206B080020FAD9FF25A014FFDF1F3A80910020FAD9FF77D614FFDF1F3380910020FAD9FFD4
:206B280074429100202AD9221CA0142F2CF182149100204AD9447442024440446D00C0400A
:206B48006DFFB2F9910020FAD9FF1DA09100202AD9221CA0142F34FF910020FAD9FF25A086
:206B6800DA0034FF910020FAD9FF70D59100202AD92270D5092FC008C21FB4FF910020FADE
:206B8800D9FF26A014FFDF1F3080910020FAD9FF77D614FFDF1F298082149100204AD94456
:206BA8005442024440446D008B406DFF7DF9910020FAD9FF22709100202AD9223EC2942FA5
:206BC80074FF910020FAD9FF26A0DA0034FF910020FAD9FF70D59100202AD92270D5092FC9
:206BE800C008C21FB4FF910020FAD9FF27A014FFDF1F3080910020FAD9FF77D614FFDF1F45
:206C0800298082149100204AD9445C42024440446D0056406DFF48F9910020FAD9FF2670E4
:206C28009100202AD92202D2942F74FF910020FAD9FF27A0DA0034FF910020FAD9FF70D54D
:206C48009100202AD92270D5092FC008C21FB4FF910020FAD9FF23A014FFDF1F30809100E5
:206C680020FAD9FF77D614FFDF1F298082149100204AD9446442024440446D0021406DFFBB
:206C880013F9910020FAD9FF2A709100202AD92200D2942F74FF910020FAD9FF23A0DA00C5
:206CA80034FF910020FAD9FF70D59100202AD92270D5092FC008C21FB4FF910020FAD9FF9F
:206CC80024A014FFDF1F3080910020FAD9FF77D614FFDF1F298082149100204AD9446C4241
:206CE800024440446D00EC3F6DFFDEF8910020FAD9FF2E709100202AD92204D2942F74FFE5
:206D0800910020FAD9FF24A0DA0034FF910020FAD9FF70D59100202AD92270D5092FC00834
:206D2800C21FB4FF910020FAD9FF2DA014FFDF1F298082149100204AD9444C520244404497
:206D48006D00BE3F6DFFB0F8910020FAD9FF1AA09100202AD922CBD6142F34FF910020FAD8
:206D6800D9FF2DA0DA0034FF910020FAD9FF70D59100202AD92270D5092FC008C21FB4FFE2
:1A6D8800910020FAD9FF40A59100202AD92270D5092FC00889FF84180090BA
:206DA400910020FAD9FF7C52081F910020FAD9FF32A014F03E08910020FAD9FF0CB0DA019E
:206DC40034FF3C6C910020FAD9FF7C52082F910020FAD9FF33A014F03E08910020FAD9FF29
:206DE4000CB0DA0134FF3C5A910020FAD9FF7C52083F910020FAD9FF36A014F03E08910063
:206E040020FAD9FF0CB0DA0134FF3C48910020FAD9FF7C52084F910020FAD9FF37A014F028
:206E24003E08910020FAD9FF0CB0DA0134FF3C36910020FAD9FF7C52085F910020FAD9FF0E
:206E440038A014F03E08910020FAD9FF0CB0DA0134FF3C24910020FAD9FF7C52086F910006
:206E640020FAD9FF39A014F03E08910020FAD9FF0CB0DA0134FF3C12910020FAD9FF7C520D
:206E8400087F910020FAD9FF3AA014F03E07910020FAD9FF0CB0DA0134FF910020FAD9FFF1
:206EA40006D294FF910020FAD9FF269054F03E08910020FAD9FF0DB0DA0134FF3C4891003D
:206EC40020FAD9FF08D294FF910020FAD9FF2A9054F03E08910020FAD9FF0DB0DA0134FF3A
:206EE4003C36910020FAD9FF4462085F910020FAD9FF3BA014F03E08910020FAD9FF0DB0A4
:206F0400DA0134FF3C24910020FAD9FF4462086F910020FAD9FF3CA014F03E08910020FA0B
:206F2400D9FF0DB0DA0134FF3C12910020FAD9FF4462087F910020FAD9FF3DA014F03E0703
:206F4400910020FAD9FF0DB0DA0134FF910020FAD9FF7A9509FFC008910020FAD9FF20904A
:206F640009F0C0083E08910020FAD9FF0EB0DA0134FF3C48910020FAD9FF4C62083F91002A
:206F840020FAD9FF02B014F03E08910020FAD9FF0EB0DA0134FF3C36910020FAD9FF4C620D
:206FA400084F910020FAD9FF03B014F03E08910020FAD9FF0EB0DA0134FF3C24910020FA9C
:206FC400D9FF4C62085F910020FAD9FF04B014F03E08910020FAD9FF0EB0DA0134FF3C12A2
:206FE400910020FAD9FF4C62086F910020FAD9FF05B014F03E07910020FAD9FF0EB0DA0148
:2070040034FF910020FAD9FF5462081F910020FAD9FF34A014F03E08910020FAD9FF0FB0F6
:20702400DA0134FF3C5A910020FAD9FF5462082F910020FAD9FF35A014F03E08910020FAEB
:20704400D9FF0FB0DA0134FF3C48910020FAD9FF5462083F910020FAD9FF3EA014F03E08D8
:20706400910020FAD9FF0FB0DA0134FF3C36910020FAD9FF5462084F910020FAD9FF3FA058
:2070840014F03E08910020FAD9FF0FB0DA0134FF3C24910020FAD9FF5462085F910020FAA7
:2070A400D9FF00B014F03E08910020FAD9FF0FB0DA0134FF3C12910020FAD9FF5462086FAC
:2070C400910020FAD9FF01B014F03E07910020FAD9FF0FB0DA0134FF910020FAD9FF24B286
:2070E40054FF910020FAD9FF208054F07E0C910020FAD9FF28B254FF910020FAD9FF28806D
:2071040054F03E07910020FAD9FF10B0DA0134FF910020FAD9FF2CB254FF910020FAD9FF5A
:20712400248054F07E0C910020FAD9FF30B254FF910020FAD9FF2C8054F03E07910020FABE
:20714400D9FF11B0DA0134FF910020FAD9FF6C62081F910020FAD9FF06B014F03E089100F8
:2071640020FAD9FF12B0DA0134FF3C36910020FAD9FF6C62082F910020FAD9FF07B014F011
:207184003E08910020FAD9FF12B0DA0134FF3C24910020FAD9FF0AD294FF910020FAD9FF7D
:2071A4002E9054F03E08910020FAD9FF12B0DA0134FF3C12910020FAD9FF0CD294FF91005D
:2071C40020FAD9FF329054F03E07910020FAD9FF12B0DA0134FF910020FAD9FF34B254FF5F
:2071E400910020FAD9FF308054F07E0C910020FAD9FF38B254FF910020FAD9FF009054F073
:207204003E07910020FAD9FF13B0DA0134FF910020FAD9FF3CB254FF910020FAD9FF3480D6
:2072240054F07E0C910020FAD9FF00C254FF910020FAD9FF049054F03E07910020FAD9FFC1
:2072440014B0DA0134FF910020FAD9FF04C254FF910020FAD9FF388054F07E0C910020FA08
:20726400D9FF08C254FF910020FAD9FF089054F03E07910020FAD9FF15B0DA0134FF91008A
:2072840020FAD9FF0CC254FF910020FAD9FF3C8054F07E0C910020FAD9FF10C254FF910091
:2072A40020FAD9FF0C9054F03E07910020FAD9FF16B0DA0134FF910020FAD9FF14C254FFB0
:2072C400910020FAD9FF109054F07E0C910020FAD9FF18C254FF910020FAD9FF189054F09A
:2072E4003E07910020FAD9FF17B0DA0134FF910020FAD9FF147009FFC008910020FAD9FF93
:20730400229009F0C0087E0F910020FAD9FF127009FFC008910020FAD9FF249009F0C0089C
:207324005F0F2400910020FAD9FF3890DA0134FF910020FAD9FF127009F4C008910020FAE9
:20734400D9FF147009F5C008910020FAD9FF389014F60244025502666DFF40AE910020FAA8
:20736400D9FF17B0DA0134FF910020FAD9FF1CC254FF910020FAD9FF149054F07E0C910022
:2073840020FAD9FF20C254FF910020FAD9FF1C9054F03E07910020FAD9FF18B0DA0134FFB1
:2073A400910020FAD9FF6472081F910020FAD9FF08B014F03E08910020FAD9FF19B0DA019D
:2073C40034FF3C36910020FAD9FF6472082F910020FAD9FF09B014F03E08910020FAD9FF6B
:2073E40019B0DA0134FF3C24910020FAD9FF6472083F910020FAD9FF0AB014F03E0891009A
:2074040020FAD9FF19B0DA0134FF3C12910020FAD9FF6472084F910020FAD9FF0BB014F05F
:207424003E07910020FAD9FF19B0DA0134FF910020FAD9FF0CB014FFDF1F6380823491002F
:20744400204AD9447C52024440446D003B3C9100202AD92232A0910020FAD9FF7C52081F05
:20746400342F9100202AD92233A0910020FAD9FF7C52082F342F9100202AD92236A09100D4
:2074840020FAD9FF7C52083F342F9100202AD92237A0910020FAD9FF7C52084F342F910035
:2074A400202AD92238A0910020FAD9FF7C52085F342F9100202AD92239A0910020FAD9FF5E
:2074C4007C52086F342F9100202AD9223AA0910020FAD9FF7C52087F342F910020FAD9FF92
:2074E4000CB0DA0034FF910020FAD9FF74D59100202AD92274D5092FC008C21FB4FF9100AF
:2075040020FAD9FF0DB014FFDF1F4F8082349100204AD9444462024440446D00D33B91008E
:2075240020FAD9FF26909100202AD92206D2942F74FF910020FAD9FF2A909100202AD922A8
:2075440008D2942F74FF9100202AD9223BA0910020FAD9FF4462085F342F9100202AD9229D
:207564003CA0910020FAD9FF4462086F342F9100202AD9223DA0910020FAD9FF4462087FC5
:20758400342F910020FAD9FF0DB0DA0034FF910020FAD9FF74D59100202AD92274D5092F14
:2075A400C008C21FB4FF910020FAD9FF0EB014FFDF1F508082349100204AD9444C62024487
:2075C40040446D007F3B910020FAD9FF20909100202AD9227A95092FC008B4FF9100202A56
:2075E400D92202B0910020FAD9FF4C62083F342F9100202AD92203B0910020FAD9FF4C6245
:20760400084F342F9100202AD92204B0910020FAD9FF4C62085F342F9100202AD92205B09C
:20762400910020FAD9FF4C62086F342F910020FAD9FF0EB0DA0034FF910020FAD9FF74D521
:207644009100202AD92274D5092FC008C21FB4FF910020FAD9FF0FB014FFDF1F5980823491
:207664009100204AD9445462024440446D002A3B9100202AD92234A0910020FAD9FF5462B9
:20768400081F342F9100202AD92235A0910020FAD9FF5462082F342F9100202AD9223EA02A
:2076A400910020FAD9FF5462083F342F9100202AD9223FA0910020FAD9FF5462084F342F3B
:2076C4009100202AD92200B0910020FAD9FF5462085F342F9100202AD92201B0910020FAEB
:2076E400D9FF5462086F342F910020FAD9FF0FB0DA0034FF910020FAD9FF74D59100202A28
:20770400D92274D5092FC008C21FB4FF910020FAD9FF10B014FFDF1F318082349100204AD7
:20772400D9445C62024440446D00CC3A910020FAD9FF20809100202AD92224B2542F74FF68
:20774400910020FAD9FF28809100202AD92228B2542F74FF910020FAD9FF10B0DA0034FF04
:20776400910020FAD9FF74D59100202AD92274D5092FC008C21FB4FF910020FAD9FF11B042
:2077840014FFDF1F318082349100204AD9446462024440446D00963A910020FAD9FF248061
:2077A4009100202AD9222CB2542F74FF910020FAD9FF2C809100202AD92230B2542F74FF3E
:2077C400910020FAD9FF11B0DA0034FF910020FAD9FF74D59100202AD92274D5092FC00869
:2077E400C21FB4FF910020FAD9FF12B014FFDF1F458082349100204AD9446C620244404470
:207804006D00603A9100202AD92206B0910020FAD9FF6C62081F342F9100202AD92207B069
:20782400910020FAD9FF6C62082F342F910020FAD9FF2E909100202AD9220AD2942F74FF30
:20784400910020FAD9FF32909100202AD9220CD2942F74FF910020FAD9FF12B0DA0034FFA3
:20786400910020FAD9FF74D59100202AD92274D5092FC008C21FB4FF910020FAD9FF13B03F
:2078840014FFDF1F318082349100204AD9447462024440446D00163A910020FAD9FF3080C4
:2078A4009100202AD92234B2542F74FF910020FAD9FF00909100202AD92238B2542F74FF49
:2078C400910020FAD9FF13B0DA0034FF910020FAD9FF74D59100202AD92274D5092FC00866
:2078E400C21FB4FF910020FAD9FF14B014FFDF1F318082349100204AD9447C620244404471
:207904006D00E039910020FAD9FF34809100202AD9223CB2542F74FF910020FAD9FF0490D5
:207924009100202AD92200C2542F74FF910020FAD9FF14B0DA0034FF910020FAD9FF74D595
:207944009100202AD92274D5092FC008C21FB4FF910020FAD9FF15B014FFDF1F31808234B0
:207964009100204AD9444472024440446D00AA39910020FAD9FF38809100202AD92204C244
:20798400542F74FF910020FAD9FF08909100202AD92208C2542F74FF910020FAD9FF15B0F4
:2079A400DA0034FF910020FAD9FF74D59100202AD92274D5092FC008C21FB4FF910020FA8C
:2079C400D9FF16B014FFDF1F318082349100204AD9444C72024440446D007439910020FA28
:2079E400D9FF3C809100202AD9220CC2542F74FF910020FAD9FF0C909100202AD92210C28E
:207A0400542F74FF910020FAD9FF16B0DA0034FF910020FAD9FF74D59100202AD92274D52B
:207A2400092FC008C21FB4FF910020FAD9FF17B014FFDF1F478082349100204AD9445472F8
:207A4400024440446D003E39910020FAD9FF10909100202AD92214C2542F74FF910020FA04
:207A6400D9FF18909100202AD92218C2542F74FF910020FAD9FF22909100202AD92214704D
:207A8400092FC008B4FF910020FAD9FF24909100202AD9221270092FC008B4FF910020FA42
:207AA400D9FF17B0DA0034FF910020FAD9FF74D59100202AD92274D5092FC008C21FB4FF97
:207AC400910020FAD9FF18B014FFDF1F318082349100204AD9445C72024440446D00F23898
:207AE400910020FAD9FF14909100202AD9221CC2542F74FF910020FAD9FF1C909100202AA7
:207B0400D92220C2542F74FF910020FAD9FF18B0DA0034FF910020FAD9FF74D59100202A8F
:207B2400D92274D5092FC008C21FB4FF910020FAD9FF19B014FFDF1F458082349100204A96
:207B4400D9446472024440446D00BC389100202AD92208B0910020FAD9FF6472081F342F92
:207B64009100202AD92209B0910020FAD9FF6472082F342F9100202AD9220AB0910020FA44
:207B8400D9FF6472083F342F9100202AD9220BB0910020FAD9FF6472084F342F910020FA3A
:207BA400D9FF19B0DA0034FF910020FAD9FF74D59100202AD92274D5092FC008C21FB4FF94
:1A7BC400910020FAD9FF40A59100202AD92274D5092FC00889FF9C38009034
:207BE000910020CAD9CC7855910020FAD9FF7005482F02F46D00103C022274C2910020FA75
:207C0000D9FF78559100202AD9227005092FCC08ACF2910020FAD9FF78559100202AD922A4
:207C20007005092FCE08ACF3910020FAD9FF78559100202AD92270054C2402F46D00EC3B8D
:207C4000022F6CF2910020FAD9FF78559100202AD9227005092FD408ACF6910020FAD9FFC1
:207C600078559100202AD9227005092FD608ACF7910020FAD9FF785554FF910020FAD9FF0D
:207C8000207009F0C0085F0FB100910020FAD9FF73129100202AD92270D6142F8B8F00F003
:207CA000160F34FF910020FAD9FF785509FFC4086F1F1F00910020FAD9FF731214FF530F1E
:207CC0002CF0910020FAD9FF4CD410FF9100202AD9227312142F530F2CF09100202AD922E4
:207CE0004CD410224C237B000800A60F6CF3910020FAD9FF785509FFC6086F1F1F009100C8
:207D000020FAD9FF731214FF530F2CF0910020FAD9FF4CD410FF9100202AD9227312142F0B
:207D2000530F2CF09100202AD9224CD410224C2E7B000800A60F6CFE910020FAD9FF785531
:207D400009FFCC086F1F2100910020FAD9FF731214FF530F2CF0910020FAD9FF4CD410FF4D
:207D60009100202AD9227312142F530F2CF09100202AD9224CD41022092F2C197B000800BF
:207D8000A60F89FF2C19910020FAD9FF785509FFCE086F1F2100910020FAD9FF731214FF69
:207DA000530F2CF0910020FAD9FF4CD410FF9100202AD9227312142F530F2CF09100202A9C
:207DC000D9224CD41022092F18297B000800A60F89FF1829910020FAD9FF20709100202AEE
:0A7DE000D9227855542FB4FF00900B
:207DEC00910020CAD9CC02E2910020FAD9FF7005486F02F46D000A3B0222B4C2910020FAD7
:207E0C00D9FF02E209FFC008DF0FB709910020FAD9FF7A959100202AD92202E2092FC008D0
:207E2C00B4FF910020CAD9CC1270910020FAD9FF7005487F02F46D00E93A0222B4C2910071
:207E4C0020CAD9CC26C2910020FAD9FF7005488F02F46D00DB3A0222B4C2910020FAD9FF3B
:207E6C006FD69100202AD9227005092FE40834FF910020FAD9FFD8E69100202AD922700583
:207E8C00092FC01834FF910020FAD9FF7AD69100202AD9227005092FEE1834FF910020FA59
:207EAC00D9FF6E129100202AD9227005092FF01834FF910020FAD9FF6F129100202AD922C6
:207ECC007005092FF21834FF910020FAD9FF74959100202AD92270050924081902446D00D4
:207EEC00953A0222B4F2910020FAD9FF42D69100202AD922700509240C1902446DFF30DFE4
:207F0C000222B4F2910020FAD9FF44D69100202AD92270050924101902446DFF21DF022277
:207F2C00B4F2910020FAD9FF46D69100202AD92270050924141902446DFF12DF0222B4F2DE
:207F4C00910020FAD9FF48D69100202AD92270050924181902446DFF03DF0222B4F29100DC
:207F6C0020FAD9FF4AD69100202AD922700509241C1902446DFFF4DE0222B4F2910020FA3D
:207F8C00D9FF4CD69100202AD92270050924201902446DFFE5DE0222B4F2910020FAD9FF68
:207FAC006FD614FF2E48910020FAD9FF14A0DAFF34FF3C07910020FAD9FF14A0DA0034FF1D
:207FCC00910020FAD9FF6FD614FF2E58910020FAD9FF15A0DAFF34FF3C07910020FAD9FF2A
:207FEC0015A0DA0034FF910020FAD9FF7C229100202AD92226C2092FC0082CF1910020FA0C
:20800C00D9FF7C229100202AD92226C2092FC008868F2CF2910020FAD9FF54329100202A09
:20802C00D9227A95092FC0082CF1910020FAD9FF54329100202AD9227A95092FC008868F0A
:20804C002CF2910020FAD9FF74229100202AD9227005092FF4182CF1910020FAD9FF2AC2C2
:20806C009100202AD92270050924241902446D00CD390222B4F2910020FAD9FF5C3291001A
:20808C00202AD9222AC2092FC0082CF1910020FAD9FF5C329100202AD9222AC2092FC008B3
:2080AC00868F2CF2910020FAD9FF28C29100202AD9227495092FC008B4FF910020FAD9FFFF
:2080CC005C329100202AD92228C2092FC0082CF3910020FAD9FF5C329100202AD92228C256
:2080EC00092FC008868F2CF4910020FAD9FF6D129100202AD9227005092FF61834FF9100E8
:20810C0020FAD9FF5C329100202AD9226D12142F2CF5910020FAD9FF74329100202AD9221B
:20812C007005092FFC182CF1910020FAD9FF74329100202AD9227005092FFE182CF29100E4
:20814C0020FAD9FF74329100202AD9227005092FC0282CF3910020FAD9FF2CC29100202AA5
:20816C00D92270050924042902446D004F390222B4F2910020FAD9FF2EC29100202AD922DB
:20818C0070050924082902446D0040390222B4F2910020FAD9FF30C29100202AD92270054A
:2081AC0009240C2902446D0031390222B4F2910020FAD9FF7C329100202AD9222CC2092F3D
:2081CC00C0082CF1910020FAD9FF7C329100202AD9222CC2092FC008868F2CF2910020FADB
:2081EC00D9FF7C329100202AD9222EC2092FC0082CF3910020FAD9FF7C329100202AD92201
:20820C002EC2092FC008868F2CF4910020FAD9FF7C329100202AD92230C2092FC0082CF513
:20822C00910020FAD9FF7C329100202AD92230C2092FC008868F2CF6910020FAD9FF32C28B
:20824C009100202AD92270050924102902446D00DD380222B4F2910020FAD9FF34C29100C5
:20826C00202AD92270050924142902446D00CE380222B4F2910020FAD9FF36C29100202AF5
:20828C00D92270050924182902446D00BF380222B4F2910020FAD9FF44429100202AD922A1
:2082AC0032C2092FC0082CF1910020FAD9FF44429100202AD92232C2092FC008868F2CF29B
:2082CC00910020FAD9FF44429100202AD92234C2092FC0082CF3910020FAD9FF4442910004
:2082EC00202AD92234C2092FC008868F2CF4910020FAD9FF44429100202AD92236C2092FF3
:20830C00C0082CF5910020FAD9FF44429100202AD92236C2092FC008868F2CF6910020FAAF
:20832C00D9FF38C29100202AD922700509241C2902446D006B380222B4F2910020FAD9FFFF
:20834C003AC29100202AD92270050924202902446D005C380222B4F2910020FAD9FF3CC2C2
:20836C009100202AD92270050924242902446D004D380222B4F2910020FAD9FF4C42910088
:20838C00202AD92238C2092FC0082CF1910020FAD9FF4C429100202AD92238C2092FC00894
:2083AC00868F2CF2910020FAD9FF4C429100202AD9223AC2092FC0082CF3910020FAD9FFF9
:2083CC004C429100202AD9223AC2092FC008868F2CF4910020FAD9FF4C429100202AD92215
:2083EC003CC2092FC0082CF5910020FAD9FF4C429100202AD9223CC2092FC008868F2CF636
:20840C00910020FAD9FF04E29100202AD92270050924384902446D00F9370222B4F29100B0
:20842C0020FAD9FF44329100202AD92204E2092FC0082CF1910020FAD9FF44329100202A1B
:20844C00D92204E2092FC008868F2CF2910020FAD9FF44329100202AD9227005092FFC483C
:20846C002CF3910020FAD9FF44329100202AD9227005092FFE482CF4910020FAD9FF4432F6
:20848C009100202AD9227005092FC2582CF5910020FAD9FF44329100202AD9227005092F96
:2084AC00C4582CF6910020FAD9FF44329100202AD9227005092FC6582CF7910020FAD9FF32
:2084CC0050759100202AD92204E2092FC008B4FF910020FAD9FF50759100202AD9224432C8
:2084EC000C232CF2910020FAD9FF50759100202AD92244320C242CF3910020FAD9FF5075F8
:20850C009100202AD92244320C252CF4910020FAD9FF50759100202AD92244320C262CF5CB
:20852C00910020FAD9FF50759100202AD92244320C272CF6910020FAD9FF77D614FFDF1F65
:20854C008E80910020CAD9CC3EC2910020FAD9FF700548AF02F46DFF03DC0222B4C2910086
:20856C0020CAD9CC02D2910020FAD9FF700548BF02F46DFFF5DB0222B4C2910020CAD9CCA1
:20858C0000D2910020FAD9FF700548CF02F46DFFE7DB0222B4C2910020CAD9CC04D29100A9
:2085AC0020FAD9FF700548DF02F46DFFD9DB0222B4C2910020FAD9FF54429100202AD92282
:2085CC003EC2942F2CF1910020FAD9FF54429100202AD9223EC2942F868F2CF2910020FA1F
:2085EC00D9FF5C429100202AD92202D2942F2CF1910020FAD9FF5C429100202AD92202D2A4
:20860C00942F868F2CF2910020FAD9FF64429100202AD92200D2942F2CF1910020FAD9FF24
:20862C0064429100202AD92200D2942F868F2CF2910020FAD9FF6C429100202AD92204D20D
:20864C00942F2CF1910020FAD9FF6C429100202AD92204D2942F868F2CF2910020FAD9FFD8
:20866C006FD614FF6F1F2F00910020FAD9FF64329100202AD9227005092FF8182CF191007F
:20868C0020FAD9FF64329100202AD9227005092FFA182CF3910020FAD9FF64329100202A9E
:2086AC00D9227A95092FC0082CF6910020FAD9FF64329100202AD9227A95092FC008868F6F
:2086CC002CF7910020FAD9FF6FD614FF6F3F7504910020FAD9FF50D69100202AD922700575
:2086EC000924143902446DFF3BDB0222B4F2910020FAD9FF50D694FFFF6F0900910020FA04
:20870C00D9FF50D694FFFFBF0800910020FAD9FF50D6DA00B4FF910020FAD9FF7C529100DE
:20872C00202AD9227005092FE8282CF1910020FAD9FF7C529100202AD9227005092FEA2828
:20874C002CF2910020FAD9FF7C529100202AD9227005092FEC282CF3910020FAD9FF7C5297
:20876C009100202AD9227005092FEE282CF4910020FAD9FF7C529100202AD9227005092F60
:20878C00F0282CF5910020FAD9FF7C529100202AD9227005092FF2282CF6910020FAD9FF01
:2087AC007C529100202AD9227005092FF4282CF7910020FAD9FF06D29100202AD922700577
:2087CC000924382902446DFFCBDA0222B4F2910020FAD9FF08D29100202AD9227005092409
:2087EC003C2902446DFFBCDA0222B4F2910020FAD9FF44629100202AD92206D2942F2CF13F
:20880C00910020FAD9FF44629100202AD92206D2942F868F2CF2910020FAD9FF44629100C5
:20882C00202AD92208D2942F2CF3910020FAD9FF44629100202AD92208D2942F868F2CF45A
:20884C00910020FAD9FF44629100202AD9227005092FC0382CF5910020FAD9FF446291008D
:20886C00202AD9227005092FC2382CF6910020FAD9FF44629100202AD9227005092FC43836
:20888C002CF79100202AD922C1E6910020FAD9FF4462085F342F9100202AD922C2E691002A
:2088AC0020FAD9FF4462086F342F910020FAD9FF4C629100202AD9227A95092FC0082CF107
:2088CC00910020FAD9FF4C629100202AD9227A95092FC008868F2CF2910020FAD9FF4C6212
:2088EC009100202AD9227005092FF4382CF3910020FAD9FF4C629100202AD92214A0142FA0
:20890C002CF4910020FAD9FF4C629100202AD92215A0142F2CF5910020FAD9FF4C62910049
:20892C00202AD9227005092FC6382CF6910020FAD9FF64659100202AD92270050924083914
:20894C0002446D006335022FACF3910020FAD9FF64659100202AD922700509240C390244A1
:20896C006D005435022FACF4910020FAD9FF54629100202AD9227005092FD8382CF19100AA
:20898C0020FAD9FF54629100202AD9227005092FDA382CF2910020FAD9FF54629100202A5C
:2089AC00D9227005092FDC382CF3910020FAD9FF54629100202AD9227005092FDE382CF4DE
:2089CC00910020FAD9FF54629100202AD9227005092FE0382CF5910020FAD9FF54629100CC
:2089EC00202AD9227005092FE2382CF6910020FAD9FF24B29100202AD9227005092424390F
:208A0C0002446D000335022274F2910020FAD9FF28B29100202AD922700509242839024459
:208A2C006D00F434022274F2910020FAD9FF2CB29100202AD922700509242C3902446D001A
:208A4C00E534022274F2910020FAD9FF30B29100202AD92270050924303902446D00D63464
:208A6C00022274F2910020FAD9FF5C629100202AD92228B2542F2CF1910020FAD9FF5C628E
:208A8C009100202AD92228B2542F868F2CF2910020FAD9FF5C629100202AD92224B2542FF4
:208AAC002CF3910020FAD9FF5C629100202AD92224B2542F868F2CF4910020FAD9FF64629D
:208ACC009100202AD92230B2542F2CF1910020FAD9FF64629100202AD92230B2542F868F99
:208AEC002CF2910020FAD9FF64629100202AD9222CB2542F2CF3910020FAD9FF64629100D3
:208B0C00202AD9222CB2542F868F2CF4910020FAD9FF6C629100202AD9227005092FF6386C
:208B2C002CF1910020FAD9FF6C629100202AD9227005092FF8382CF2910020FAD9FF0AD28B
:208B4C009100202AD922700509243C3902446DFF07D90222B4F2910020FAD9FF0CD29100CE
:208B6C00202AD92270050924004902446DFFF8D80222B4F2910020FAD9FF6C629100202A41
:208B8C00D9220AD2942F2CF3910020FAD9FF6C629100202AD9220AD2942F868F2CF4910084
:208BAC0020FAD9FF6C629100202AD9220CD2942F2CF5910020FAD9FF6C629100202AD9222A
:208BCC000CD2942F868F2CF6910020FAD9FF34B29100202AD92270050924084902446D00CC
:208BEC001534022274F2910020FAD9FF38B29100202AD922700509240C4902446D0006346F
:208C0C00022274F2910020FAD9FF3CB29100202AD92270050924104902446D00F73302227B
:208C2C0074F2910020FAD9FF00C29100202AD92270050924144902446D00E833022274F250
:208C4C00910020FAD9FF04C29100202AD92270050924184902446D00D933022274F291000C
:208C6C0020FAD9FF08C29100202AD922700509241C4902446D00CA33022274F2910020FA6A
:208C8C00D9FF0CC29100202AD92270050924204902446D00BB33022274F2910020FAD9FF93
:208CAC0010C29100202AD92270050924244902446D00AC33022274F2910020FAD9FF74627C
:208CCC009100202AD92238B2542F2CF1910020FAD9FF74629100202AD92238B2542F868F77
:208CEC002CF2910020FAD9FF74629100202AD92234B2542F2CF3910020FAD9FF74629100A9
:208D0C00202AD92234B2542F868F2CF4910020FAD9FF7C629100202AD92200C2542F2CF1CB
:208D2C00910020FAD9FF7C629100202AD92200C2542F868F2CF2910020FAD9FF7C62910086
:208D4C00202AD9223CB2542F2CF3910020FAD9FF7C629100202AD9223CB2542F868F2CF455
:208D6C00910020FAD9FF44729100202AD92208C2542F2CF1910020FAD9FF44729100202A5A
:208D8C00D92208C2542F868F2CF2910020FAD9FF44729100202AD92204C2542F2CF3910044
:208DAC0020FAD9FF44729100202AD92204C2542F868F2CF4910020FAD9FF4C729100202A8F
:208DCC00D92210C2542F2CF1910020FAD9FF4C729100202AD92210C2542F868F2CF29100EA
:208DEC0020FAD9FF4C729100202AD9220CC2542F2CF3910020FAD9FF4C729100202AD9225A
:208E0C000CC2542F868F2CF4910020FAD9FF14C29100202AD92270050924284902446D00CB
:208E2C00F532022274F2910020FAD9FF18C29100202AD922700509242C4902446D00E63260
:208E4C00022274F2910020FAD9FF1CC29100202AD92270050924304902446D00D73202224A
:208E6C0074F2910020FAD9FF20C29100202AD92270050924344902446D00C832022274F2EF
:208E8C00910020FAD9FF14709100202AD92270050924103902446D00B9320222B4F2910005
:208EAC0020FAD9FF54729100202AD92218C2542F2CF1910020FAD9FF54729100202AD9227F
:208ECC0018C2542F868F2CF2910020FAD9FF54729100202AD92214C2542F2CF3910020FAB4
:208EEC00D9FF54729100202AD92214C2542F868F2CF4910020FAD9FF54729100202AD92245
:208F0C001470092FC0082CF5910020FAD9FF54729100202AD9221470092FC008868F2CF6C6
:208F2C00910020FAD9FF5C729100202AD92220C2542F2CF1910020FAD9FF5C729100202A50
:208F4C00D92220C2542F868F2CF2910020FAD9FF5C729100202AD9221CC2542F2CF391003A
:208F6C0020FAD9FF5C729100202AD9221CC2542F868F2CF4910020FAD9FF64729100202A85
:208F8C00D9227005092FFA382CF2910020FAD9FF64729100202AD9227005092FC4482CF3C6
:208FAC00910020FAD9FF64729100202AD9227005092FC6482CF4910020FAD9FF40A59100A2
:208FCC00202AD9226FD6142FACF5910020FAD9FF40A549FF220A9100202AD92250D6942F7C
:208FEC00B4FF910020FAD9FF40A59100202AD9227A95092FC00889FF9228910020FAD9FFA0
:20900C0040A59100202AD9227495092FC00889FF9428910020FAD9FF40A549FF182A9100B9
:20902C00202AD92246D6942FB4FF910020FAD9FF40A549FF1E2A9100202AD92248D6942F9E
:20904C00B4FF910020FAD9FF40A549FF1A2A9100202AD92242D6942FB4FF910020FAD9FF76
:20906C0040A549FF202A9100202AD92244D6942FB4FF910020FAD9FF40A5DA0089FF902885
:20908C00910020FAD9FF40A59100202AD92226C2092FC00889FFBE18910020FAD9FF7CD66B
:2090AC0014FFDF0F5080910020FAD9FF7AD614FF910020FAD9FF7BD614F05F0F22009100F4
:2090CC0020FAD9FF13A014FFDF0F1980910020FAD9FF19279100202AD92219270C22961098
:2090EC002CF2910020FAD9FFFDC6DA0134FF910020FAD9FF13A0DA0134FF00003C219100C0
:20910C0020FAD9FF13A014FFDF1F1B80910020FAD9FF19279100202AD92219270C223BF0C0
:20912C00FE0F260F2CF2910020FAD9FFFDC6DA0134FF910020FAD9FF13A0DA0034FF00002C
:20914C003C0E910020FAD9FF19279100202AD92219270C223BF0FE0F260F2CF2910020FA7C
:20916C00D9FFC8D6DA0134FF910020FAD9FFDEE6DA0134FF3C07910020FAD9FFDEE6DA00A6
:20918C0034FF00900248910020FAD9FF16D2DA30B4FF910020FAD9FF14D2DA2AB4FF9100DD
:2091AC0020FAD9FF1CB29100202AD9220432542074F0910020FAD9FF1CB2D4FF9100202A00
:2091CC00D92214D2092FC008ACF6910020FAD9FF1CB2D4FFDA81ACF7910020FAD9FF1CB28D
:2091EC00D4FFDA00ACF8910020FAD9FF1CB2D4FFDA00ACF9910020FAD9FF1CB2D4FFDA0A67
:20920C00ACFA910020FAD9FF7012DA0034FF3C25910020FAD9FF1CB2D4FF49FF160A91000C
:20922C00202AD9227012142F50FF9100202AD9227012142F9100202AD922E6C61022142F37
:20924C00B4FF910020FAD9FF70129100202AD9227012142FC21F34FF910020FAD9FF701296
:20926C0014F0DA173FF0D6FF910020FAD9FF1CB2D4FFDA0189FF8418910020FAD9FF1CB275
:20928C00D4FFDAFF89FF8618910020FAD9FF1CB2D4FFDA0A89FF8818910020FAD9FF18D253
:2092AC00DA00B4FF3C25910020FAD9FF18D209FFC008910020FAD9FF1AD250FF9100202ADE
:2092CC00D92218D2092FC0089100202AD92219271022142FB4FF910020FAD9FF18D2910061
:2092EC00202AD92218D2092FC008C21FB4FF910020FAD9FF18D209FFC008BFAFD6FF91008E
:20930C0020FAD9FF1CB2D4FF49F40A1A9100205AD9551AD2DA144044405502F46DFF505F10
:20932C004022DF180880821402446DFF7D6A02223C06820402446DFF776A0222910020FAC3
:20934C00D9FF14D209FFC008C25F370F684002446DFF346A0222910020FAD9FF04326DFFCB
:20936C00B5694022F4F20090910020FAD9FF3CD29100202AD9227005542402446D0046306E
:20938C000222B4F2910020FAD9FF3ED29100202AD9220CD5542402446D0038300222B4F250
:2093AC00910020FAD9FF40A59100202AD9223CD2092FC008ACF6910020FAD9FF40A59100BA
:2093CC00202AD9223ED2092FC008ACF7910020FAD9FF3CD209FFC0082E08910020FAD9FF6F
:2093EC0071D6DA0134FF3C07910020FAD9FF71D6DA0034FF910020FAD9FF3CD209FFC00891
:20940C002E18910020FAD9FF72D6DA0134FF3C07910020FAD9FF72D6DA0034FF910020FA5B
:20942C00D9FF3CD209FFC0082E28910020FAD9FF74D6DA0134FF3C07910020FAD9FF74D629
:20944C00DA0034FF910020FAD9FF3CD209FFC0082E38910020FAD9FF73D6DA0134FF3C070F
:20946C00910020FAD9FF73D6DA0034FF910020FAD9FF3CD209FFC0082E48910020FAD9FFAD
:20948C0075D6DA0134FF3C07910020FAD9FF75D6DA0034FF910020FAD9FF40A59100202A06
:2094AC00D92274D6142F89FFB808910020FAD9FF3CD209FFC0086F6F1600910020FAD9FFF8
:2094CC0003A014FFF6FD910020FAD9FFD5D6DA0134FF910020FAD9FF03A0DA0134FF000067
:2094EC003C21910020FAD9FF03A014FFDF1F1B80910020FAD9FFD5D6DA0034FF910020FA4B
:20950C00D9FF03A0DA0034FF910020FAD9FF0CD59100202AD9220CD50C228200370F01F3B2
:20952C002CF2910020FAD9FF3CD209FFC0086F7F1600910020FAD9FF04A014FFF6FD9100DE
:20954C0020FAD9FFD6D6DA0134FF910020FAD9FF04A0DA0134FF00003C21910020FAD9FF3E
:20956C0004A014FFDF1F1B80910020FAD9FFD6D6DA0034FF910020FAD9FF04A0DA0034FF1F
:20958C00910020FAD9FF0CD59100202AD9220CD50C228200370F81F32CF2910020FAD9FF99
:2095AC003CD209FFC0086F8F1200910030FAD9FF0000DA0189FFA8580D0040030000825495
:2095CC009B24124002446D005D19910020FAD9FF3CD209FFC0082E9E910020FAD9FF3A90CB
:2095EC00DA0134FF910020FAD9FFD1E6DA0134FF3C0D910020FAD9FFD1E6DA0034FF9100E8
:20960C0020FAD9FF3A90DA0034FF910020FAD9FF3CD209FFC0086FAF2400910020FAD9FF4F
:20962C004C52DA642CF1910020FAD9FF4C52DA002CF2910020FAD9FFCBD6DA0134FF910049
:20964C0020FAD9FF40A59100202AD92240A5092FCE183B000001A60F89FF8E183C22910040
:20966C0020FAD9FF4C52DA002CF1910020FAD9FF4C52DA002CF2910020FAD9FFCBD6DA0040
:20968C0034FF910020FAD9FF40A59100202AD92240A5092FCE18BBF0FF0E260F89FF8E182F
:2096AC00910020FAD9FF3CD209FFC0086FBF1600910020FAD9FF02A014FFF6FD910020FA23
:2096CC00D9FFD4D6DA0134FF910020FAD9FF02A0DA0134FF00003C21910020FAD9FF02A039
:2096EC0014FFDF1F1B80910020FAD9FFD4D6DA0034FF910020FAD9FF02A0DA0034FF9100B5
:20970C0020FAD9FF0CD59100202AD9220CD5142F8200370F81F134FF910020FAD9FF3CD272
:20972C0009FFC0086FCF6B01910020FAD9FF7CD614FFDF0F0D81910020FAD9FF379014FFE2
:20974C00DF0F8280910020FAD9FFD2E614FFDF1F7B809100204AD9445C648204DA08404402
:20976C00024402F56DFF485D4022910020FAD9FF7BD6DA0034FF910020FAD9FF7AD614FF66
:20978C006F7F1A00910020FAD9FF44529100202AD9227AD6142F163F2CF2910020FAD9FF3D
:2097AC004452DA002CF1910020FAD9FF4452DA002CF33C37910020FAD9FF7AD614FF6F6FC7
:2097CC001A00910020FAD9FF44529100202AD9227AD6142F163F2CF3910020FAD9FF445254
:2097EC00DA002CF1910020FAD9FF4452DA002CF23C18910020FAD9FF44529100202AD92212
:20980C007AD6142F163F2CF1910020FAD9FF4452DA002CF2910020FAD9FF4452DA002CF314
:20982C00910020FAD9FFCFD6DA0134FF910020FAD9FF3790DA0134FF910020FAD9FF00A06B
:20984C00DA0034FF910020FAD9FF5C64081FDF0F7D00910020FAD9FF00A014FFDF0F768000
:20986C00910020FAD9FF369014FFDF0F1480910020FAD9FFD2E614FF5E1D910020FAD9FFB2
:20988C00D0D6DA0134FF910020FAD9FF3690DA0134FF910020FAD9FFCAD614FFDF1F5680A7
:2098AC00910020FAD9FF0CD59100202AD9220CD5142F8210370F01F234FF910020FAD9FFBD
:2098CC003F90DA0134FF910020FAD9FF5C64081F3B0001007E0F910020FAD9FF1927910018
:2098EC00202AD92219270C223BF0FE0F260F2CF23C14910020FAD9FF5C64081F3B10010018
:20990C007E0C910020FAD9FF19279100202AD92219270C2296102CF2910020FAD9FF5C64A3
:20992C00DA002CF1910020FAD9FFFDC6DA0134FF910020FAD9FFCAD6DA0034FF910020FAF5
:20994C00D9FF3690DA0034FF00003C55910020FAD9FF7CD614F0DAFF5FF04E00910020FAC5
:20996C00D9FF399014FFDF0F4780910020FAD9FF4452DA002CF1910020FAD9FF4452DA006F
:20998C002CF2910020FAD9FF4452DA002CF3910020FAD9FF44529100202AD9226E12142FD9
:2099AC002CF4910020FAD9FF44529100202AD9226F12142F2CF5910020FAD9FF4452DA00B4
:2099CC002CF6910020FAD9FF4452DA002CF7910020FAD9FFCFD6DA0134FF910020FAD9FF8A
:2099EC000CD5DA0089FF9638910020FAD9FF3990DA0134FF00001D009B00910020FAD9FFB5
:209A0C007CD614FFDF0F7980910020FAD9FF3F9014FFDF1F2280910020FAD9FF0CD59100F4
:209A2C00202AD9220CD5142F8200370F01F234FF910020FAD9FF3790DA0034FF910020FAC1
:209A4C00D9FF3690DA0034FF910020FAD9FF3F90DA0034FF3C4F910020FAD9FF379014FF08
:209A6C00DF1F4980910020FAD9FF4452DA002CF1910020FAD9FF4452DA002CF2910020FA47
:209A8C00D9FF4452DA002CF3910020FAD9FFCFD6DA0134FF910020FAD9FF19279100202A7F
:209AAC00D92219270C2296102CF2910020FAD9FF7BD6DA0034FF910020FAD9FF5C64DA006F
:209ACC0034FF910020FAD9FFFDC6DA0134FF910020FAD9FF3690DA0034FF910020FAD9FF1A
:209AEC003790DA0034FF910020FAD9FF00A0DA0134FF00003C1C910020FAD9FF7CD614F024
:209B0C00DAFF5FF01500910020FAD9FF0CD59100202AD9220CD5142F8200370F01F234FFB0
:209B2C00910020FAD9FF3990DA0034FF910020FAD9FF3CD209FFC0086FDF1600910020FA50
:209B4C00D9FF05A014FFF6FD910020FAD9FFCCE6DA0134FF910020FAD9FF05A0DA0134FFFD
:209B6C0000003C21910020FAD9FF05A014FFDF1F1B80910020FAD9FFCCE6DA0034FF9100D5
:209B8C0020FAD9FF05A0DA0034FF910020FAD9FF0CD59100202AD9220CD5142F8200370FEF
:209BAC0081F234FF910020FAD9FF3CD209FFC0086FEF1600910020FAD9FF01A014FFF6FDF4
:209BCC00910020FAD9FFC0E6DA0134FF910020FAD9FF01A0DA0134FF00003C21910020FA08
:209BEC00D9FF01A014FFDF1F1B80910020FAD9FFC0E6DA0234FF910020FAD9FF0CD5910007
:209C0C00202AD9220CD5142F8200370F01F334FF910020FAD9FF01A0DA0034FF910020FA04
:209C2C00D9FF3CD209FFC0082EFE910020FAD9FF0CD59100202AD9220CD5142F8200370F10
:209C4C0081F334FF910020FAD9FF3CD209FFC0086F5F1D00910020FAD9FF06A014FFDF0FDB
:209C6C001480910020FAD9FFCFE6DA0134FF910020FAD9FF06A0DA0134FF910020FAD9FF44
:209C8C00D0E6DA0034FF00003C27910020FAD9FF06A014FFDF1F2180910020FAD9FFCFE67F
:209CAC00DA0034FF910020FAD9FF06A0DA0034FF910020FAD9FFD0E6DA0134FF910020FA63
:209CCC00D9FF0CD59100202AD9220CD50C268200370F81F22CF60090910020CAD9CC00E2E7
:209CEC00910020FAD9FF7005481F02F46D008E2B0222B4C2910020FAD9FF00E209FFC0080E
:209D0C006F0F1D00910020FAD9FF07A014FFDF0F1480910020FAD9FFD7D6DA0134FF91000E
:209D2C0020FAD9FF07A0DA0134FF910020FAD9FFC3E6DA0034FF00003C35910020FAD9FF43
:209D4C0007A014FFDF1F2F80910020FAD9FFD7D6DA0034FF910020FAD9FF07A0DA0034FF1C
:209D6C00910020FAD9FFC3E6DA0134FF910020FAD9FF0CD5DA0089FF9038910020FAD9FF8C
:209D8C000CD5DA0089FF9238910020FAD9FF0CD59100202AD9220CD50C268200370F01F0A4
:209DAC002CF6910020FAD9FF00E209FFC0086F1F1D00910020FAD9FF08A014FFDF0F1480D5
:209DCC00910020FAD9FFD8D6DA0134FF910020FAD9FF08A0DA0134FF910020FAD9FFC4E6D2
:209DEC00DA0034FF00003C35910020FAD9FF08A014FFDF1F2F80910020FAD9FFD8D6DA00E3
:209E0C0034FF910020FAD9FF08A0DA0034FF910020FAD9FFC4E6DA0134FF910020FAD9FF0D
:209E2C000CD5DA0089FF9038910020FAD9FF0CD5DA0089FF9238910020FAD9FF0CD5910086
:209E4C00202AD9220CD50C268200370F01F02CF6910020FAD9FF00E209FFC0086F2F1D00D3
:209E6C00910020FAD9FF09A014FFDF0F1480910020FAD9FFD9D6DA0134FF910020FAD9FF52
:209E8C0009A0DA0134FF910020FAD9FFC5E6DA0034FF00003C35910020FAD9FF09A014FF14
:209EAC00DF1F2F80910020FAD9FFD9D6DA0034FF910020FAD9FF09A0DA0034FF910020FAC6
:209ECC00D9FFC5E6DA0134FF910020FAD9FF0CD5DA0089FF9038910020FAD9FF0CD5DA0019
:209EEC0089FF9238910020FAD9FF0CD59100202AD9220CD50C268200370F01F02CF691004B
:209F0C0020FAD9FF00E209FFC0086F3F1D00910020FAD9FF0AA014FFDF0F1480910020FA59
:209F2C00D9FFDAD6DA0134FF910020FAD9FF0AA0DA0134FF910020FAD9FFC6E6DA0034FF08
:209F4C0000003C35910020FAD9FF0AA014FFDF1F2F80910020FAD9FFDAD6DA0034FF9100C6
:209F6C0020FAD9FF0AA0DA0034FF910020FAD9FFC6E6DA0134FF910020FAD9FF0CD5DA00B1
:209F8C0089FF9038910020FAD9FF0CD5DA0089FF9238910020FAD9FF0CD59100202AD9229B
:209FAC000CD50C268200370F01F02CF6910020FAD9FF00E209FFC0086F4F1D00910020FAEC
:209FCC00D9FF0BA014FFDF0F1480910020FAD9FFDBD6DA0134FF910020FAD9FF0BA0DA0112
:209FEC0034FF910020FAD9FFC7E6DA0034FF00003C35910020FAD9FF0BA014FFDF1F2F8086
:20A00C00910020FAD9FFDBD6DA0034FF910020FAD9FF0BA0DA0034FF910020FAD9FFC7E688
:20A02C00DA0134FF910020FAD9FF0CD5DA0089FF9038910020FAD9FF0CD5DA0089FF9238E8
:20A04C00910020FAD9FF0CD59100202AD9220CD50C268200370F81F02CF6910020FAD9FFC9
:20A06C0000E209FFC0086F5F1D00910020FAD9FF0CA014FFDF0F1480910020FAD9FFDCD63E
:20A08C00DA0134FF910020FAD9FF0CA0DA0134FF910020FAD9FFC8E6DA0034FF00003C35BA
:20A0AC00910020FAD9FF0CA014FFDF1F2F80910020FAD9FFDCD6DA0034FF910020FAD9FFE0
:20A0CC000CA0DA0034FF910020FAD9FFC8E6DA0134FF910020FAD9FF0CD5DA0089FF9038EE
:20A0EC00910020FAD9FF0CD5DA0089FF9238910020FAD9FF0CD59100202AD9220CD50C2677
:20A10C008200370F81F02CF6910020FAD9FF00E209FFC0086F6F1D00910020FAD9FF0DA078
:20A12C0014FFDF0F1480910020FAD9FFDDD6DA0134FF910020FAD9FF0DA0DA0134FF91006B
:20A14C0020FAD9FFC9E6DA0034FF00003C35910020FAD9FF0DA014FFDF1F2F80910020FA39
:20A16C00D9FFDDD6DA0034FF910020FAD9FF0DA0DA0034FF910020FAD9FFC9E6DA0134FFBE
:20A18C00910020FAD9FF0CD5DA0089FF9038910020FAD9FF0CD5DA0089FF9238910020FAEA
:20A1AC00D9FF0CD59100202AD9220CD50C268200370F01F12CF6910020FAD9FF00E209FFA8
:20A1CC00C0086F7F1600910020FAD9FF0EA014FFF6FD910020FAD9FFDFD6DA0134FF910099
:20A1EC0020FAD9FF0EA0DA0134FF00003C13910020FAD9FF0EA014FF5E1D910020FAD9FF14
:20A20C00DFD6DA0034FF910020FAD9FF0EA0DA0034FF910020FAD9FF00E209FFC0082E9D32
:20A22C00910020FAD9FF64729100202AD92264720C2196012CF13C0D910020FAD9FF64728A
:20A24C009100202AD92264720C2182E0260F2CF1910020FAD9FF00E209FFC0082EAD9100C4
:20A26C0020FAD9FF64729100202AD92264720C2196022CF13C0D910020FAD9FF6472910049
:20A28C00202AD92264720C2182D0260F2CF1910020FAD9FF00E209FFC0086FCF16009100AC
:20A2AC0020FAD9FF0FA014FFF6FD910020FAD9FFFFD6DA0134FF910020FAD9FF0FA0DA0178
:20A2CC0034FF00003C21910020FAD9FF0FA014FFDF1F1B80910020FAD9FFFFD6DA0034FF9F
:20A2EC00910020FAD9FF0FA0DA0034FF910020FAD9FF0CD59100202AD9220CD50C26820044
:20A30C00370F81F32CF6910020FAD9FF00E209FFC0086FDF1D00910020FAD9FF10A014FF6F
:20A32C00DF0F1480910020FAD9FFE0D6DA0134FF910020FAD9FF10A0DA0134FF910020FA5C
:20A34C00D9FFCAE6DA0034FF00003C27910020FAD9FF10A014FFDF1F2180910020FAD9FF91
:20A36C00E0D6DA0034FF910020FAD9FF10A0DA0034FF910020FAD9FFCAE6DA0134FF9100FC
:20A38C0020FAD9FF0CD59100202AD9220CD50C248200370F01F02CF4910020FAD9FF00E2B9
:20A3AC0009FFC0086FEF1D00910020FAD9FF11A014FFDF0F1480910020FAD9FFE1D6DA0168
:20A3CC0034FF910020FAD9FF11A0DA0134FF910020FAD9FFCBE6DA0034FF00003C279100C7
:20A3EC0020FAD9FF11A014FFDF1F2180910020FAD9FFE1D6DA0034FF910020FAD9FF11A081
:20A40C00DA0034FF910020FAD9FFCBE6DA0134FF910020FAD9FF0CD59100202AD9220CD5C6
:20A42C000C248200370F81F02CF4910020FAD9FF00E209FFC0086FFF1D00910020FAD9FF44
:20A44C0012A014FFDF0F1480910020FAD9FFCDE6DA0134FF910020FAD9FF12A0DA0134FF22
:20A46C00910020FAD9FFCEE6DA0034FF00003C35910020FAD9FF12A014FFDF1F2F80910095
:20A48C0020FAD9FFCDE6DA0034FF910020FAD9FF12A0DA0034FF910020FAD9FFCEE6DA01AA
:20A4AC0034FF910020FAD9FF0CD5DA0089FF9038910020FAD9FF0CD5DA0089FF92389100AE
:1AA4CC0020FAD9FF0CD59100202AD9220CD50C268200370F01F22CF600904D
:20A4E800910020FAD9FF1860DA0074FF910020FAD9FF8C61DA00B4FF3C25910020FAD9FF2B
:20A5080018609100202AD922186054209100202AD9228C61092FC0089100202AD9224061BF
:20A528005022092FC00842F074F0910020FAD9FF8C619100202AD9228C61092FC008C21FF7
:20A54800B4FF910020FAD9FF8C6109F0C008DA7D3FF0D5FF910020FAD9FF90619100202A66
:20A56800D92218605424DA7D024402F56DFF8E560222B4F2910020FAD9FF8C61DA00B4FF3D
:20A588003C46910020FAD9FF8E619100202AD9228C61092FC0088BEF0340DA7D024402F5AB
:20A5A8006DFF64560233B4F3910020FAD9FF8C6109FFC008910020FAD9FFDFE610FC91006C
:20A5C80020FAD9FF8E6109FFC008910020FAD9FF406150FF09FFC008534F2640910020FACC
:20A5E800D9FF906109F5C008024402556DFF4E56022234C2910020FAD9FF8C619100202AB2
:20A60800D9228C61092FC008C21FB4FF910020FAD9FF8C6109F0C008DA7D3FF0B4FF9100BB
:20A6280020FAD9FFB661DA0034FF910020FAD9FFB761DA0034FF910020FAD9FFB861DA00DE
:20A6480034FF910020FAD9FFB461DA0034FF910020FAD9FFB561DA0034FF910020FAD9FFF1
:20A66800B161DA0034FF1D00AA00910020FAD9FFB16114FF910020FAD9FFDFE610FF14F0E9
:20A68800DA647FF02380910020FAD9FFB16114FFC21F910020FAD9FFDFE610FF14F0DA6440
:20A6A8007FF01480910020FAD9FFB66114FFF6FD910020FAD9FFB761DA0134FF910020FA9B
:20A6C800D9FFB661DA0134FF910020FAD9FFB16114FF910020FAD9FFDFE610FF14F0DA6434
:20A6E8003FF02E80910020FAD9FFB16114FFC21F910020FAD9FFDFE610FF14F0DA643FF024
:20A708001F80910020FAD9FFB76114FFDF1F1880910020FAD9FFB4619100202AD922B161CE
:20A72800142F34FF910020FAD9FFB761DA0034FF910020FAD9FFB861DA0134FF910020FA9E
:20A74800D9FFB16114FF910020FAD9FFDFE610FF14F0DA647FF02880910020FAD9FFB161AF
:20A7680014FFC21F910020FAD9FFDFE610FF14F0DA647FF01980910020FAD9FFB86114FF8D
:20A78800DF1F1280910020FAD9FFB5619100202AD922B161142F34FF910020FAD9FFB8618E
:20A7A800DA0034FF910020FAD9FFB1619100202AD922B161142FC21F34FF910020FAD9FF2D
:20A7C800B16114F0DA7D3FF052FF910020FAD9FF9A619100202AD922B461142F9100202AFD
:20A7E800D922B5611420420F4B0F41F17B0000044B0F51F074FF910020FAD9FF96617BA00D
:20A8080027F49100202AD9229A6154206B0031FF9100202AD9227A950920C0084B004101D2
:20A828004B0F41F0BB0000049BC041044B0F51F074FF910020FAD9FF94619100202AD922CA
:20A848009661542F4B0F01F1B4FF910020FAD9FF74D19100202AD9229461942F370F70402B
:20A8680002446DFFFBC2022274F2910020FAD9FFB3619100202AD922B461142F9100202A37
:20A88800D922B5611420420F86FF34FF910020FAD9FFB2619100202AD922B361142F91000E
:20A8A800202AD922DFE61022142F34FF910020FAD9FFB26114F0DA647F0F0E80910020FA3F
:20A8C800D9FF92619100202AD922B261142F8BCF19F0B4FF910020FAD9FF7CD19100202AB8
:16A8E800D9229261942F370F704002446DFFB6C2022274F200906F
:20A90000910020FAD9FF1C60DA0074FF910020FAD9FF9E61DA00B4FF3C25910020FAD9FFF8
:20A920001C609100202AD9221C6054209100202AD9229E61092FC0089100202AD9227A911F
:20A940005022092FC00842F074F0910020FAD9FF9E619100202AD9229E61092FC008C21FB7
:20A96000B4FF910020FAD9FF9E6109F0C008DA7D3FF0D5FF910020FAD9FFA2619100202A26
:20A98000D9221C605424DA7D024402F56DFF82540222B4F2910020FAD9FF9E61DA00B4FF19
:20A9A0003C46910020FAD9FFA0619100202AD9229E61092FC0088BEF0340DA7D024402F56B
:20A9C0006DFF58540233B4F3910020FAD9FF9E6109FFC008910020FAD9FF1C0710FC9100EE
:20A9E00020FAD9FFA06109FFC008910020FAD9FF7A9150FF09FFC008534F2640910020FA34
:20AA0000D9FFA26109F5C008024402556DFF4254022234C2910020FAD9FF9E619100202A7F
:20AA2000D9229E61092FC008C21FB4FF910020FAD9FF9E6109F0C008DA7D3FF0B4FF91007B
:20AA400020FAD9FFBE61DA0034FF910020FAD9FFBF61DA0034FF910020FAD9FF8071DA00DA
:20AA600034FF910020FAD9FFBC61DA0034FF910020FAD9FFBD61DA0034FF910020FAD9FFC5
:20AA8000B961DA0034FF1D00AA00910020FAD9FFB96114FF910020FAD9FF1C0710FF14F05F
:20AAA000DA647FF02380910020FAD9FFB96114FFC21F910020FAD9FF1C0710FF14F0DA64BE
:20AAC0007FF01480910020FAD9FFBE6114FFF6FD910020FAD9FFBF61DA0134FF910020FA6F
:20AAE000D9FFBE61DA0134FF910020FAD9FFB96114FF910020FAD9FF1C0710FF14F0DA64AA
:20AB00003FF02E80910020FAD9FFB96114FFC21F910020FAD9FF1C0710FF14F0DA643FF0A1
:20AB20001F80910020FAD9FFBF6114FFDF1F1880910020FAD9FFBC619100202AD922B9619A
:20AB4000142F34FF910020FAD9FFBF61DA0034FF910020FAD9FF8071DA0134FF910020FAA2
:20AB6000D9FFB96114FF910020FAD9FF1C0710FF14F0DA647FF02880910020FAD9FFB96125
:20AB800014FFC21F910020FAD9FF1C0710FF14F0DA647FF01980910020FAD9FF807114FF3B
:20ABA000DF1F1280910020FAD9FFBD619100202AD922B961142F34FF910020FAD9FF80718A
:20ABC000DA0034FF910020FAD9FFB9619100202AD922B961142FC21F34FF910020FAD9FF01
:20ABE000B96114F0DA7D3FF052FF910020FAD9FFAC619100202AD922BC61142F9100202ABF
:20AC0000D922BD611420420F4B0F41F17B0000044B0F51F074FF910020FAD9FFA8617BA0D6
:20AC200027F49100202AD922AC6154206B0031FF9100202AD9227A950920C0084B004101A4
:20AC40004B0F41F0BB0000049BC041044B0F51F074FF910020FAD9FFA6619100202AD9229C
:20AC6000A861542F4B0F01F1B4FF910020FAD9FF78D19100202AD922A661942F370F7040E7
:20AC800002446DFFEFC0022274F2910020FAD9FFBB619100202AD922BC61142F9100202A19
:20ACA000D922BD611420420F86FF34FF910020FAD9FFBA619100202AD922BB61142F9100DA
:20ACC000202AD9221C071022142F34FF910020FAD9FFBA6114F0DA647F0F0F80910020FABC
:20ACE000D9FFA4619100202AD922BA61142F8BCF19F0B4FF3C07910020FAD9FFA461DA0088
:20AD0000B4FF910020FAD9FF40E19100202AD922A461942402446DFFA5C0022274F2009018
:20AD2000910020FAD9FFB0619100202AD92270D6142F9100202AD9226ED61420420FC2FFC0
:20AD4000160F34FF910020FAD9FF71D614FFDF1F1181910020FAD9FF79D614FFDF1F0A81C0
:20AD6000910020FAD9FFB06114FF530F2CF0910020FAD9FF4CD410FF9100202AD92274D1E1
:20AD8000542F6CF6910020FAD9FFB06114FF530F2CF0910020FAD9FF4CD410FF9100202A1C
:20ADA000D92274D1542F89FF0419910020FAD9FFB06114FF530F2CF0910020FAD9FF4CD463
:20ADC00010FF9100202AD9227CD1542F6CF7910020FAD9FFB06114FF530F2CF0910020FA8B
:20ADE000D9FF4CD410FF9100202AD9227CD1542F89FF0819910020FAD9FFB06114FF530FF4
:20AE00002CF0910020FAD9FF4CD410FF9100202AD92278D1542F89FF3819910020FAD9FF66
:20AE2000B06114FF530F2CF0910020FAD9FF4CD410FF9100202AD92278D1542F89FF242947
:20AE4000910020FAD9FFB06114FF530F2CF0910020FAD9FF4CD410FF9100202AD92240E124
:20AE6000542F89FF3C19910020FAD9FFB06114FF530F2CF0910020FAD9FF4CD410FF91000A
:20AE8000202AD92240E1542F89FF2829910020FAD9FFB06114FF530F2CF0910020FAD9FF48
:20AEA0004CD410FF9100202AD922B061142F530F2CF09100202AD9224CD410224C2196048C
:20AEC0006CF1910020FAD9FFB06114FF530F2CF0910020FAD9FF4CD410FF9100202AD92268
:20AEE000B061142F530F2CF09100202AD9224CD410224C2196086CF1910020FAD9FFB0615C
:20AF000014FF530F2CF0910020FAD9FF4CD410FF9100202AD922B061142F530F2CF09100B5
:20AF2000202AD9224CD41022092F2419960489FF2419910020FAD9FFB06114FF530F2CF081
:20AF4000910020FAD9FF4CD410FF9100202AD922B061142F530F2CF09100202AD9224CD4A1
:20AF60001022092F2419960889FF24191D008200910020FAD9FFB06114FF530F2CF0910072
:20AF800020FAD9FF4CD410FF9100202AD922B061142F530F2CF09100202AD9224CD41022C0
:20AFA0004C21BBB0FF0F9BF0FF0F260F6CF1910020FAD9FFB06114FF530F2CF0910020FAB0
:20AFC000D9FF4CD410FF9100202AD922B061142F530F2CF09100202AD9224CD410224C212D
:20AFE000BB70FF0F9BF0FF0F260F6CF1910020FAD9FFB06114FF530F2CF0910020FAD9FF45
:20B000004CD410FF9100202AD922B061142F530F2CF09100202AD9224CD41022092F2419BC
:20B02000BBB0FF0F9BF0FF0F260F89FF2419910020FAD9FFB06114FF530F2CF0910020FA34
:20B04000D9FF4CD410FF9100202AD922B061142F530F2CF09100202AD9224CD41022092FE1
:12B060002419BB70FF0F9BF0FF0F260F89FF2419009045
:20B0740040440940C008DA7D7FF07280910020FAD9FF44E1094FC008B4FF910020FAD9FF71
:20B0940044E109FFC008F6F7910020FAD9FF1460DA00B4FF910020FAD9FF46E19100202AB1
:20B0B400D92244E1092FC008B4FF910020FAD9FF48E1DA00B4FF3C3C910020FAD9FF46E14E
:20B0D40009FFC008910020FAD9FF4AE150FF4042B0229100205AD95548E1095FC008502237
:20B0F400092FC008B4FF910020FAD9FF14609100202AD9221460092FC008C21FB4FF910023
:20B1140020FAD9FF46E19100202AD92246E1092FC008C21FB4FF910020FAD9FF48E1910034
:20B13400202AD92248E1092FC008C21FB4FF910020FAD9FF46E109FFC008910020FAD9FFFC
:20B1540044E109F0C008C2303F0FB87F910020FAD9FF146009F0C008DA7D3FF01D80910012
:20B17400204AD94440619100205AD9554AE1DAFA4044405502F46DFF1F504022910020FA64
:16B19400D9FF1460DA00B4FF910020FAD9FFC6D6DA0134FF00900F
:20B1AC0040440940C008DA7D7FF07280910020FAD9FF8821094FC008B4FF910020FAD9FFB4
:20B1CC00882109FFC008F6F7910020FAD9FF1660DA00B4FF910020FAD9FF8A219100202A6E
:20B1EC00D9228821092FC008B4FF910020FAD9FF8C21DA00B4FF3C3C910020FAD9FF8A2189
:20B20C0009FFC008910020FAD9FF8E2150FF4042B0229100205AD9558C21095FC0085022F5
:20B22C00092FC008B4FF910020FAD9FF16609100202AD9221660092FC008C21FB4FF9100E5
:20B24C0020FAD9FF8A219100202AD9228A21092FC008C21FB4FF910020FAD9FF8C2191006F
:20B26C00202AD9228C21092FC008C21FB4FF910020FAD9FF8A2109FFC008910020FAD9FFBB
:20B28C00882109F0C008C2303F0FB87F910020FAD9FF166009F0C008DA7D3FF01D80910053
:20B2AC00204AD9447A919100205AD9558E21DAFA4044405502F46DFF834F4022910020FADA
:16B2CC00D9FF1660DA00B4FF910020FAD9FFC7D6DA0134FF0090D3
:20B2E400910020FAD9FF78129140202AD9220000F4F2910020FAD9FF7C129150202AD9220A
:20B304000000F4F2910020FAD9FF40229170202AD9220000F4F26D00EF04910020FAD9FF4F
:20B32400C5D6DA0134FF910020FAD9FFFDC6DA0034FF910020FAD9FFFEC6DA0034FF910028
:20B3440020FAD9FFC2D6DA0034FF910020FAD9FFC3D6DA0034FF910020FAD9FFC4D6DA0032
:20B3640034FF910020FAD9FFFFC6DA0034FF910020FAD9FFC0D6DA0034FF910020FAD9FF98
:20B38400C1D6DA0034FF910020FAD9FFC6D6DA0034FF910020FAD9FFC7D6DA0034FF91001B
:20B3A40020FAD9FFCAD6DA0034FF910020FAD9FFC8D6DA0034FF910020FAD9FFC9D6DA00C0
:20B3C40034FF910020FAD9FFCBD6DA0034FF910020FAD9FFCCD6DA0034FF910020FAD9FF50
:20B3E400CDD6DA0034FF910020FAD9FFCED6DA0034FF910020FAD9FFCFD6DA0034FF91009F
:20B4040020FAD9FFD0D6DA0034FF910020FAD9FFD1D6DA0034FF910020FAD9FFD2D6DA0047
:20B4240034FF910020FAD9FFD3D6DA0034FF910020FAD9FFD4D6DA0034FF910020FAD9FFDF
:20B44400D5D6DA0034FF910020FAD9FFD6D6DA0034FF910020FAD9FFD7D6DA0034FF910026
:20B4640020FAD9FFD8D6DA0034FF910020FAD9FFD9D6DA0034FF910020FAD9FFDAD6DA00CF
:20B4840034FF910020FAD9FFDCD6DA0034FF910020FAD9FFDDD6DA0034FF910020FAD9FF6D
:20B4A400DED6DA0034FF910020FAD9FFDFD6DA0034FF910020FAD9FFE0D6DA0034FF9100AB
:20B4C40020FAD9FFE1D6DA0034FF910020FAD9FFCCE6DA0034FF910020FAD9FFCDE6DA0060
:20B4E40034FF910020FAD9FFCFE6DA0034FF910020FAD9FFE3D6DA0034FF910020FAD9FF04
:20B50400E4D6DA0034FF910020FAD9FFE5D6DA0034FF910020FAD9FFE6D6DA0034FF910038
:20B5240020FAD9FFE7D6DA0034FF910020FAD9FFE8D6DA0034FF910020FAD9FFE9D6DA00E1
:20B5440034FF910020FAD9FFEAD6DA0034FF910020FAD9FFEBD6DA0034FF910020FAD9FF90
:20B56400ECD6DA0034FF910020FAD9FFEDD6DA0034FF910020FAD9FFEED6DA0034FF9100C0
:20B5840020FAD9FFEFD6DA0034FF910020FAD9FFF0D6DA0034FF910020FAD9FFF1D6DA0069
:20B5A40034FF910020FAD9FFF2D6DA0034FF910020FAD9FFF3D6DA0034FF910020FAD9FF20
:20B5C400F4D6DA0034FF910020FAD9FFF5D6DA0034FF910020FAD9FFF6D6DA0034FF910048
:20B5E40020FAD9FFF7D6DA0034FF910020FAD9FFF8D6DA0034FF910020FAD9FFE2D6DA0008
:20B6040034FF910020FAD9FFF9D6DA0034FF910020FAD9FFFAD6DA0034FF910020FAD9FFB1
:20B62400FBD6DA0034FF910020FAD9FFFCD6DA0034FF910020FAD9FFFDD6DA0034FF9100D2
:20B6440020FAD9FFFED6DA0034FF910020FAD9FFFFD6DA0034FF910020FAD9FFD1E6DA009A
:20B6640034FF910020FAD9FFC3E6DA0034FF910020FAD9FFC4E6DA0034FF910020FAD9FF9D
:20B68400C5E6DA0034FF910020FAD9FFC6E6DA0034FF910020FAD9FFC7E6DA0034FF9100E4
:20B6A40020FAD9FFC8E6DA0034FF910020FAD9FFC9E6DA0034FF910020FAD9FFCAE6DA008D
:20B6C40034FF910020FAD9FFCBE6DA0034FF910020FAD9FFCEE6DA0034FF910020FAD9FF2B
:20B6E400D0E6DA0034FF910020FAD9FF71D6DA0034FF910020FAD9FF72D6DA0034FF910043
:20B7040020FAD9FF73D6DA0034FF910020FAD9FF74D6DA0034FF910020FAD9FF75D6DA005B
:20B7240034FF910020FAD9FFD5E6DA0034FF910020FAD9FFD2E6DA0034FF910020FAD9FFBC
:20B74400D3E6DA0034FF910020FAD9FFD4E6DA0034FF910020FAD9FFD5E6DA0034FF9100F9
:20B7640020FAD9FFD6E6DA0034FF910020FAD9FFD7E6DA0034FF910020FAD9FF76D6DA0014
:20B7840034FF910020FAD9FF77D6DA0034FF910020FAD9FF78D6DA0034FF910020FAD9FF34
:20B7A40079D6DA0034FF910020FAD9FFDAE6DA0034FF910020FAD9FFDBE6DA0034FF9100F7
:20B7C40020FAD9FFDDE6DA0034FF910020FAD9FFDEE6DA0034FF910020FAD9FFD9E6DA0033
:20B7E40034FF910020FAD9FF7CD6DAFF34FF910020FAD9FF70D6DA0034FF910020FAD9FFD8
:20B804006FD6DA0034FF910020FAD9FF7AD6DA0834FF910020FAD9FF7BD6DA0834FF910070
:20B8240020FAD9FFC0E6DA0034FF910020FAD9FFC1E6DA0034FF910020FAD9FFC2E6DA0023
:20B8440034FF910020FAD9FFD8E6DA0034FF910020FAD9FF52D6DA00B4FF910020FAD9FFA8
:20B8640054D6DA00B4FF910020FAD9FF56D6DA00B4FF910020FAD9FF58D6DA00B4FF910002
:20B8840020FAD9FF7A95DA64B4FF910020FAD9FF7E95DA00B4FF910020FAD9FF70D5DA00ED
:20B8A400B4FF910020FAD9FF72D5DA00B4FF910020FAD9FF74D5DA00B4FF910020FAD9FF9E
:20B8C4007EC6DA0074FF910020FAD9FF58E5DA00B4FF910020FAD9FFDCE6DA0034FF9100A3
:20B8E40020FAD9FF50D6DA00B4FF910020FAD9FF2327DA0034FF3C18910020FAD9FF2327A4
:20B9040014FF910020FAD9FF5AD650FFDA00B4FF910020FAD9FF23279100202AD922232794
:20B92400142FC21F34FF910020FAD9FF232714FFBFAFE4FF910020FAD9FF2327DA0034FFA1
:20B944003C20910020FAD9FF232714FF530F2CF0910020FAD9FF4CD410F48204DAC04044DE
:20B96400024402F56DFF4C4C4022910020FAD9FF23279100202AD9222327142FC21F34FFDC
:20B98400910020FAD9FF232714F0DA103FF0DBFF9100204AD9447AD58204DA1E4044024430
:20B9A40002F56DFF2D4C40229100204AD94444948204DA184044024402F56DFF214C4022E1
:20B9C4009100204AD94448658204DA1C4044024402F56DFF154C40229100204AD9445C645A
:20B9E4008204DA084044024402F56DFF094C40229100204AD94454648204DA0840440244F5
:20BA040002F56DFFFD4B40229100204AD94419278204DA0A4044024402F56DFFF14B402288
:20BA24009100204AD944DFE68204DA7D4044024402F56DFFE54B40229100204AD9441C074E
:20BA44008204DA7D4044024402F56DFFD94B40229100204AD94464648204DA384044024410
:20BA640002F56DFFCD4B40229100204AD94440A58204DAF04044024402F56DFFC14B4022FD
:20BA84009100204AD94464658204DA184044024402F56DFFB54B40229100204AD9447C65C1
:20BAA4008204DA084044024402F56DFFA94B40229100204AD94444758204DA0C4044024490
:20BAC40002F56DFF9D4B40229100204AD9445C748204DA344044024402F56DFF914B4022CE
:20BAE400910020FAD9FF5C7449F4340A8204DA344044024402F56DFF834B40229100204A88
:20BB0400D9440CD58204DAE44044024402F56DFF774B40229100204AD944700582043B80C0
:20BB240014504044024402556DFF6A4B40229100204AD944648282043B80FA5040440244A6
:20BB440002556DFF5D4B40229100204AD9444C7382043B80FA504044024402556DFF504B8A
:20BB640040226DFFBF776DFF93760090910030FAD9FF0000DA0089FFA868910030FAD9FF20
:20BB84000000DA0089FFA668910030FAD9FF0000DA0089FFAA68910020FAD9FF40A5DA00E8
:20BBA400B4FF910020FAD9FF40A5DA00ACF1910020FAD9FF40A5DA00ACF2910020FAD9FF8C
:20BBC40040A5DA00ACF3910020FAD9FF40A5DA00ACF4910020FAD9FF40A5DA00ACF89100AA
:20BBE40020FAD9FF40A5DA00ACF9910020FAD9FF40A5DA00ACFA910020FAD9FF40A5DA00C1
:20BC040089FF8018910020FAD9FF40A5DA0089FF8218910020FAD9FF40A5DA0089FF841836
:20BC2400910020FAD9FF40A5DA0089FF8618910020FAD9FF40A5DA0089FF8818910020FA83
:20BC4400D9FF40A5DA0089FF8A18910020FAD9FF40A5DA0089FFBC28910020FAD9FF40A509
:20BC6400DA0089FFBE28910020FAD9FF40A5DA0089FF8038910020FAD9FF40A5DA0089FF2C
:20BC84008238910020FAD9FF40A5DA0089FF8438910020FAD9FF40A5DA0089FF8638910047
:20BCA40020FAD9FF40A5DA0089FF9838910020FAD9FF40A5DA0089FF9A38910020FAD9FF58
:20BCC40040A5DA0089FF9C38910020FAD9FF40A5DA0089FF9E38910020FAD9FF40A5DA0063
:20BCE40089FFA038910020FAD9FF40A5DA0089FFA2380090910020FAD9FF4422DA0134FFB5
:20BD0400910020FAD9FF4422DA0A2CF1910020FAD9FF442240FFB02F8204826540F4024447
:20BD240002556DFF6D4A4022910020FAD9FF4C22DA0034FF910020FAD9FF4C2240FFB01F26
:20BD44008204827540F4024402556DFF594A4022910020FAD9FF5422DA0534FF910020FA6A
:20BD6400D9FF542240FFB01F8204827540F4024402556DFF454A4022910020FAD9FF5C22B7
:20BD8400DA0534FF910020FAD9FF5C2240FFB01F8204827540F4024402556DFF314A4022E7
:20BDA400910020FAD9FF6422DA0534FF910020FAD9FF642240FFB01F8204827540F4024456
:20BDC40002556DFF1D4A4022910020FAD9FF6C22DA0334FF910020FAD9FF6C2240FFB01F93
:20BDE4008204827540F4024402556DFF094A4022910020FAD9FF7422DA0934FF910020FAF6
:20BE0400D9FF742240FFB01F8204827540F4024402556DFFF5494022910020FAD9FF7C2227
:20BE2400DA0834FF910020FAD9FF7C22DA042CF1910020FAD9FF7C22DA012CF2910020FA08
:20BE4400D9FF7C2240FFB03F8204825540F4024402556DFFD5494022910020FAD9FF443227
:20BE6400DA0C34FF910020FAD9FF443240FFB01F8204827540F4024402556DFFC149402278
:20BE8400910020FAD9FF4C32DA0434FF910020FAD9FF4C3240FFB01F8204827540F4024486
:20BEA40002556DFFAD494022910020FAD9FF5432DA0634FF910020FAD9FF5432DA762CF1D1
:20BEC400910020FAD9FF5432DA022CF2910020FAD9FF5432DA202CF3910020FAD9FF543230
:20BEE400DA032CF4910020FAD9FF5432DA202CF5910020FAD9FF5432DA032CF6910020FA6A
:20BF0400D9FF5432DA002CF7910020FAD9FF5C32DA1634FF910020FAD9FF5C32DA782CF10E
:20BF2400910020FAD9FF5C32DA002CF2910020FAD9FF5C32DA202CF3910020FAD9FF5C32B9
:20BF4400DA032CF4910020FAD9FF5C32DA002CF5910020FAD9FF5C32DA002CF6910020FA1C
:20BF6400D9FF5C32DA002CF7910020FAD9FF6432DA0734FF910020FAD9FF6432DA142CF109
:20BF8400910020FAD9FF6432DA142CF2910020FAD9FF6432DA142CF3910020FAD9FF643239
:20BFA400DA042CF4910020FAD9FF6432DA042CF5910020FAD9FF6432DA762CF6910020FA31
:20BFC400D9FF6432DA022CF7910020FAD9FF6C32DA0234FF910020FAD9FF6C3240FFB01F91
:20BFE4008204827540F4024402556DFF09494022910020FAD9FF7432DA1934FF910020FAD5
:20C00400D9FF7432DA0A2CF1910020FAD9FF7432DA0A2CF2910020FAD9FF7432DA042CF34C
:20C02400910020FAD9FF743240FFB04F8204824540F4024402556DFFE3484022910020FAD3
:20C04400D9FF7C32DA1A34FF910020FAD9FF7C32DAC82CF1910020FAD9FF7C32DA002CF216
:20C06400910020FAD9FF7C32DAC82CF3910020FAD9FF7C32DA002CF4910020FAD9FF7C326E
:20C08400DAC82CF5910020FAD9FF7C32DA002CF6910020FAD9FF7C32DA002CF7910020FAD3
:20C0A400D9FF4442DA1B34FF910020FAD9FF4442DAC82CF1910020FAD9FF4442DA002CF22D
:20C0C400910020FAD9FF4442DAC82CF3910020FAD9FF4442DA002CF4910020FAD9FF444286
:20C0E400DAC82CF5910020FAD9FF4442DA002CF6910020FAD9FF4442DA002CF7910020FAC3
:20C10400D9FF4C42DA1C34FF910020FAD9FF4C42DAC82CF1910020FAD9FF4C42DA002CF2B3
:20C12400910020FAD9FF4C42DAC82CF3910020FAD9FF4C42DA002CF4910020FAD9FF4C420D
:20C14400DAC82CF5910020FAD9FF4C42DA002CF6910020FAD9FF4C42DA002CF7910020FA52
:20C16400D9FF5442DA1434FF910020FAD9FF5442DA902CF1910020FAD9FF5442DAE82CF293
:20C18400910020FAD9FF5442DAFF2CF3910020FAD9FF5442DAFF2CF4910020FAD9FF54425F
:20C1A400DA002CF5910020FAD9FF5442DA002CF6910020FAD9FF5442DA002CF7910020FAAA
:20C1C400D9FF5C42DA1534FF910020FAD9FF5C42DAB82CF1910020FAD9FF5C42DA0B2CF2CF
:20C1E400910020FAD9FF5C42DA002CF3910020FAD9FF5C42DA002CF4910020FAD9FF5C42E5
:20C20400DA002CF5910020FAD9FF5C42DA002CF6910020FAD9FF5C42DA002CF7910020FA39
:20C22400D9FF6442DA0E34FF910020FAD9FF6442DA902CF1910020FAD9FF6442DAE82CF2A8
:20C24400910020FAD9FF6442DAFF2CF3910020FAD9FF6442DAFF2CF4910020FAD9FF64426E
:20C26400DA002CF5910020FAD9FF6442DA002CF6910020FAD9FF6442DA002CF7910020FAC9
:20C28400D9FF6C42DA0F34FF910020FAD9FF6C42DAB82CF1910020FAD9FF6C42DA0B2CF2E4
:20C2A400910020FAD9FF6C42DA002CF3910020FAD9FF6C42DA002CF4910020FAD9FF6C42F4
:20C2C400DA002CF5910020FAD9FF6C42DA002CF6910020FAD9FF6C42DA002CF7910020FA59
:20C2E400D9FF7442DA1034FF910020FAD9FF744240FFB01F8204827540F4024402556DFF8E
:20C304007F474022910020FAD9FF7C42DA1234FF910020FAD9FF7C4240FFB01F82048275C5
:20C3240040F4024402556DFF6B474022910020FAD9FF4452DA1334FF910020FAD9FF445256
:20C3440040FFB01F8204827540F4024402556DFF57474022910020FAD9FF4C52DA1E34FFC5
:20C36400910020FAD9FF4C5240FFB01F8204827540F4024402556DFF43474022910020FA39
:20C38400D9FF5452DA1D34FF910020FAD9FF545240FFB01F8204827540F4024402556DFF00
:20C3A4002F474022910020FAD9FF5C52DA1134FF910020FAD9FF5C5240FFB01F8204827596
:20C3C40040F4024402556DFF1B474022910020FAD9FF5C52DAFA2CF1910020FAD9FF6452FD
:20C3E400DA0A34FF910020FAD9FF645240FFB01F8204827540F4024402556DFF0147402277
:20C40400910020FAD9FF7452DA3C34FF910020FAD9FF745240FFB01F8204827540F4024438
:20C4240002556DFFED464022910020FAD9FF7C52DA3D34FF910020FAD9FF7C5240FFB01FA6
:20C444008204827540F4024402556DFFD9464022910020FAD9FF4462DA3E34FF910020FA7E
:20C46400D9FF446240FFB01F8204827540F4024402556DFFC5464022910020FAD9FF4C62D4
:20C48400DA3F34FF910020FAD9FF4C6240FFB01F8204827540F4024402556DFFB1464022FA
:20C4A400910020FAD9FF5462DA4034FF910020FAD9FF546240FFB01F8204827540F40244B4
:20C4C40002556DFF9D464022910020FAD9FF5C62DA4134FF910020FAD9FF5C6240FFB01F72
:20C4E4008204827540F4024402556DFF89464022910020FAD9FF6462DA4234FF910020FA0A
:20C50400D9FF646240FFB01F8204827540F4024402556DFF75464022910020FAD9FF6C6243
:20C52400DA4334FF910020FAD9FF6C6240FFB01F8204827540F4024402556DFF6146402285
:20C54400910020FAD9FF7462DA4434FF910020FAD9FF746240FFB01F8204827540F40244CF
:20C5640002556DFF4D464022910020FAD9FF7C62DA4534FF910020FAD9FF7C6240FFB01FDD
:20C584008204827540F4024402556DFF39464022910020FAD9FF4472DA4634FF910020FAC5
:20C5A400D9FF447240FFB01F8204827540F4024402556DFF25464022910020FAD9FF4C7213
:20C5C400DA4734FF910020FAD9FF4C7240FFB01F8204827540F4024402556DFF1146402241
:20C5E400910020FAD9FF5472DA4834FF910020FAD9FF547240FFB01F8204827540F402444B
:20C6040002556DFFFD454022910020FAD9FF5C72DA4934FF910020FAD9FF5C7240FFB01FA9
:20C624008204827540F4024402556DFFE9454022910020FAD9FF6472DA4A34FF910020FA51
:20C64400D9FF647240FFB01F8204827540F4024402556DFFD5454022910020FAD9FF6C7283
:20C66400DA5134FF910020FAD9FF6C7240FFB01F8204827540F4024402556DFFC1454022C7
:20C68400910020FAD9FF7472DA5334FF910020FAD9FF747240FFB01F8204827540F402445F
:20C6A40002556DFFAD454022910020FAD9FF7C72DA5034FF910020FAD9FF7C7240FFB01F12
:20C6C4008204827540F4024402556DFF99454022910020FAD9FF5482DA5234FF910020FAF9
:20C6E400D9FF5482DA002CF1910020FAD9FF5482DA002CF2910020FAD9FF548240FFB03FB9
:20C704008204825540F4024402556DFF79454022910020FAD9FF4482DA5034FF910020FA0A
:20C72400D9FF448240FFB01F8204827540F4024402556DFF65454022910020FAD9FF4C8232
:20C74400DA5134FF910020FAD9FF4C8240FFB01F8204827540F4024402556DFF5145402266
:20C76400910020FAD9FF5C82DA5234FF910020FAD9FF5C82DA002CF1910020FAD9FF5C823C
:20C78400DA002CF2910020FAD9FF5C8240FFB03F8204825540F4024402556DFF314540229C
:20C7A400910020FAD9FF6C52DA1F34FF910020FAD9FF6C5240FFB01F8204827540F40244C2
:0AC7C40002556DFF1D454022009054
:20C7D0007BE0F84F02446DFF3186C5FF2400DA0874FF85FF2000960102F46DFF2786C5FFF3
:20C7F0000020DA0074FFC5FF0420DA0074FFC5FF1420DA0074FFC5FF1820DA0074FFC5FF35
:20C810001C20DA0074FFC5FF2020DA0074FF85FF2000BBE0FF0F9BF0FF0F260F02F46DFFB1
:20C830000586C5FF0C003BF03FF074FF85FF2000960102F46DFFFA8585FF2000BBE0FF0F57
:20C850009BF0FF0F260F02F46DFFF085C5FF0410DA0074FF85FF2000960102F46DFFE685F6
:02C87000009036
:20C87400024402558F0421F08F852000420FC21F02F46DFFD9850090024F85F02000BBE02C
:16C89400FF1F9BF1FF1F261002046DFFCD85C5FF100074FF0090F5
:20C8AC00910020FAD9FF3C60D4FF09FFC6086F5F1B00910020FAD9FF48659100202AD922B5
:20C8CC004865092FD408C21FACFA6DFF5FBA6DFFA5BA910020FAD9FF3C60D4FFDA20ACF329
:20C8EC006DFFEE50910020FAD9FF3C60D4FFDA02ACF80090404C910020FAD9FF85719100EA
:20C90C00202AD92270D6142F9100202AD9226ED61420420F9100202AD92250D69420420F9D
:20C92C00C2FF160F34FF910020FAD9FF72D614FFDF1FF081910020FAD9FF79D614FFDF1FA2
:20C94C00E98109CFC0086F0F2D00910020FAD9FF857114FF530F2CF0910020FAD9FF4CD469
:20C96C0010FF9100202AD9228571142F530F2CF09100202AD9224CD410224C227B200000DE
:20C98C00A60F6CF2910020FAD9FF64649100202AD9226464092FF208C21F89FFB2083C2FCF
:20C9AC0009CFC0086F1F2C00910020FAD9FF857114FF530F2CF0910020FAD9FF4CD410FF55
:20C9CC009100202AD9228571142F530F2CF09100202AD9224CD410224C227B100000A60FE8
:20C9EC006CF2910020FAD9FF64649100202AD9226464092FF008C21F89FFB00809CFC008F3
:20CA0C006F7F1800910020FAD9FF857114FF530F2CF0910020FAD9FF4CD410FF9100202A6D
:20CA2C00D9228571142402446DFF16B2022F6CFA09CFC2086F0F2D00910020FAD9FF8571EA
:20CA4C0014FF530F2CF0910020FAD9FF4CD410FF9100202AD9228571142F530F2CF0910069
:20CA6C00202AD9224CD410224C2D7B200000A60F6CFD910020FAD9FF64649100202AD922C0
:20CA8C006464092FF208C21F89FFB2083C2F09CFC2086F1F2C00910020FAD9FF857114FF1A
:20CAAC00530F2CF0910020FAD9FF4CD410FF9100202AD9228571142F530F2CF09100202AD2
:20CACC00D9224CD410224C2D7B100000A60F6CFD910020FAD9FF64649100202AD9226464F2
:20CAEC00092FF008C21F89FFB00809CFC2086F7F1900910020FAD9FF857114FF530F2CF026
:20CB0C00910020FAD9FF4CD410FF9100202AD9228571142402446DFF9FB1022289F2141985
:20CB2C0009CFC4086F0F2F00910020FAD9FF857114FF530F2CF0910020FAD9FF4CD410FFDC
:20CB4C009100202AD9228571142F530F2CF09100202AD9224CD41022092F28197B20000000
:20CB6C00A60F89FF2819910020FAD9FF64649100202AD9226464092FF608C21F89FFB608E5
:20CB8C003C3109CFC4086F1F2E00910020FAD9FF857114FF530F2CF0910020FAD9FF4CD40F
:20CBAC0010FF9100202AD9228571142F530F2CF09100202AD9224CD41022092F28197B10A1
:20CBCC000000A60F89FF2819910020FAD9FF64649100202AD9226464092FF408C21F89FF45
:20CBEC00B40809CFC4086F7F1900910020FAD9FF857114FF530F2CF0910020FAD9FF4CD415
:20CC0C0010FF9100202AD9228571142402446DFF23B1022289F2082909CFC6086F0F2F004C
:20CC2C00910020FAD9FF857114FF530F2CF0910020FAD9FF4CD410FF9100202AD922857160
:20CC4C00142F530F2CF09100202AD9224CD41022092F14297B200000A60F89FF14299100C4
:20CC6C0020FAD9FF64649100202AD9226464092FF608C21F89FFB6083C3109CFC6086F1F52
:20CC8C002E00910020FAD9FF857114FF530F2CF0910020FAD9FF4CD410FF9100202AD922C8
:20CCAC008571142F530F2CF09100202AD9224CD41022092F14297B100000A60F89FF14290F
:20CCCC00910020FAD9FF64649100202AD9226464092FF408C21F89FFB40809CFC6086F7F72
:20CCEC001900910020FAD9FF857114FF530F2CF0910020FAD9FF4CD410FF9100202AD9227D
:12CD0C008571142402446DFFA7B0022289F23429009052
:20CD20004044910020FAD9FF84719100202AD92270D6142F9100202AD9226ED61420420FF9
:20CD4000C2FF160F34FF910020FAD9FF71D614FFDF1FF182910020FAD9FF79D614FFDF1F89
:20CD6000EA82094FC0086F0F6700094FC0086F8F2A00910020FAD9FF64649100202AD922D9
:20CD80006464092FC008C21FB4FF910020FAD9FF847114FF530F2CF0910020FAD9FF4CD48B
:20CDA00010FF9100202AD9228471142F530F2CF09100202AD9224CD410224C2296106CF23E
:20CDC0003C1C910020FAD9FF847114FF530F2CF0910020FAD9FF4CD410FF9100202AD9226A
:20CDE0008471142F530F2CF09100202AD9224CD410224C2296086CF2094FC0082E9D91006F
:20CE000020FAD9FF64649100202AD9226464092FC208C21FACF1094FC0082EAD910020FA94
:20CE2000D9FF64649100202AD9226464092FC408C21FACF2094FC0086F1F4A00910020FA8E
:20CE4000D9FF847114FF530F2CF0910020FAD9FF4CD410FF9100202AD9228471142F530F52
:20CE60002CF09100202AD9224CD410224C2296046CF2094FC0082ECD910020FAD9FF6464A2
:20CE80009100202AD9226464092FC608C21FACF3094FC0082EDD910020FAD9FF6464910067
:20CEA000202AD9226464092FC808C21FACF4094FC0082EED910020FAD9FF64649100202A7B
:20CEC000D9226464092FCA08C21FACF5094FC2086F0F6700094FC2086F8F2A00910020FA07
:20CEE000D9FF64649100202AD9226464092FCC08C21FACF6910020FAD9FF847114FF530F78
:20CF00002CF0910020FAD9FF4CD410FF9100202AD9228471142F530F2CF09100202AD922E1
:20CF20004CD410224C2D96106CFD3C1C910020FAD9FF847114FF530F2CF0910020FAD9FF33
:20CF40004CD410FF9100202AD9228471142F530F2CF09100202AD9224CD410224C2D9608D7
:20CF60006CFD094FC2082E9D910020FAD9FF64649100202AD9226464092FCE08C21FACF7E0
:20CF8000094FC2082EAD910020FAD9FF64649100202AD9226464092FD008C21FACF8094FBE
:20CFA000C2086F1F4A00910020FAD9FF847114FF530F2CF0910020FAD9FF4CD410FF910083
:20CFC000202AD9228471142F530F2CF09100202AD9224CD410224C2D96046CFD094FC20890
:20CFE0002ECD910020FAD9FF64649100202AD9226464092FD208C21FACF9094FC2082EDD88
:20D00000910020FAD9FF64649100202AD9226464092FD408C21FACFA094FC2082EED9100BE
:20D0200020FAD9FF64649100202AD9226464092FD608C21FACFB094FC4086F0F6B00094F95
:20D04000C4086F8F2C00910020FAD9FF64649100202AD9226464092FD808C21FACFC9100BF
:20D0600020FAD9FF847114FF530F2CF0910020FAD9FF4CD410FF9100202AD9228471142F78
:20D08000530F2CF09100202AD9224CD41022092F2819961089FF28193C1E910020FAD9FF25
:20D0A000847114FF530F2CF0910020FAD9FF4CD410FF9100202AD9228471142F530F2CF0AC
:20D0C0009100202AD9224CD41022092F2819960889FF2819094FC4082E9D910020FAD9FFD6
:20D0E00064649100202AD9226464092FDA08C21FACFD094FC4082EAD910020FAD9FF6464DC
:20D100009100202AD9226464092FDC08C21FACFE094FC4086F1F4E00910020FAD9FF847152
:20D1200014FF530F2CF0910020FAD9FF4CD410FF9100202AD9228471142F530F2CF091008F
:20D14000202AD9224CD41022092F2819960489FF2819094FC4082ECD910020FAD9FF6464F2
:20D160009100202AD9226464092FDE08C21FACFF094FC4082EDE910020FAD9FF646491005B
:20D18000202AD9226464092FE008C21F89FFA008094FC4082EEE910020FAD9FF6464910035
:20D1A000202AD9226464092FE208C21F89FFA208094FC6086F0F6E00094FC6086F8F2D00CA
:20D1C000910020FAD9FF64649100202AD9226464092FE408C21F89FFA408910020FAD9FFAA
:20D1E000847114FF530F2CF0910020FAD9FF4CD410FF9100202AD9228471142F530F2CF06B
:20D200009100202AD9224CD41022092F1429961089FF14293C1E910020FAD9FF847114FF21
:20D22000530F2CF0910020FAD9FF4CD410FF9100202AD9228471142F530F2CF09100202A57
:20D24000D9224CD41022092F1429960889FF1429094FC6082E9E910020FAD9FF64649100DB
:20D26000202AD9226464092FE608C21F89FFA608094FC6082EAE910020FAD9FF6464910086
:20D28000202AD9226464092FE808C21F89FFA808094FC6086F1F4F00910020FAD9FF8471C5
:20D2A00014FF530F2CF0910020FAD9FF4CD410FF9100202AD9228471142F530F2CF091000E
:20D2C000202AD9224CD41022092F1429960489FF1429094FC6082ECE910020FAD9FF646476
:20D2E0009100202AD9226464092FEA08C21F89FFAA08094FC6082EDE910020FAD9FF6464CE
:20D300009100202AD9226464092FEC08C21F89FFAC08094FC6082EEE910020FAD9FF646499
:20D320009100202AD9226464092FEE08C21F89FFAE08009040459100202AD922877191008E
:20D34000204AD94470D6144F9100204AD9446ED61440420FC2FF160F342F9100202AD9227D
:20D3600075D6142FDF1F8C809100202AD92279D6142FDF1F85801450DAFF5FF01D809100F0
:20D38000202AD9228771142F530F2CF09100202AD9224CD4102F9100202AD9228771142F49
:20D3A000530F2CF09100202AD9224CD410224C2296406CF20C513BF00F005F0F1D809100F2
:20D3C00020FAD9FF877114FF530F2CF0910020FAD9FF4CD410FF9100202AD9228771142F0F
:20D3E000530F2CF09100202AD9224CD410224C2D96406CFD0C523BF00F005F0F1F80910099
:20D4000020FAD9FF877114FF530F2CF0910020FAD9FF4CD410FF9100202AD9228771142FCE
:20D42000530F2CF09100202AD9224CD41022092F2819964089FF28190C533BF00F005F0F27
:20D440001F80910020FAD9FF877114FF530F2CF0910020FAD9FF4CD410FF9100202AD92299
:1ED460008771142F530F2CF09100202AD9224CD41022092F1429964089FF142900902D
:20D480004044910020FAD9FF86719100202AD92270D6142F9100202AD9226ED61420420F90
:20D4A0009100202AD92250D69420420FC2FF160F34FF910020FAD9FF73D614FFDF1F2A85C6
:20D4C000094FC0086F0F1F00910020FAD9FF867114FF530F2CF0910020FAD9FF4CD410FFD2
:20D4E0009100202AD9228671142F530F2CF09100202AD9224CD410224C227B800000A60F58
:20D500006CF2094FC0086F1F1F00910020FAD9FF867114FF530F2CF0910020FAD9FF4CD432
:20D5200010FF9100202AD9228671142F530F2CF09100202AD9224CD410224C227B0001003C
:20D54000A60F6CF2094FC0086F2F1F00910020FAD9FF867114FF530F2CF0910020FAD9FF4D
:20D560004CD410FF9100202AD9228671142F530F2CF09100202AD9224CD410224C227B00DD
:20D580000200A60F6CF2094FC0086F3F1F00910020FAD9FF867114FF530F2CF0910020FAD3
:20D5A000D9FF4CD410FF9100202AD9228671142F530F2CF09100202AD9224CD410224C2240
:20D5C0007B000400A60F6CF2094FC0086F4F1F00910020FAD9FF867114FF530F2CF0910020
:20D5E00020FAD9FF4CD410FF9100202AD9228671142F530F2CF09100202AD9224CD4102254
:20D600004C227B000800A60F6CF2094FC0086F5F1D00910020FAD9FF867114FF530F2CF0F0
:20D62000910020FAD9FF4CD410FF9100202AD9228671142F530F2CF09100202AD9224CD4B4
:20D6400010224C2396016CF3094FC0086F6F1D00910020FAD9FF867114FF530F2CF091007C
:20D6600020FAD9FF4CD410FF9100202AD9228671142F530F2CF09100202AD9224CD41022D3
:20D680004C2396026CF3094FC0086F7F1D00910020FAD9FF867114FF530F2CF0910020FA43
:20D6A000D9FF4CD410FF9100202AD9228671142F530F2CF09100202AD9224CD410224C233E
:20D6C00096046CF3094FC0086F8F1D00910020FAD9FF867114FF530F2CF0910020FAD9FF88
:20D6E0004CD410FF9100202AD9228671142F530F2CF09100202AD9224CD410224C23960838
:20D700006CF3094FC0086FCF1D00910020FAD9FF867114FF530F2CF0910020FAD9FF4CD481
:20D7200010FF9100202AD9228671142F530F2CF09100202AD9224CD410224C2396806CF340
:20D74000094FC2086F0F1F00910020FAD9FF867114FF530F2CF0910020FAD9FF4CD410FF4D
:20D760009100202AD9228671142F530F2CF09100202AD9224CD410224C2D7B800000A60FCA
:20D780006CFD094FC2086F1F1F00910020FAD9FF867114FF530F2CF0910020FAD9FF4CD4A3
:20D7A00010FF9100202AD9228671142F530F2CF09100202AD9224CD410224C2D7B000100AF
:20D7C000A60F6CFD094FC2086F2F1F00910020FAD9FF867114FF530F2CF0910020FAD9FFBE
:20D7E0004CD410FF9100202AD9228671142F530F2CF09100202AD9224CD410224C2D7B0050
:20D800000200A60F6CFD094FC2086F3F1F00910020FAD9FF867114FF530F2CF0910020FA43
:20D82000D9FF4CD410FF9100202AD9228671142F530F2CF09100202AD9224CD410224C2DB2
:20D840007B000400A60F6CFD094FC2086F4F1F00910020FAD9FF867114FF530F2CF0910090
:20D8600020FAD9FF4CD410FF9100202AD9228671142F530F2CF09100202AD9224CD41022D1
:20D880004C2D7B000800A60F6CFD094FC2086F5F1D00910020FAD9FF867114FF530F2CF056
:20D8A000910020FAD9FF4CD410FF9100202AD9228671142F530F2CF09100202AD9224CD432
:20D8C00010224C2E96016CFE094FC2086F6F1D00910020FAD9FF867114FF530F2CF09100E2
:20D8E00020FAD9FF4CD410FF9100202AD9228671142F530F2CF09100202AD9224CD4102251
:20D900004C2E96026CFE094FC2086F7F1D00910020FAD9FF867114FF530F2CF0910020FAA8
:20D92000D9FF4CD410FF9100202AD9228671142F530F2CF09100202AD9224CD410224C2EB0
:20D9400096046CFE094FC2086F8F1D00910020FAD9FF867114FF530F2CF0910020FAD9FFF8
:20D960004CD410FF9100202AD9228671142F530F2CF09100202AD9224CD410224C2E9608AA
:20D980006CFE094FC2086FCF1D00910020FAD9FF867114FF530F2CF0910020FAD9FF4CD4F2
:20D9A00010FF9100202AD9228671142F530F2CF09100202AD9224CD410224C2E96806CFEA8
:20D9C000094FC4086F0F2100910020FAD9FF867114FF530F2CF0910020FAD9FF4CD410FFC7
:20D9E0009100202AD9228671142F530F2CF09100202AD9224CD41022092F28197B800000FD
:20DA0000A60F89FF2819094FC4086F1F2100910020FAD9FF867114FF530F2CF0910020FAFF
:20DA2000D9FF4CD410FF9100202AD9228671142F530F2CF09100202AD9224CD41022092FF1
:20DA400028197B000100A60F89FF2819094FC4086F2F2100910020FAD9FF867114FF530FB9
:20DA60002CF0910020FAD9FF4CD410FF9100202AD9228671142F530F2CF09100202AD92274
:20DA80004CD41022092F28197B000200A60F89FF2819094FC4086F3F2100910020FAD9FF4A
:20DAA000867114FF530F2CF0910020FAD9FF4CD410FF9100202AD9228671142F530F2CF09E
:20DAC0009100202AD9224CD41022092F28197B000400A60F89FF2819094FC4086F4F2100A5
:20DAE000910020FAD9FF867114FF530F2CF0910020FAD9FF4CD410FF9100202AD92286719C
:20DB0000142F530F2CF09100202AD9224CD41022092F28197B000800A60F89FF2819094F4A
:20DB2000C4086F5F1F00910020FAD9FF867114FF530F2CF0910020FAD9FF4CD410FF9100DE
:20DB4000202AD9228671142F530F2CF09100202AD9224CD41022092F2C19960189FF2C19BF
:20DB6000094FC4086F6F1F00910020FAD9FF867114FF530F2CF0910020FAD9FF4CD410FFC7
:20DB80009100202AD9228671142F530F2CF09100202AD9224CD41022092F2C19960289FF32
:20DBA0002C19094FC4086F7F1F00910020FAD9FF867114FF530F2CF0910020FAD9FF4CD441
:20DBC00010FF9100202AD9228671142F530F2CF09100202AD9224CD41022092F2C19960469
:20DBE00089FF2C19094FC4086F8F1F00910020FAD9FF867114FF530F2CF0910020FAD9FF89
:20DC00004CD410FF9100202AD9228671142F530F2CF09100202AD9224CD41022092F2C19A2
:20DC2000960889FF2C19094FC4086FCF1F00910020FAD9FF867114FF530F2CF0910020FA42
:20DC4000D9FF4CD410FF9100202AD9228671142F530F2CF09100202AD9224CD41022092FCF
:20DC60002C19968089FF2C19094FC6086F0F2100910020FAD9FF867114FF530F2CF091001B
:20DC800020FAD9FF4CD410FF9100202AD9228671142F530F2CF09100202AD9224CD41022AD
:20DCA000092F14297B800000A60F89FF1429094FC6086F1F2100910020FAD9FF867114FF18
:20DCC000530F2CF0910020FAD9FF4CD410FF9100202AD9228671142F530F2CF09100202AAB
:20DCE000D9224CD41022092F14297B000100A60F89FF1429094FC6086F2F2100910020FADC
:20DD0000D9FF867114FF530F2CF0910020FAD9FF4CD410FF9100202AD9228671142F530F7F
:20DD20002CF09100202AD9224CD41022092F14297B000200A60F89FF1429094FC6086F3F5F
:20DD40002100910020FAD9FF867114FF530F2CF0910020FAD9FF4CD410FF9100202AD9220F
:20DD60008671142F530F2CF09100202AD9224CD41022092F14297B000400A60F89FF142955
:20DD8000094FC6086F4F2100910020FAD9FF867114FF530F2CF0910020FAD9FF4CD410FFC1
:20DDA0009100202AD9228671142F530F2CF09100202AD9224CD41022092F14297B000800B5
:20DDC000A60F89FF1429094FC6086F5F1F00910020FAD9FF867114FF530F2CF0910020FA00
:20DDE000D9FF4CD410FF9100202AD9228671142F530F2CF09100202AD9224CD41022092F2E
:20DE00001829960189FF1829094FC6086F6F1F00910020FAD9FF867114FF530F2CF09100A2
:20DE200020FAD9FF4CD410FF9100202AD9228671142F530F2CF09100202AD9224CD410220B
:20DE4000092F1829960289FF1829094FC6086F7F1F00910020FAD9FF867114FF530F2CF0AA
:20DE6000910020FAD9FF4CD410FF9100202AD9228671142F530F2CF09100202AD9224CD46C
:20DE80001022092F1829960489FF1829094FC6086F8F1F00910020FAD9FF867114FF530F42
:20DEA0002CF0910020FAD9FF4CD410FF9100202AD9228671142F530F2CF09100202AD92230
:20DEC0004CD41022092F1829960889FF1829094FC6086FCF1F00910020FAD9FF867114FF00
:20DEE000530F2CF0910020FAD9FF4CD410FF9100202AD9228671142F530F2CF09100202A89
:12DF0000D9224CD41022092F1829968089FF18290090DA
:20DF140085FF2000BBE0FF0F9BF0FF0F260F02F46DFF8A7AC5FF00803B0030F074FF85FFD6
:20DF34002000960102F46DFF7F7AC5FF3080DA0074FFC5FF3480DA0074FFC5FF3880DA00DF
:20DF540074FFC5FF3C80DA0074FF0090910020FAD9FFD6E614FF5E1782248205024402554C
:20DF74006D001608910020FAD9FFC3D614FFDF1F3F80910020FAD9FFC3D6DA0034FF823437
:20DF9400910020FAD9FFD3E614F59100204AD9444C220244025540446D009807910020FACA
:20DFB400D9FF40A59100202AD92240A5092FC238C21F89FF823882248205024402556D0049
:20DFD400C708910020FAD9FF0CD59100202AD9220CD50C228210370F81F02CF2910020FA03
:20DFF400D9FF2F60DA0034FF1D008A00910020FAD9FF2F609100202AD9222F60142FC21F57
:20E0140034FF910020FAD9FF2F6014FFBF2F3C80910020FAD9FFD3E6DA0034FF910020FAF6
:20E03400D9FF54D6DA01B4FF910020FAD9FFD6E614FFF6F882248215024402556D00A80706
:20E054003C0782248215024402556D008108910020FAD9FF0CD59100202AD9220CD50C2250
:20E074008200370F81F02CF26D00CC069180004AD944D40240446DFFF926822402446D0040
:20E0940047093C3D8234910020FAD9FFD3E614F59100204AD9444C220244025540446D0094
:20E0B4001507910020FAD9FFD3E614FF5E1E910020FAD9FF40A59100202AD92240A5092F0A
:20E0D400C238C21F89FF823882248205024402556D003E08910020FAD9FF0CD59100202A53
:1EE0F400D9220CD50C228210370F81F02CF29180004AD944CD1240446DFFB8260090E8
:20E11400910020FAD9FFD5E614FF5E1782148205024402556D003C07910020FAD9FFC2D6A0
:20E1340014FFDF1F4980910020FAD9FFC2D6DA0034FF910020FAD9FF4C229100202AD92202
:20E15400C5D6142F2CF18214910020FAD9FFD2E614F59100204AD9444C220244025540442F
:20E174006D00B406910020FAD9FF40A59100202AD92240A5092FC618C21F89FF861882148E
:20E194008205024402556D00E307910020FAD9FF0CD59100202AD9220CD50C228210370FCF
:20E1B40001F02CF2910020FAD9FF2E60DA0034FF1D008700910020FAD9FF2E609100202A8E
:20E1D400D9222E60142FC21F34FF910020FAD9FF2E6014FFBF2F3C80910020FAD9FFD2E642
:20E1F400DA0034FF910020FAD9FF52D6DA01B4FF910020FAD9FFD5E614FFF6F88214821559
:20E21400024402556D00C4063C0782148215024402556D009D07910020FAD9FF0CD5910003
:20E23400202AD9220CD50C228200370F01F02CF26D00F6059180004AD9449EE240446DFF4F
:20E254001526821402446D0063083C3A910020FAD9FF4C229100202AD922C5D6142F2CF183
:20E274008214910020FAD9FFD2E614F59100204AD9444C220244025540446D0027069100DE
:20E2940020FAD9FFD2E614FF5E1E910020FAD9FF40A59100202AD92240A5092FC618C21F17
:20E2B40089FF861882148205024402556D0050079180004AD94498F240446DFFD725009028
:20E2D4000248910020FAD9FFD7E614FF5E1782348205024402556D005B06910020FAD9FFED
:20E2F400C4D614F0DF103880910020FAD9FFC4D6DA0034FF8254910020FAD9FFD4E614F57F
:20E314009100204AD9444C220244025540446D00DD05910020FAD9FF40A59100202AD922B5
:20E3340040A5092FDE38C21F89FF9E3882348205024402556D000C07910020FAD9FF3060EA
:20E35400DA0034FF910020FAD9FF3160DA0134FF1D00A200910020FAD9FF30609100202ACD
:20E37400D92230601420C21034F0910020FAD9FF306014F0FF200480DF185F80910020FA99
:20E39400D9FFD4E6DA0034FF910020FAD9FF56D6DA01B4FF910020FAD9FFD7E614FFF6F84C
:20E3B40082348215024402556D00F2053C0782348215024402556D00CB06910020FAD9FF0D
:20E3D4000CD59100202AD9220CD50C228200370F81F12CF2910020FAD9FF0CD59100202ACC
:20E3F400D9220CD50C228200370F81F22CF2910020FAD9FF40A5DA0089FFA8386D004C053E
:20E41400F6899180004AD944C82240446DFF2E253C089180004AD944C13240446DFF2625DA
:20E43400823402446D007407910020FAD9FF3160DA0034FF3C308254910020FAD9FFD4E644
:20E4540014F59100204AD9444C220244025540446D003C05910020FAD9FFD4E614FF5E1E7E
:20E47400910020FAD9FF40A59100202AD92240A5092FDE38C21F89FF9E3882348205024455
:16E4940002556D0065069180004AD944F83240446DFFEC24009011
:20E4AC000244DF149A81910020FAD9FFFFC614FFDF1F9381910020FAD9FFD2E6DA0134FF46
:20E4CC00910020FAD9FFC2D6DA0134FF910020FAD9FFFFC6DA0034FF8214910020FAD9FF99
:20E4EC00D2E614F59100204AD94474220244025540446D00EF046D005D048214910020FA11
:20E50C00D9FFD2E614F59100204AD94454320244025540446D00DE046D004C048214910064
:20E52C0020FAD9FFD2E614F59100204AD9445C320244025540446D00CD046D003B048214D5
:20E54C00910020FAD9FFD2E614F59100204AD94474320244025540446D00BC046D002A04C4
:20E56C008214910020FAD9FFD2E614F59100204AD9447C320244025540446D00AB046D0045
:20E58C0019048214910020FAD9FFD2E614F59100204AD94444420244025540446D009A04AE
:20E5AC006D0008048214910020FAD9FFD2E614F59100204AD9444C420244025540446D00C8
:20E5CC0089046D00F7038214910020FAD9FFD2E614F59100204AD944545202440255404482
:20E5EC006D0078046D00E603910020FAD9FF77D614FFDF1F63808214910020FAD9FFD2E63B
:20E60C0014F59100204AD94454420244025540446D0060046D00CE038214910020FAD9FFEE
:20E62C00D2E614F59100204AD94464420244025540446D004F046D00BD038214910020FA00
:20E64C00D9FFD2E614F59100204AD9445C420244025540446D003E046D00AC03821491004C
:20E66C0020FAD9FFD2E614F59100204AD9446C420244025540446D002D046D009B038214B5
:20E68C00910020FAD9FFD2E614F59100204AD94474420244025540446D001C046D008A03B4
:20E6AC00910020FAD9FF70D59100202AD92270D5092FC008C25FB4FF8214910020FAD9FF7E
:20E6CC00D2E614F59100204AD94444220244025540446D00FF036D006D038214910020FA41
:20E6EC00D9FFD2E614F59100204AD9445C520244025540446D00EE036D005C03821491003D
:20E70C0020FAD9FFD2E614F59100204AD9447C420244025540446D00DD036D004B038214A5
:20E72C00910020FAD9FFD2E614F59100204AD94454220244025540446D00CC036D003A03F4
:20E74C008214910020FAD9FFD2E614F59100204AD9444C520244025540446D00BB036D0064
:20E76C0029038214910020FAD9FFD2E614F59100204AD94444320244025540446D00AA03BE
:20E78C006D001803910020FAD9FF40A59100202AD92240A5092FE228C21F89FFA2289100BC
:20E7AC0020FAD9FF70D59100202AD92270D5092FC0088BEF00F0B4FF821482050244025524
:20E7CC006D00CA049180004AD944A3A240446DFF51231D00EB01DF247880910020FAD9FF4A
:20E7EC00C0D614FFDF1F7180910020FAD9FFD3E6DA0134FF910020FAD9FFC3D6DA0134FF01
:20E80C00910020FAD9FFC0D6DA0034FF8234910020FAD9FFD3E614F59100204AD9446C3215
:20E82C000244025540446D0055036D00C3028234910020FAD9FFD3E614F59100204AD944A1
:20E84C0064320244025540446D0044036D00B2028234910020FAD9FFD3E614F59100204A2A
:20E86C00D94444220244025540446D0033036D00A1028234910020FAD9FFD3E614F59100A9
:20E88C00204AD9445C220244025540446D002203910020FAD9FF72D59100202AD92272D5CD
:20E8AC00092FC008C24FB4FF82248205024402556D0052049180004AD9449AB240446DFF47
:20E8CC00D9221D007301DF347181910020FAD9FFC1D614FFDF1F6A81910020FAD9FF9271FF
:20E8EC006DFF12470222B4F2910020FAD9FF927109FFC008DF0F1180910020FAD9FFC1D68E
:20E90C00DA0034FF9180004AD94490C240446DFFB1221D004B01910020FAD9FFD4E6DA01D0
:20E92C0034FF910020FAD9FFC4D6DA0134FF910020FAD9FFC1D6DA0034FF9180004AD944CE
:20E94C00BDC240446DFF9622910020FAD9FF0CD59100202AD9220CD50C228200370F81F200
:20E96C002CF28254910020FAD9FFD4E614F59100204AD9447C520244025540446D00AA0231
:20E98C008254910020FAD9FFD4E614F59100204AD94444620244025540446D009B02825490
:20E9AC00910020FAD9FFD4E614F59100204AD9444C620244025540446D008C0282549100BC
:20E9CC0020FAD9FFD4E614F59100204AD94454620244025540446D007D028254910020FA1A
:20E9EC00D9FFD4E614F59100204AD9445C620244025540446D006E028254910020FAD9FF43
:20EA0C00D4E614F59100204AD94464620244025540446D005F028254910020FAD9FFD4E647
:20EA2C0014F59100204AD9446C620244025540446D0050028254910020FAD9FFD4E614F5DF
:20EA4C009100204AD94474620244025540446D0041028254910020FAD9FFD4E614F591003E
:20EA6C00204AD9447C620244025540446D0032028254910020FAD9FFD4E614F59100204A4C
:20EA8C00D94444720244025540446D0023028254910020FAD9FFD4E614F59100204AD944B0
:20EAAC004C720244025540446D0014028254910020FAD9FFD4E614F59100204AD9445472EE
:20EACC000244025540446D0005028254910020FAD9FFD4E614F59100204AD9445C7202444D
:20EAEC00025540446D00F6018254910020FAD9FFD4E614F59100204AD94464720244025524
:20EB0C0040446D00E7018254910020FAD9FFD4E614F59100204AD944442202440255404455
:20EB2C006D00D8018254910020FAD9FFD4E614F59100204AD94464220244025540446D003B
:20EB4C00C901910020FAD9FF74D59100202AD92274D5092FC0088B0F01F0B4FF8234820579
:20EB6C00024402556D00F802910020FAD9FF0CD59100202AD9220CD50C228210370F81F2F1
:20EB8C002CF2910020FAD9FFFED6DA0034FF910020FAD9FFE5D6DA0134FF9180004AD94423
:0AEBAC00A8D240446DFF66210090DE
:20EBB800910020FAD9FF19279100202AD9221927142F3BF0FD0F260F34FF910020FAD9FFFF
:20EBD80019279100202AD9221927142F3BF0FB0F260F34FF910020FAD9FF1927DA002CF32B
:20EBF800910020FAD9FF2B60DA0034FF910020FAD9FF2A60DA0034FF910020FAD9FFFDC682
:06EC1800DA0134FF009058
:20EC2000910020FAD9FF19279100202AD9221927142F82D0260F34FF910020FAD9FF19273B
:20EC40009100202AD9221927142F82B0260F34FF910020FAD9FF19279100202AD9221927E8
:20EC6000142F3B70FF0F260F34FF910020FAD9FF19279100202AD9221927142F3BF0FE0FDC
:20EC8000260F34FF910020FAD9FF1927DA002CF1910020FAD9FF1927DA002CF2910020FAEC
:20ECA000D9FF2960DA0034FF910020FAD9FF2860DA0034FF910020FAD9FFFDC6DA0134FF7A
:02ECC0000090C2
:20ECC40002444044DF140E808214910020FAD9FFD2E614F50244025540446D00FF003C1C26
:20ECE400DF240E808234910020FAD9FFD3E614F50244025540446D00F1003C0EDF340D801B
:20ED04008254910020FAD9FFD4E614F50244025540446D00E3000090910020FAD9FF19270F
:20ED2400DA002CF7910020FAD9FF1927DA002CF8910020FAD9FF1927DA002CF9910020FAA4
:20ED4400D9FF2D60DA0034FF910020FAD9FF2C60DA0034FF910020FAD9FFFDC6DA0134FFCD
:02ED640000901D
:20ED6800910020FAD9FF887185FF108074FF910020FAD9FF2060DA0074FF3C1285FF1080D6
:20ED8800910020FAD9FF887154F0A20F910020FAD9FF206002F46DFF0732022274F2910041
:20EDA80020FAD9FF206054FF3B0053073F0FE8FF00000090910020FAD9FF8C7185FF108098
:20EDC80074FF910020FAD9FF2460DA0074FF3C1285FF1080910020FAD9FF8C7154F0A20F8D
:20EDE800910020FAD9FF246002F46DFFDD31022274F2910020FAD9FF246054FFBB8031073D
:20EE08009B1000003F0FE6FF00000090910020FAD9FF1927DA002CF3910020FAD9FFFDC67A
:06EE2800DA0134FF009046
:20EE3000910020FAD9FF19279100202AD9221927142F82D0260F34FF910020FAD9FF192729
:20EE50009100202AD9221927142F82B0260F34FF910020FAD9FF1927DA002CF1910020FA4A
:20EE7000D9FF19279100202AD92219270C2216202CF2910020FAD9FF1927DA002CF5910083
:20EE900020FAD9FF1927DA002CF6910020FAD9FFFDC6DA0134FF0090910020FAD9FF19278D
:20EEB000DA002CF7910020FAD9FF1927DA002CF8910020FAD9FF1927DA002CF9910020FA17
:0AEED000D9FFFDC6DA0134FF0090FF
:20EEDC0002480255404CDF155B80910020FAD9FF9471DA0034FF910020FAD9FF9071DA0027
:20EEFC00B4FF3C16910020FAD9FF947102846DFF9D20022234F2910020FAD9FF907191005B
:20EF1C00202AD9229071092FC008C21FB4FF910020FAD9FF947114FF1E1B910020FAD9FFA4
:20EF3C00907109FFC0083B803E003F0FDDFF910020FAD9FF947114FF5E19028440C46DFFB9
:20EF5C00912502846DFFD4253C1A6DFF1321910020FAD9FF947102846DFF6820022234F2B2
:20EF7C00028440C46DFF7E2502846DFFC1259180004AD944A08240446DFF741F6DFFE8FE95
:02EF9C000090E3
:20EFA000024F025582105FF00A0082205FF04D0082305FF08F001D00D100DF1521809100DC
:20EFC00020FAD9FF296014FFDF0F1A80910020FAD9FF2960DA0134FF910020FAD9FF19273E
:20EFE0009100202AD9221927142F960834FF910020FAD9FFFDC6DA0134FF3C23DF052280AE
:20F00000910020FAD9FF296014FFDF1F1B80910020FAD9FF2960DA0034FF910020FAD9FF9C
:20F0200019279100202AD9221927142F3B70FF0F260F34FF910020FAD9FFFDC6DA0134FFC2
:20F0400000001D008D00DF152180910020FAD9FF2B6014FFDF0F1A80910020FAD9FF2B60BA
:20F06000DA0134FF910020FAD9FF19279100202AD9221927142F962034FF910020FAD9FFFA
:20F08000FDC6DA0134FF3C23DF052280910020FAD9FF2B6014FFDF1F1B80910020FAD9FF7D
:20F0A0002B60DA0034FF910020FAD9FF19279100202AD9221927142F3BF0FD0F260F34FFFD
:20F0C000910020FAD9FFFDC6DA0134FF00003C47DF152180910020FAD9FF2D6014FFDF0FB3
:20F0E0001A80910020FAD9FF2D60DA0134FF910020FAD9FF19279100202AD92219270C274C
:20F1000096012CF7910020FAD9FFFDC6DA0134FF3C22DF052180910020FAD9FF2D6014FFDB
:20F12000DF1F1A80910020FAD9FF2D60DA0034FF910020FAD9FF19279100202AD922192741
:1EF140000C2782E0260F2CF7910020FAD9FFFDC6DA0134FF00003C0300003C01009064
:20F16000024F025582105FF00A0082205FF04D0082305FF08F001D00D100DF15218091001A
:20F1800020FAD9FF286014FFDF0F1A80910020FAD9FF2860DA0134FF910020FAD9FF19277E
:20F1A0009100202AD9221927142F961034FF910020FAD9FFFDC6DA0134FF3C23DF052280E4
:20F1C000910020FAD9FF286014FFDF1F1B80910020FAD9FF2860DA0034FF910020FAD9FFDD
:20F1E00019279100202AD9221927142F3BF0FE0F260F34FF910020FAD9FFFDC6DA0134FF82
:20F2000000001D008D00DF152180910020FAD9FF2A6014FFDF0F1A80910020FAD9FF2A60FA
:20F22000DA0134FF910020FAD9FF19279100202AD9221927142F964034FF910020FAD9FF18
:20F24000FDC6DA0134FF3C23DF052280910020FAD9FF2A6014FFDF1F1B80910020FAD9FFBC
:20F260002A60DA0034FF910020FAD9FF19279100202AD9221927142F3BF0FB0F260F34FF3E
:20F28000910020FAD9FFFDC6DA0134FF00003C47DF152180910020FAD9FF2C6014FFDF0FF2
:20F2A0001A80910020FAD9FF2C60DA0134FF910020FAD9FF19279100202AD92219270C278B
:20F2C00096022CF7910020FAD9FFFDC6DA0134FF3C22DF052180910020FAD9FF2C6014FF1A
:20F2E000DF1F1A80910020FAD9FF2C60DA0034FF910020FAD9FF19279100202AD922192781
:1EF300000C2782D0260F2CF7910020FAD9FFFDC6DA0134FF00003C0300003C010090B2
:20F320000244DF142880910020FAD9FFFFC6DA0034FF821482159100204AD9446C2202447E
:20F34000025540446DFFCCFD9180004AD9448B9240446DFF951D910020FAD9FF40A591006D
:20F36000202AD92240A5092FC018C21F89FF80183C50DF242880910020FAD9FFC0D6DA0028
:20F3800034FF823482159100204AD9446C220244025540446DFFA4FD9180004AD944A99266
:20F3A00040446DFF6D1D910020FAD9FF40A59100202AD92240A5092FFC28C21F89FFBC2807
:20F3C0003C28DF342780910020FAD9FFC1D6DA0034FF825482159100204AD9446C2202448F
:20F3E000025540446DFF7CFD9180004AD94486A240446DFF451D910020FAD9FF40A5910062
:12F40000202AD92240A5092FD838C21F89FF98380090BF
:20F414000244024FBBF0FF5F02F402556DFF382F02220222BBF0FF0F260F8F8F00F042F2A0
:0AF434003702702002223C01009014
:20F44000910020FAD9FF9C71DA4C9B0F40FA74FF910020FAD9FF9871DA089B0F40FA74FFDA
:20F46000910020FAD9FFB6719100202AD9229871D422092FC00834FF910020FAD9FF40A572
:20F480009100202AD92240A5092FD208C21FACF9910020FAD9FF40A59100202AD922B671B4
:20F4A000142FACFC910020FAD9FFB7719100202AD92270D6142FC23F160F34FF910020FA53
:20F4C000D9FFAA719100202AD922A8710924C00802446DFFC79C022274F2910020FAD9FF33
:20F4E000AE719100202AD922A871092FC008C21F370F704002446DFFB59C022274F2910009
:20F5000020FAD9FFB77114FF530F2CF0910020FAD9FF4CD410FF9100202AD922AA71542F1A
:20F5200074FF910020FAD9FFB77114FF530F2CF0910020FAD9FF4CD410FF9100202AD92294
:20F54000AE71542F89FF2019910020FAD9FFA8719100202AD922A871092FC008C22FB4FF19
:20F56000910020FAD9FF0CD59100202AD92270D6142F530F2CF09100202AD9224CD4102222
:20F58000542F6CF2910020FAD9FF0CD59100202AD92270D6142F530F2CF09100202AD92273
:20F5A0004CD410224C216CF3910020FAD9FF0CD549F4100A910020FAD9FF70D614FF530F34
:20F5C0002CF0910020FAD9FF4CD410FF49F5080ADA2C4044405502F46DFFF82D4022910074
:20F5E00020FAD9FF0CD549F43C0A910020FAD9FF70D614FF530F2CF0910020FAD9FF4CD4B8
:20F6000010FF49F5340ADA2C4044405502F46DFFDD2D4022910020FAD9FF70D614FF530F34
:20F620002CF0910020FAD9FF4CD410FF49F4080A8204DA2C4044024402F56DFFE32D402282
:20F64000910020FAD9FF70D614FF530F2CF0910020FAD9FF4CD410FF49F4340A8204DA2C97
:20F660004044024402F56DFFCD2D4022910020FAD9FF70D614FF530F2CF0910020FAD9FF24
:20F680004CD410FFDA006CF1910020FAD9FF0CD59100202AD92270D6142F530F2CF0910032
:20F6A000202AD9224CD41022092F201989FF2819910020FAD9FF0CD59100202AD92270D6F9
:20F6C000142F530F2CF09100202AD9224CD41022092F241989FF2C19910020FAD9FF0CD59B
:20F6E00049F4301A910020FAD9FF70D614FF530F2CF0910020FAD9FF4CD410FF49F5281AF7
:20F70000DA2C4044405502F46DFF602D4022910020FAD9FF0CD549F41C2A910020FAD9FF0F
:20F7200070D614FF530F2CF0910020FAD9FF4CD410FF49F5142ADA2C4044405502F46DFF43
:20F74000452D4022910020FAD9FF70D614FF530F2CF0910020FAD9FF4CD410FF49F4281A4A
:20F760008204DA2C4044024402F56DFF4B2D4022910020FAD9FF70D614FF530F2CF091000B
:20F7800020FAD9FF4CD410FF49F4142A8204DA2C4044024402F56DFF352D4022910020FAA5
:20F7A000D9FF70D614FF530F2CF0910020FAD9FF4CD410FFDA0089FF2419910020FAD9FFC6
:20F7C000A87109FFC008DF6F2180910020CAD9CC40A5910020FAD9FF0CD5482F02F46DFF0F
:20F7E0001BFE022289C2A808910020FAD9FF40A59100202AD9220CD50924281902446DFF92
:20F800000BFE022289F2AA08910020CAD9CC40A5910020FAD9FF0CD5482F02F46DFFFCFD53
:20F82000022289C2A408910020FAD9FF40A59100202AD9220CD50924281902446DFFECFD85
:20F84000022289F2A608910020FAD9FFB2719100202AD9229C71D422092FC008B4FF009099
:20F86000910020FAD9FFA471DA409B0F40FA74FF910020FAD9FFA071DA089B0F40FA74FFB2
:20F88000910020FAD9FFB8719100202AD922A071D422092FC00834FF910020FAD9FF40A544
:20F8A0009100202AD92240A5092FD408C21FACFA910020FAD9FF40A59100202AD922B8718B
:20F8C000142FACFD910020FAD9FFA871DA00B4FF910020FAD9FFB4719100202AD922A47180
:0AF8E000D422092FC008B4FF0090E5
:20F8EC004044910020FAD9FFAC819100202AD92270D6142F9100202AD9226ED61420420FCA
:20F90C00C2FF160F34FF910020FAD9FF71D614FFDF1F6082910020FAD9FF79D614FFDF1F22
:20F92C005982910020FAD9FF9481094FC008B4FF910020FAD9FF9681094FC208B4FF910075
:20F94C0020FAD9FF9881094FC408B4FF910020FAD9FF9A81094FC608B4FF910020FAD9FFBF
:20F96C0040A59100202AD9229481092FC00889FFA618910020FAD9FF40A59100202AD92227
:20F98C009681092FC00889FFA818910020FAD9FF40A59100202AD9229881092FC00889FF1D
:20F9AC00AA18910020FAD9FF40A59100202AD9229A81092FC00889FFAC18910020FAD9FF51
:20F9CC009C819100202AD92294810924C00802446DFF429A022274F2910020FAD9FFA08162
:20F9EC009100202AD92296810924C00802446DFF339A022274F2910020FAD9FFA4819100D7
:20FA0C00202AD92298810924C00802446DFF249A022274F2910020FAD9FFA8819100202A06
:20FA2C00D9229A810924C00802446DFF159A022274F2910020FAD9FFAC8114FF530F2CF083
:20FA4C00910020FAD9FF4CD410FF9100202AD9229C81542F6CF5910020FAD9FFAC8114FF4E
:20FA6C00530F2CF0910020FAD9FF4CD410FF9100202AD922A081542F89FF0019910020FA84
:20FA8C00D9FFAC8114FF530F2CF0910020FAD9FF4CD410FF9100202AD922A481542F89FF0C
:20FAAC003419910020FAD9FFAC8114FF530F2CF0910020FAD9FF4CD410FF9100202AD92224
:20FACC00A881542F89FF2029910020FAD9FFBC719100202AD9229481092FC0089100202A27
:20FAEC00D92242D69424E2F43B803E50024402556DFFCA2B022F9100202AD92246D694203B
:20FB0C00420FB4FF910020FAD9FFBE719100202AD9229681092FC0089100202AD92242D648
:20FB2C009424E2F43B803E50024402556DFFAC2B022F9100202AD92246D69420420FB4FF27
:20FB4C00910020FAD9FF80819100202AD9229881092FC0089100202AD92244D69424E2F4A8
:20FB6C003B803E50024402556DFF8E2B022F9100202AD92248D69420420FB4FF910020FAE6
:20FB8C00D9FF82819100202AD9229A81092FC0089100202AD92244D69424E2F43B803E50C6
:20FBAC00024402556DFF702B022F9100202AD92248D69420420FB4FF910020FAD9FF40A550
:20FBCC009100202AD922BC71092FC00889FFAE18910020FAD9FF40A59100202AD922BE715B
:20FBEC00092FC00889FFB018910020FAD9FF40A59100202AD9228081092FC00889FFB21818
:20FC0C00910020FAD9FF40A59100202AD9228281092FC00889FFB418910020FAD9FF8481BB
:20FC2C009100202AD922BC710924C00802446DFF1399022274F2910020FAD9FF88819100BB
:20FC4C00202AD922BE710924C00802446DFF0499022274F2910020FAD9FF8C819100202AEB
:20FC6C00D92280810924C00802446DFFF598022274F2910020FAD9FF90819100202AD92254
:20FC8C0082810924C00802446DFFE698022274F2910020FAD9FFAC8114FF530F2CF09100D4
:20FCAC0020FAD9FF4CD410FF9100202AD9228481542F6CF4910020FAD9FFAC8114FF530F34
:20FCCC002CF0910020FAD9FF4CD410FF9100202AD9228881542F6CFF910020FAD9FFAC81CD
:20FCEC0014FF530F2CF0910020FAD9FF4CD410FF9100202AD9228C81542F89FF30199100ED
:20FD0C0020FAD9FFAC8114FF530F2CF0910020FAD9FF4CD410FF9100202AD9229081542F0B
:20FD2C0089FF1C29910020FAD9FFD8E614FFDF5F1F80910020FAD9FF988109FFC00876F8DF
:20FD4C00910020FAD9FF9A8109FFC008F6F8910020FAD9FFAD81DA0034FF3C07910020FA8F
:20FD6C00D9FFAD81DA0134FF00003C2B910020FAD9FF948109FFC008DF0F1700910020FAE4
:20FD8C00D9FF968109FFC00876FF910020FAD9FF988109FFC00876F8910020FAD9FF9A81AB
:20FDAC0009FFC008F6F8910020FAD9FFAD81DA0034FF3C07910020FAD9FFAD81DA0134FFB9
:20FDCC00910020FAD9FFAC8114F402446D000A01910020FAD9FF71D614FFDF1F8280910033
:20FDEC0020FAD9FF79D614FFDF1F7B80910020FAD9FFAD8114FFDF1F7480910020FAD9FF71
:20FE0C00AC8114FF530F2CF0910020FAD9FF4CD410FF9100202AD922AC81142F530F2CF0A2
:20FE2C009100202AD9224CD410224C2196026CF1910020FAD9FFAC8114FF530F2CF091005A
:20FE4C0020FAD9FF4CD410FF9100202AD922AC81142F530F2CF09100202AD9224CD4102289
:20FE6C00092F2419960289FF2419910020FAD9FFAC8114FF530F2CF0910020FAD9FF4CD4C0
:20FE8C0010FF9100202AD922AC81142F530F2CF09100202AD9224CD410224C2196016CF1FA
:20FEAC00910020FAD9FFAC8114FF530F2CF0910020FAD9FF4CD410FF9100202AD922AC8140
:20FECC00142F530F2CF09100202AD9224CD41022092F2419960189FF24191D00820091002C
:20FEEC0020FAD9FFAC8114FF530F2CF0910020FAD9FF4CD410FF9100202AD922AC81142F4E
:20FF0C00530F2CF09100202AD9224CD410224C21BBD0FF0F9BF0FF0F260F6CF1910020FA53
:20FF2C00D9FFAC8114FF530F2CF0910020FAD9FF4CD410FF9100202AD922AC81142F530FC5
:20FF4C002CF09100202AD9224CD41022092F2419BBD0FF0F9BF0FF0F260F89FF241991001F
:20FF6C0020FAD9FFAC8114FF530F2CF0910020FAD9FF4CD410FF9100202AD922AC81142FCD
:20FF8C00530F2CF09100202AD9224CD410224C21BBE0FF0F9BF0FF0F260F6CF1910020FAC3
:20FFAC00D9FFAC8114FF530F2CF0910020FAD9FF4CD410FF9100202AD922AC81142F530F45
:20FFCC002CF09100202AD9224CD41022092F2419BBE0FF0F9BF0FF0F260F89FF2419009090
:20FFEC000244910020FAD9FF948109FFC008910020FAD9FF769509F0C0085F0F148053049F
:02000004A00A50
:20000C002CF0910020FAD9FF4CD410FF53042CF09100202AD9224CD410224C2296206CF2E9
:20002C003C4C910020FAD9FFBC7109FFC008910020FAD9FF749509F0C008910020FAD9FFDC
:20004C004AD694F142107F0F140053042CF0910020FAD9FF4CD410FF53042CF09100202A88
:20006C00D9224CD410224C2296016CF23C26910020FAD9FFBC7109FFC008910020FAD9FF5F
:20008C00749509F0C008910020FAD9FF4CD694F142107FF0130053042CF0910020FAD9FF96
:2000AC004CD410FF53042CF09100202AD9224CD410224C2296026CF2910020FAD9FF96816C
:2000CC0009FFC008910020FAD9FF769509F0C0085F0F148053042CF0910020FAD9FF4CD4DD
:2000EC0010FF53042CF09100202AD9224CD410224C2D96206CFD3C4C910020FAD9FFBE7178
:20010C0009FFC008910020FAD9FF749509F0C008910020FAD9FF4AD694F142107F0F14009A
:20012C0053042CF0910020FAD9FF4CD410FF53042CF09100202AD9224CD410224C2D9601E3
:20014C006CFD3C26910020FAD9FFBE7109FFC008910020FAD9FF749509F0C008910020FA4E
:20016C00D9FF4CD694F142107FF0130053042CF0910020FAD9FF4CD410FF53042CF09100F7
:20018C00202AD9224CD410224C2D96026CFD910020FAD9FF988109FFC008910020FAD9FF53
:2001AC00789509F0C0085F0F168053042CF0910020FAD9FF4CD410FF53042CF09100202AEE
:2001CC00D9224CD41022092F2819962089FF28193C50910020FAD9FF808109FFC00891005D
:2001EC0020FAD9FF749509F0C008910020FAD9FF4AD694F142107F0F160053042CF0910015
:20020C0020FAD9FF4CD410FF53042CF09100202AD9224CD41022092F2819960189FF28193D
:20022C003C28910020FAD9FF808109FFC008910020FAD9FF749509F0C008910020FAD9FF2A
:20024C004CD694F142107FF0150053042CF0910020FAD9FF4CD410FF53042CF09100202AA2
:20026C00D9224CD41022092F2819960289FF2819910020FAD9FF9A8109FFC008910020FA32
:20028C00D9FF789509F0C0085F0F168053042CF0910020FAD9FF4CD410FF53042CF091007F
:2002AC00202AD9224CD41022092F1429962089FF14293C50910020FAD9FF828109FFC008C9
:2002CC00910020FAD9FF749509F0C008910020FAD9FF4AD694F142107F0F160053042CF034
:2002EC00910020FAD9FF4CD410FF53042CF09100202AD9224CD41022092F1429960189FF11
:20030C0014293C28910020FAD9FF828109FFC008910020FAD9FF749509F0C008910020FAE2
:20032C00D9FF4CD694F142107FF0150053042CF0910020FAD9FF4CD410FF53042CF0910033
:20034C00202AD9224CD41022092F1429960289FF1429009002000000000000A200000000F4
:20036C008000000001000000800000A2080008A05C02000002000000DC0200A2000000003E
:14038C009C21000000000000000000000000000000000000A0
:02000004A00F4B
:0C006000918000EAD9EE0CB50000DC0E27
:0C008000918000EAD9EEA0C30000DC0E65
:0C00C000919000EAD9EE7C3C0000DC0EC0
:0C012000919000EAD9EE543C0000DC0E87
:0C014000919000EAD9EE780C0000DC0E73
:0C016000919000EAD9EE601C0000DC0E5B
:0C018000919000EAD9EE482C0000DC0E43
:0C01A000919000EAD9EE702C0000DC0EFB
:0C026000918000EAD9EED8920000DC0E7C
:0C028000918000EAD9EEE4920000DC0E50
:0C02A000918000EAD9EEF0720000DC0E44
:0C02C000918000EAD9EE00030000DC0E83
:0C02E000918000EAD9EE2C030000DC0E37
:0C030000918000EAD9EEF8E20000DC0E6B
:142000000D00000202F400A06DFCC6980D0040020000008091
:182020000D00000202FF00A08F0F41416DFCB4980D0040020000008054
:182040000D00000202FF00A08F0F42416DFCA4980D0040020000008043
:182060000D00000202FF00A08F0F43416DFC94980D0040020000008032
:182080000D00000202FF00A08F0F44416DFC84980D0040020000008021
:1820A0000D00000202FF00A08F0F45416DFC74980D0040020000008010
:0E20C00002FF00A08F0F46416DFC6698008065
:0C20E000919000EAD9EED4BD0000DC0EA7
:04000005A00800004F
:00000001FF
